-0.34490635991096497,-2.518612861633301,0.0,-0.6466996073722839,1.6772143840789795,-1.4119296073913574,0.0,0.5061454772949219
-0.3448629379272461,-2.5186052322387695,0.00043417647248134017,-0.6466134190559387,1.677253007888794,-1.4119081497192383,0.00043417647248134017,0.5061748623847961
-0.34489062428474426,-2.5186500549316406,0.0005353479064069688,-0.6466693878173828,1.6772605180740356,-1.411903977394104,0.0005353479064069688,0.5061805844306946
-0.34487712383270264,-2.5185985565185547,0.0005325782694853842,-0.6465886831283569,1.6772609949111938,-1.411903738975525,0.0005325782694853842,0.506181001663208
-0.3449097275733948,-2.5186381340026855,0.0005131289944984019,-0.6469014286994934,1.6772593259811401,-1.4119046926498413,0.0005131289944984019,0.506179690361023
-0.34490275382995605,-2.5185821056365967,0.000564415124244988,-0.6464762091636658,1.677263855934143,-1.4119021892547607,0.000564415124244988,0.5061831474304199
-0.34485337138175964,-2.518613338470459,0.0005842408863827586,-0.646388828754425,1.6772655248641968,-1.4119012355804443,0.0005842408863827586,0.506184458732605
-0.3449173867702484,-2.518665313720703,0.0008253508131019771,-0.646913468837738,1.6772865056991577,-1.4118895530700684,0.0008253508131019771,0.5062004327774048
-0.34490206837654114,-2.518625259399414,0.0004290971264708787,-0.6471673250198364,1.677251935005188,-1.411908745765686,0.0004290971264708787,0.5061740875244141
-0.34482941031455994,-2.518538475036621,0.0011322073405608535,-0.6466330885887146,1.6773134469985962,-1.4118746519088745,0.0011322073405608535,0.5062209367752075
-0.34488818049430847,-2.518592596054077,0.0007985788397490978,-0.6472249031066895,1.6772843599319458,-1.4118908643722534,0.0007985788397490978,0.5061987638473511
-0.3449477255344391,-2.518641471862793,0.0007685793680138886,-0.6468332409858704,1.6772818565368652,-1.4118921756744385,0.0007685793680138886,0.5061968564987183
-0.3448706865310669,-2.5185253620147705,0.0013949091080576181,-0.6466104388237,1.67733633518219,-1.4118620157241821,0.0013949091080576181,0.5062384009361267
-0.34494587779045105,-2.518686056137085,0.0017738033784553409,-0.6471554636955261,1.6773695945739746,-1.4118435382843018,0.0017738033784553409,0.5062637329101562
-0.34485119581222534,-2.518536329269409,0.0017742537893354893,-0.6463862061500549,1.6773693561553955,-1.4118436574935913,0.0017742537893354893,0.5062636137008667
-0.34483638405799866,-2.5185580253601074,0.0002623840991873294,-0.6465023159980774,1.6772373914718628,-1.4119168519973755,0.0002623840991873294,0.5061630010604858
-0.34485602378845215,-2.5185611248016357,0.00019716593669727445,-0.6466802358627319,1.677231788635254,-1.4119199514389038,0.00019716593669727445,0.506158709526062
-0.3448849022388458,-2.518623113632202,0.0006890505319461226,-0.6467078328132629,1.677274227142334,-1.4118963479995728,0.0006890505319461226,0.506191074848175
-0.3448818325996399,-2.518636703491211,0.00013944075908511877,-0.6473287343978882,1.6772266626358032,-1.411922812461853,0.00013944075908511877,0.5061547756195068
-0.3448992967605591,-2.518653392791748,0.00023819334455765784,-0.6471075415611267,1.6772356033325195,-1.411917805671692,0.00023819334455765784,0.5061615705490112
-0.34483352303504944,-2.5186192989349365,0.0007511092117056251,-0.6465489864349365,1.6772792339324951,-1.411893606185913,0.0007511092117056251,0.5061948895454407
-0.344923734664917,-2.518723487854004,0.001380113884806633,-0.6471256017684937,1.6773350238800049,-1.4118627309799194,0.001380113884806633,0.5062373876571655
-0.34485483169555664,-2.5186233520507812,0.001217072713188827,-0.6466960906982422,1.6773207187652588,-1.4118705987930298,0.001217072713188827,0.5062265396118164
-0.34487417340278625,-2.518585205078125,0.00042427764856256545,-0.6467486023902893,1.6772518157958984,-1.4119088649749756,0.00042427764856256545,0.5061739683151245
-0.34483611583709717,-2.5185375213623047,0.0006146214436739683,-0.6464561223983765,1.6772677898406982,-1.4118999242782593,0.0006146214436739683,0.5061861276626587
-0.34483984112739563,-2.518637180328369,0.0009874295210465789,-0.647040605545044,1.6773016452789307,-1.4118812084197998,0.0009874295210465789,0.5062119960784912
-0.344815194606781,-2.518594741821289,0.0004959646030329168,-0.6468440890312195,1.6772572994232178,-1.4119057655334473,0.0004959646030329168,0.5061782002449036
-0.34485575556755066,-2.5185983180999756,0.0004070573777426034,-0.6467575430870056,1.6772500276565552,-1.411909818649292,0.0004070573777426034,0.5061726570129395
-0.344928503036499,-2.518666982650757,0.001002394943498075,-0.6472092270851135,1.6773018836975098,-1.4118810892105103,0.001002394943498075,0.5062121748924255
-0.34494704008102417,-2.518662452697754,0.00019081353093497455,-0.6472387313842773,1.6772310733795166,-1.4119203090667725,0.00019081353093497455,0.5061582326889038
-0.34487074613571167,-2.5185375213623047,0.0014590797945857048,-0.6465499997138977,1.677342414855957,-1.4118585586547852,0.0014590797945857048,0.5062430500984192
-0.34483668208122253,-2.5184810161590576,0.0006618459592573345,-0.6464096903800964,1.677272081375122,-1.4118975400924683,0.0006618459592573345,0.5061894655227661
-0.34487271308898926,-2.5185158252716064,0.0005028762388974428,-0.6465560793876648,1.6772582530975342,-1.411905288696289,0.0005028762388974428,0.5061788558959961
-0.34486329555511475,-2.5185344219207764,0.00020818189659621567,-0.6462907195091248,1.6772326231002808,-1.4119194746017456,0.00020818189659621567,0.5061593651771545
-0.34492528438568115,-2.518571615219116,0.0007180396933108568,-0.6466923952102661,1.677277684211731,-1.4118945598602295,0.0007180396933108568,0.5061936974525452
-0.34494438767433167,-2.5186142921447754,0.0004622209526132792,-0.6471108198165894,1.6772552728652954,-1.4119068384170532,0.0004622209526132792,0.5061766505241394
-0.34488430619239807,-2.5185391902923584,0.000978686148300767,-0.6464670896530151,1.6772985458374023,-1.4118828773498535,0.000978686148300767,0.5062096118927002
-0.3447909355163574,-2.5184929370880127,0.0010428890818729997,-0.6465739011764526,1.6773055791854858,-1.411879062652588,0.0010428890818729997,0.50621497631073
-0.34487244486808777,-2.5186727046966553,0.0019743479788303375,-0.6472020745277405,1.6773871183395386,-1.4118338823318481,0.0019743479788303375,0.5062770843505859
-0.34488245844841003,-2.518571615219116,0.0010170119348913431,-0.6467838883399963,1.6773033142089844,-1.4118802547454834,0.0010170119348913431,0.5062131881713867
-0.34482142329216003,-2.5185060501098633,0.000887834932655096,-0.6464507579803467,1.677292823791504,-1.4118860960006714,0.000887834932655096,0.5062052011489868
-0.34491467475891113,-2.518571615219116,0.0011496435618028045,-0.6467388272285461,1.6773141622543335,-1.4118742942810059,0.0011496435618028045,0.5062214732170105
-0.3449254631996155,-2.5186715126037598,0.0009990667458623648,-0.6473819017410278,1.677302360534668,-1.4118808507919312,0.0009990667458623648,0.5062124729156494
-0.34490150213241577,-2.518660545349121,0.0002656449214555323,-0.6466493606567383,1.6772375106811523,-1.411916732788086,0.0002656449214555323,0.5061630606651306
-0.34487929940223694,-2.518617630004883,0.00047765529598109424,-0.6466701030731201,1.67725670337677,-1.411906123161316,0.00047765529598109424,0.5061777234077454
-0.34491902589797974,-2.5186362266540527,0.00043658126378431916,-0.6468676924705505,1.6772527694702148,-1.4119082689285278,0.00043658126378431916,0.5061747431755066
-0.3448757827281952,-2.5186150074005127,0.0004883136134594679,-0.6464452147483826,1.6772565841674805,-1.4119062423706055,0.0004883136134594679,0.5061776041984558
-0.3448579013347626,-2.518681287765503,0.0006793999928049743,-0.647280752658844,1.677274465560913,-1.4118962287902832,0.0006793999928049743,0.5061912536621094
-0.34491562843322754,-2.5186572074890137,0.0006326045840978622,-0.6472030282020569,1.6772691011428833,-1.411899209022522,0.0006326045840978622,0.5061872005462646
-0.3448691666126251,-2.518608570098877,0.0006739890086464584,-0.6464824676513672,1.6772732734680176,-1.4118969440460205,0.0006739890086464584,0.506190299987793
-0.3448890149593353,-2.5186564922332764,0.0005180931184440851,-0.647197425365448,1.6772598028182983,-1.4119044542312622,0.0005180931184440851,0.5061800479888916
-0.3449230492115021,-2.518664836883545,0.0003511602117214352,-0.6467922925949097,1.677245020866394,-1.4119125604629517,0.0003511602117214352,0.5061688423156738
-0.3448532521724701,-2.518636465072632,0.000752318068407476,-0.6467188596725464,1.677280306816101,-1.4118930101394653,0.000752318068407476,0.5061957240104675
-0.3448559045791626,-2.5185694694519043,0.0006698109791614115,-0.6463872790336609,1.6772730350494385,-1.41189706325531,0.0006698109791614115,0.5061901807785034
-0.34492483735084534,-2.5186092853546143,0.0007973940228112042,-0.6472311019897461,1.6772840023040771,-1.411890983581543,0.0007973940228112042,0.506198525428772
-0.3448924422264099,-2.518507480621338,0.0010686051100492477,-0.6465200185775757,1.6773078441619873,-1.4118777513504028,0.0010686051100492477,0.5062167048454285
-0.34488630294799805,-2.5186288356781006,0.001214773510582745,-0.6468460559844971,1.6773207187652588,-1.4118705987930298,0.001214773510582745,0.5062264800071716
-0.3448481559753418,-2.5184929370880127,0.0014086805749684572,-0.6464572548866272,1.677337884902954,-1.4118611812591553,0.0014086805749684572,0.5062395930290222
-0.3448770046234131,-2.5185739994049072,0.0008642126922495663,-0.6466888189315796,1.6772897243499756,-1.4118878841400146,0.0008642126922495663,0.5062028169631958
-0.3448996841907501,-2.51857328414917,0.00022692217316944152,-0.6467103958129883,1.6772342920303345,-1.4119185209274292,0.00022692217316944152,0.5061606168746948
-0.3448408544063568,-2.518503189086914,0.0009144152863882482,-0.6463814973831177,1.6772944927215576,-1.411885142326355,0.0009144152863882482,0.5062065124511719
-0.3448535203933716,-2.51851224899292,0.0001558327057864517,-0.6463387608528137,1.6772280931472778,-1.4119219779968262,0.0001558327057864517,0.5061558485031128
-0.34493905305862427,-2.5186879634857178,0.0019543017260730267,-0.6476322412490845,1.6773853302001953,-1.4118348360061646,0.0019543017260730267,0.5062757730484009
-0.3448927700519562,-2.51859188079834,0.0010643512941896915,-0.6472061276435852,1.6773077249526978,-1.4118778705596924,0.0010643512941896915,0.5062165856361389
-0.3448667526245117,-2.5185601711273193,0.00041130685713142157,-0.6466225981712341,1.6772502660751343,-1.4119096994400024,0.00041130685713142157,0.5061728358268738
-0.3448563516139984,-2.5186150074005127,0.0005578780546784401,-0.6470656394958496,1.6772632598876953,-1.4119025468826294,0.0005578780546784401,0.5061826705932617
-0.34492528438568115,-2.5186941623687744,0.0010510169668123126,-0.6473299264907837,1.6773061752319336,-1.4118787050247192,0.0010510169668123126,0.5062154531478882
-0.3448159396648407,-2.5186612606048584,0.0011419227812439203,-0.6470475196838379,1.677314281463623,-1.4118741750717163,0.0011419227812439203,0.5062215924263
-0.34482601284980774,-2.5186076164245605,0.0005454629426822066,-0.6466338038444519,1.6772621870040894,-1.4119031429290771,0.0005454629426822066,0.5061818957328796
-0.34485411643981934,-2.518561601638794,0.0005320309428498149,-0.6467264294624329,1.6772615909576416,-1.4119033813476562,0.0005320309428498149,0.5061814188957214
-0.34488219022750854,-2.5187082290649414,0.001500799204222858,-0.6472517848014832,1.6773450374603271,-1.4118571281433105,0.001500799204222858,0.5062450170516968
-0.34484243392944336,-2.5186264514923096,0.0009168483084067702,-0.6467792987823486,1.6772940158843994,-1.4118854999542236,0.0009168483084067702,0.5062060952186584
-0.3448590040206909,-2.518649101257324,0.0002809475699905306,-0.6467201709747314,1.677238941192627,-1.411915898323059,0.0002809475699905306,0.5061641931533813
-0.34487834572792053,-2.5185928344726562,0.0005925835575908422,-0.6467427611351013,1.6772664785385132,-1.4119007587432861,0.0005925835575908422,0.5061851739883423
-0.3448884189128876,-2.518616199493408,0.0002564757305663079,-0.6472004055976868,1.6772366762161255,-1.4119172096252441,0.0002564757305663079,0.5061624646186829
-0.34489375352859497,-2.5185887813568115,0.0002785507240332663,-0.6465262770652771,1.6772388219833374,-1.4119160175323486,0.0002785507240332663,0.5061641335487366
-0.3448738157749176,-2.518650770187378,0.000650316767860204,-0.6472744941711426,1.6772713661193848,-1.4118980169296265,0.000650316767860204,0.5061888694763184
-0.34490808844566345,-2.518564224243164,0.0009324158891104162,-0.6466960906982422,1.6772958040237427,-1.4118844270706177,0.0009324158891104162,0.5062075257301331
-0.3449399173259735,-2.518580436706543,0.00035699395812116563,-0.6466935873031616,1.6772456169128418,-1.411912202835083,0.00035699395812116563,0.506169319152832
-0.3448936343193054,-2.518523931503296,0.0007246105815283954,-0.6465469598770142,1.6772782802581787,-1.4118942022323608,0.0007246105815283954,0.5061941742897034
-0.3448287844657898,-2.5185136795043945,0.0006645941757597029,-0.6464629769325256,1.677271842956543,-1.4118977785110474,0.0006645941757597029,0.506189227104187
-0.3448578417301178,-2.51857590675354,0.0006848815828561783,-0.6470718383789062,1.677274465560913,-1.4118962287902832,0.0006848815828561783,0.5061912536621094
-0.34487447142601013,-2.518474578857422,0.0010301708243787289,-0.6461972594261169,1.6773042678833008,-1.4118797779083252,0.0010301708243787289,0.5062139630317688
-0.34487900137901306,-2.518587827682495,0.0011348343687132,-0.6465141773223877,1.6773135662078857,-1.4118746519088745,0.0011348343687132,0.5062210559844971
-0.34486836194992065,-2.5185184478759766,0.0006999765755608678,-0.6467926502227783,1.6772757768630981,-1.411895513534546,0.0006999765755608678,0.5061922669410706
-0.34491968154907227,-2.518568515777588,0.0007173169869929552,-0.6465191841125488,1.6772770881652832,-1.4118947982788086,0.0007173169869929552,0.5061932802200317
-0.3448582589626312,-2.5185658931732178,0.0006146571249701083,-0.6468701958656311,1.677268147468567,-1.4118998050689697,0.0006146571249701083,0.5061864852905273
-0.34492796659469604,-2.5186288356781006,0.0009407479083165526,-0.6470559239387512,1.67729651927948,-1.411884069442749,0.0009407479083165526,0.5062081217765808
-0.34482046961784363,-2.5185718536376953,0.0012188642285764217,-0.6466342806816101,1.6773208379745483,-1.4118705987930298,0.0012188642285764217,0.5062265992164612
-0.34485942125320435,-2.5186076164245605,0.0005210025701671839,-0.6464290618896484,1.6772606372833252,-1.411903977394104,0.0005210025701671839,0.5061807632446289
-0.3448356091976166,-2.518584966659546,0.00033360166708007455,-0.6467143893241882,1.6772432327270508,-1.4119136333465576,0.00033360166708007455,0.5061674118041992
-0.3448812663555145,-2.5186057090759277,0.0004999596858397126,-0.6465943455696106,1.6772582530975342,-1.411905288696289,0.0004999596858397126,0.5061789155006409
-0.344898521900177,-2.518726348876953,0.0012196135940030217,-0.6473108530044556,1.677320957183838,-1.4118704795837402,0.0012196135940030217,0.5062267184257507
-0.344856858253479,-2.5185859203338623,0.00146966683678329,-0.646623432636261,1.6773425340652466,-1.4118585586547852,0.00146966683678329,0.506243109703064
-0.3449356257915497,-2.518657922744751,0.0010641008848324418,-0.6470156311988831,1.6773077249526978,-1.4118778705596924,0.0010641008848324418,0.5062166452407837
-0.3448985517024994,-2.518646717071533,0.00038691010558977723,-0.6469457149505615,1.6772483587265015,-1.4119107723236084,0.00038691010558977723,0.5061712861061096
-0.34486573934555054,-2.518551826477051,0.000993289751932025,-0.6464727520942688,1.6773022413253784,-1.4118808507919312,0.000993289751932025,0.5062124133110046
-0.34487104415893555,-2.518577814102173,0.00026871502632275224,-0.6466059684753418,1.677237629890442,-1.411916732788086,0.00026871502632275224,0.5061631798744202
-0.3448190987110138,-2.5185461044311523,0.000607994559686631,-0.6462969779968262,1.6772676706314087,-1.4119000434875488,0.000607994559686631,0.5061860680580139
-0.3449266254901886,-2.518617630004883,0.0012926579220220447,-0.6469277739524841,1.6773273944854736,-1.4118669033050537,0.0012926579220220447,0.5062316060066223
-0.34498557448387146,-2.5186634063720703,0.0007472358993254602,-0.6471264362335205,1.6772797107696533,-1.411893367767334,0.0007472358993254602,0.5061952471733093
-0.3448534905910492,-2.5185604095458984,0.0016676257364451885,-0.6465158462524414,1.6773608922958374,-1.4118483066558838,0.0016676257364451885,0.5062571167945862
-0.34490087628364563,-2.51857590675354,0.0005014579510316253,-0.6463984847068787,1.677258014678955,-1.4119054079055786,0.0005014579510316253,0.5061787366867065
-0.34490883350372314,-2.518580675125122,9.199481428368017e-05,-0.6468942761421204,1.677222490310669,-1.4119250774383545,9.199481428368017e-05,0.5061516761779785
-0.3449009656906128,-2.518536329269409,0.00044884023373015225,-0.6464652419090271,1.6772538423538208,-1.41190767288208,0.00044884023373015225,0.5061755180358887
-0.34487998485565186,-2.5185673236846924,0.0003751534386537969,-0.6467676162719727,1.677247166633606,-1.4119113683700562,0.0003751534386537969,0.5061704516410828
-0.3448842763900757,-2.5186057090759277,0.0003896309353876859,-0.6468319892883301,1.677248239517212,-1.411910891532898,0.0003896309353876859,0.5061712265014648
-0.3448210060596466,-2.518489360809326,0.0013262460706755519,-0.6466149687767029,1.6773302555084229,-1.4118653535842896,0.0013262460706755519,0.5062337517738342
-0.34489330649375916,-2.518601655960083,0.0013251451309770346,-0.6469043493270874,1.6773312091827393,-1.4118647575378418,0.0013251451309770346,0.5062345266342163
-0.3448668420314789,-2.5185532569885254,0.0005569315399043262,-0.6466583609580994,1.6772626638412476,-1.4119027853012085,0.0005569315399043262,0.5061822533607483
-0.34496280550956726,-2.518673896789551,0.0015286235138773918,-0.6472949981689453,1.6773492097854614,-1.411854863166809,0.0015286235138773918,0.5062482357025146
-0.3449394702911377,-2.5186383724212646,0.0004219889233354479,-0.6469775438308716,1.6772515773773193,-1.4119089841842651,0.0004219889233354479,0.5061737895011902
-0.3448892831802368,-2.5186071395874023,0.0006003112648613751,-0.6466657519340515,1.6772661209106445,-1.4119008779525757,0.0006003112648613751,0.5061848759651184
-0.34482723474502563,-2.51857328414917,0.0007078495109453797,-0.6462336778640747,1.6772762537002563,-1.4118952751159668,0.0007078495109453797,0.5061926245689392
-0.34485986828804016,-2.5186469554901123,0.0008045417489483953,-0.647188663482666,1.6772849559783936,-1.4118905067443848,0.0008045417489483953,0.5061991810798645
-0.34488141536712646,-2.5186707973480225,0.00032159924739971757,-0.6471480131149292,1.6772425174713135,-1.4119139909744263,0.00032159924739971757,0.506166934967041
-0.34491679072380066,-2.5186285972595215,0.0005500218248926103,-0.6470800638198853,1.677262544631958,-1.411902904510498,0.0005500218248926103,0.5061821937561035
-0.34493884444236755,-2.5186898708343506,0.0006503184558823705,-0.6471239924430847,1.6772713661193848,-1.4118980169296265,0.0006503184558823705,0.5061888694763184
-0.34483835101127625,-2.5186049938201904,0.0013216600054875016,-0.6467649936676025,1.677329421043396,-1.4118658304214478,0.0013216600054875016,0.5062331557273865
-0.3448665142059326,-2.5185909271240234,0.0003146757371723652,-0.6467975378036499,1.6772419214248657,-1.411914348602295,0.0003146757371723652,0.5061664581298828
-0.34486666321754456,-2.5185952186584473,4.292057565180585e-05,-0.6468585133552551,1.6772181987762451,-1.4119274616241455,4.292057565180585e-05,0.5061483383178711
-0.34485411643981934,-2.5186049938201904,0.00015890743816271424,-0.646994411945343,1.677228331565857,-1.4119218587875366,0.00015890743816271424,0.5061560869216919
-0.34490451216697693,-2.5186495780944824,0.0006669230060651898,-0.6472413539886475,1.6772732734680176,-1.4118969440460205,0.0006669230060651898,0.5061903595924377
-0.34486693143844604,-2.518512725830078,0.0014320717891678214,-0.6465680599212646,1.6773386001586914,-1.411860704421997,0.0014320717891678214,0.5062400698661804
-0.34499087929725647,-2.5186455249786377,0.001818189979530871,-0.6471392512321472,1.6773732900619507,-1.4118415117263794,0.001818189979530871,0.5062665939331055
-0.3448661267757416,-2.518557548522949,0.001526655163615942,-0.6465530395507812,1.6773478984832764,-1.4118555784225464,0.001526655163615942,0.5062472224235535
-0.34487462043762207,-2.5185773372650146,0.00021582006593234837,-0.6468554735183716,1.6772332191467285,-1.411919116973877,0.00021582006593234837,0.5061598420143127
-0.3449012041091919,-2.5185701847076416,0.00027554668486118317,-0.6465452313423157,1.6772384643554688,-1.4119162559509277,0.00027554668486118317,0.5061638355255127
-0.34487101435661316,-2.5185601711273193,0.00031714525539427996,-0.6466423273086548,1.6772422790527344,-1.4119141101837158,0.00031714525539427996,0.5061666965484619
-0.34490111470222473,-2.518545389175415,0.0003350698680151254,-0.6464294195175171,1.677243709564209,-1.411913275718689,0.0003350698680151254,0.5061678290367126
-0.3448750674724579,-2.518575668334961,0.0003995021106675267,-0.6467110514640808,1.6772493124008179,-1.4119101762771606,0.0003995021106675267,0.5061721205711365
-0.3448827266693115,-2.518557071685791,0.0002019677631324157,-0.6468087434768677,1.677232027053833,-1.4119198322296143,0.0002019677631324157,0.5061588883399963
-0.34485167264938354,-2.5185160636901855,0.0005148519412614405,-0.6466291546821594,1.6772594451904297,-1.4119045734405518,0.0005148519412614405,0.5061797499656677
-0.3448912501335144,-2.5185630321502686,0.0006079330341890454,-0.6465247273445129,1.677268147468567,-1.4118998050689697,0.0006079330341890454,0.5061864256858826
-0.34483328461647034,-2.5185141563415527,0.0007582645630463958,-0.646563708782196,1.6772807836532593,-1.4118927717208862,0.0007582645630463958,0.5061960220336914
-0.34448596835136414,-2.519029140472412,0.0061796437948942184,-0.6478883624076843,1.6777576208114624,-1.411628246307373,0.0061796437948942184,0.5065596103668213
-0.320814847946167,-2.5385797023773193,0.3073010742664337,-0.6476078629493713,1.7039119005203247,-1.3967716693878174,0.3073010742664337,0.5266127586364746
-0.28227370977401733,-2.5706419944763184,0.5056471228599548,-0.6511603593826294,1.765090823173523,-1.3592168092727661,0.5056471228599548,0.5744746923446655
-0.23464080691337585,-2.609449625015259,0.61797034740448,-0.6515985131263733,1.796302080154419,-1.3384557962417603,0.61797034740448,0.5994656682014465
-0.17394062876701355,-2.648125648498535,0.7207401394844055,-0.5742302536964417,1.847470760345459,-1.3018927574157715,0.7207401394844055,0.6413950324058533
-0.09680391103029251,-2.67826247215271,0.8284140825271606,-0.49340763688087463,1.8768572807312012,-1.2793793678283691,0.8284140825271606,0.6660751700401306
-0.007809809874743223,-2.6994056701660156,0.9011241793632507,-0.36768054962158203,1.9240515232086182,-1.2407119274139404,0.9011241793632507,0.7067526578903198
0.08922916650772095,-2.7084574699401855,0.9868783950805664,-0.2071060985326767,1.9676762819290161,-1.2019686698913574,0.9868783950805664,0.74565190076828
0.19631065428256989,-2.7041425704956055,1.062270998954773,-0.05062035098671913,1.993747591972351,-1.1773072481155396,1.062270998954773,0.7695772647857666
0.3045138418674469,-2.684823989868164,1.1111199855804443,0.1158483624458313,2.032611608505249,-1.1382447481155396,1.1111199855804443,0.8063144087791443
0.42217350006103516,-2.6501989364624023,1.225920557975769,0.26934781670570374,2.0591793060302734,-1.1098123788833618,1.225920557975769,0.8322573304176331
0.5353842973709106,-2.5951833724975586,1.2498446702957153,0.4049834907054901,2.078758716583252,-1.0878785848617554,1.2498446702957153,0.8518585562705994
0.650435745716095,-2.528414726257324,1.338937520980835,0.5081338286399841,2.1004297733306885,-1.0625545978546143,1.338937520980835,0.8740795850753784
0.7639172077178955,-2.431303024291992,1.4866118431091309,0.7432807087898254,2.127248525619507,-1.02956223487854,1.4866118431091309,0.9024254679679871
0.8813354969024658,-2.35445237159729,1.4120749235153198,0.6949437856674194,2.1377997398376465,-1.0160412788391113,1.4120749235153198,0.9138594269752502
0.990475594997406,-2.249244213104248,1.502224326133728,0.7759062051773071,2.1446430683135986,-1.00709867477417,1.502224326133728,0.9213665127754211
1.1026766300201416,-2.1351988315582275,1.6218998432159424,0.8122917413711548,2.1496999263763428,-1.0003999471664429,1.6218998432159424,0.9269618988037109
1.2110682725906372,-2.0126729011535645,1.6368356943130493,0.8700599074363708,2.1518592834472656,-0.9975154399871826,1.6368356943130493,0.9293640851974487
1.3234905004501343,-1.8837201595306396,1.7045198678970337,0.9009803533554077,2.14058256149292,-1.0124216079711914,1.7045198678970337,0.9169032573699951
1.4343611001968384,-1.7473262548446655,1.739845633506775,0.9265770316123962,2.1434319019317627,-1.0086915493011475,1.739845633506775,0.9200323820114136
1.5489598512649536,-1.6087344884872437,1.8199321031570435,0.9223347902297974,2.113560676574707,-1.0466396808624268,1.8199321031570435,0.8878347277641296
1.6662235260009766,-1.4661338329315186,1.8471759557724,0.9317068457603455,2.065629243850708,-1.102682113647461,1.8471759557724,0.838667094707489
1.6662235260009766,-1.4661338329315186,0.0,0.9317068457603455,1.9340885877609253,-1.2320643663406372,0.0,0.7155849933624268
1.9064552783966064,-1.1735349893569946,3.8507556915283203,0.9225674867630005,2.2002623081207275,-0.9287606477737427,3.8507556915283203,0.98542720079422
2.0325210094451904,-1.022965669631958,1.9336203336715698,0.9085455536842346,2.215101480484009,-0.9059267640113831,1.9336203336715698,1.003582239151001
2.1617138385772705,-0.8713940978050232,2.0143425464630127,0.9051299691200256,2.3161051273345947,-0.7194812893867493,2.0143425464630127,1.145064353942871
2.293332815170288,-0.7178763747215271,2.0277538299560547,0.9106015563011169,2.382328510284424,-0.5454604625701904,2.0277538299560547,1.2692745923995972
2.4179680347442627,-0.5548514723777771,2.0410728454589844,0.9552488327026367,2.448159694671631,-0.025720298290252686,2.0410728454589844,1.6203364133834839
2.5322115421295166,-0.3816168010234833,2.098066568374634,1.030855417251587,2.368903875350952,0.38653069734573364,2.098066568374634,1.9011248350143433
2.62949275970459,-0.1964809000492096,2.081808090209961,1.1475337743759155,2.22223162651062,0.6946236491203308,2.081808090209961,2.129101037979126
2.6966168880462646,0.000786908611189574,2.066744565963745,1.2952896356582642,2.065429210662842,0.902904748916626,2.066744565963745,2.3031251430511475
2.731865406036377,0.2055693119764328,2.0919759273529053,1.4604190587997437,1.8747884035110474,1.0810022354125977,2.0919759273529053,2.4772703647613525
2.7319631576538086,0.4119187891483307,2.08038592338562,1.6325569152832031,1.702674388885498,1.1974903345108032,2.08038592338562,2.615933895111084
2.695317029953003,0.6136109828948975,2.0516281127929688,1.8025418519973755,1.516028881072998,1.2891044616699219,2.0516281127929688,2.7546567916870117
2.625420570373535,0.8063284158706665,2.0508899688720703,1.9764102697372437,1.3677204847335815,1.3406628370285034,2.0508899688720703,2.8593811988830566
2.5252292156219482,0.9836300015449524,2.0298633575439453,2.149195909500122,1.1903661489486694,1.3806160688400269,2.0298633575439453,2.980654716491699
2.397087574005127,1.1430426836013794,2.027200698852539,2.3079819679260254,1.0334059000015259,1.397679328918457,2.027200698852539,3.0859601497650146
2.244560956954956,1.2777167558670044,2.0437467098236084,2.469294309616089,0.9036135077476501,1.3992825746536255,2.0437467098236084,3.1725218296051025
2.070981502532959,1.3848239183425903,2.0262999534606934,2.6314923763275146,0.7726307511329651,1.3894764184951782,2.0262999534606934,3.2601161003112793
1.8817270994186401,1.4667357206344604,2.0891306400299072,2.775357484817505,0.6412821412086487,1.3678873777389526,2.0891306400299072,3.348886013031006
1.6804983615875244,1.5256469249725342,2.1028871536254883,2.8983612060546875,0.536317765712738,1.341827630996704,2.1028871536254883,3.421002149581909
1.47311532497406,1.5638785362243652,2.109135389328003,3.006004810333252,0.4111057221889496,1.2998546361923218,2.109135389328003,3.509070634841919
1.2607576847076416,1.5829099416732788,2.130509614944458,3.103456974029541,0.2890576124191284,1.2465344667434692,2.130509614944458,3.597891092300415
1.0447601079940796,1.5832078456878662,2.158621311187744,-3.087898015975952,0.14956699311733246,1.1685845851898193,2.158621311187744,-2.5787150859832764
0.8257659673690796,1.566536784172058,2.19270396232605,-3.0181386470794678,0.018500691279768944,1.0757163763046265,2.19270396232605,-2.4715752601623535
0.6068807244300842,1.5327904224395752,2.191160202026367,-2.9320709705352783,-0.13733293116092682,0.9332991242408752,2.191160202026367,-2.3307199478149414
0.3970834016799927,1.4712351560592651,2.215031862258911,-2.784963846206665,-0.25346839427948,0.795356810092926,2.215031862258911,-2.2104337215423584
0.20263980329036713,1.3767410516738892,2.164849281311035,-2.621673583984375,-0.35239940881729126,0.6441476941108704,2.164849281311035,-2.089895725250244
0.029791735112667084,1.2528033256530762,2.126962423324585,-2.4531219005584717,-0.42163702845573425,0.5071341395378113,2.126962423324585,-1.9875084161758423
-0.11867840588092804,1.101245641708374,2.1203575134277344,-2.285142421722412,-0.4691621959209442,0.3857763707637787,2.1203575134277344,-1.9005932807922363
-0.23946769535541534,0.9277874827384949,2.1097002029418945,-2.1196839809417725,-0.4993875026702881,0.2863623797893524,2.1097002029418945,-1.8313078880310059
-0.32830697298049927,0.7388131022453308,2.0610086917877197,-1.950195074081421,-0.5052924156188965,0.2634887099266052,2.0610086917877197,-1.815558671951294
-0.38643714785575867,0.5378098487854004,2.0907034873962402,-1.7913612127304077,-0.47652313113212585,0.36371511220932007,2.0907034873962402,-1.885088562965393
-0.4135425090789795,0.32790085673332214,2.1503207683563232,-1.6511425971984863,-0.5318769812583923,0.1324663907289505,2.1503207683563232,-1.7264010906219482
-0.4188483953475952,0.11543979495763779,2.1076772212982178,-1.5428192615509033,-0.5498222708702087,-0.07690876722335815,2.1076772212982178,-1.5861910581588745
-0.4088457226753235,-0.099197156727314,2.174776792526245,-1.4628878831863403,-0.5346366167068481,-0.3141358196735382,2.174776792526245,-1.4275497198104858
-0.38080599904060364,-0.31395941972732544,2.165247917175293,-1.3854212760925293,-0.48235172033309937,-0.5453857779502869,2.165247917175293,-1.2693266868591309
-0.33444517850875854,-0.5285226702690125,2.1902198791503906,-1.3021007776260376,-0.39374402165412903,-0.7665973901748657,2.1902198791503906,-1.1102938652038574
-0.2673836052417755,-0.738063395023346,2.205132007598877,-1.2073194980621338,-0.257282018661499,-0.9902079105377197,2.205132007598877,-0.9354305267333984
-0.17852000892162323,-0.9409790635108948,2.2094902992248535,-1.0964757204055786,-0.10208303481340408,-1.169168472290039,2.2094902992248535,-0.7773439288139343
-0.0655331090092659,-1.1323237419128418,2.2250916957855225,-0.9692951440811157,0.05751181021332741,-1.3055973052978516,2.2250916957855225,-0.637255847454071
0.07488925755023956,-1.306187391281128,2.2337398529052734,-0.8355891704559326,0.258227676153183,-1.4309587478637695,2.2337398529052734,-0.4793263375759125
0.23843207955360413,-1.4611948728561401,2.258335590362549,-0.6959942579269409,0.7829779386520386,-1.590672254562378,2.258335590362549,-0.11157944053411484
0.42188531160354614,-1.591122031211853,2.220994710922241,-0.5550563931465149,1.1480425596237183,-1.5868688821792603,2.220994710922241,0.1324150264263153
0.6216930150985718,-1.6922829151153564,2.267481803894043,-0.40401023626327515,1.4520554542541504,-1.5134851932525635,2.267481803894043,0.34129074215888977
0.8328538537025452,-1.7603708505630493,2.2173166275024414,-0.23829269409179688,1.7107365131378174,-1.3927799463272095,2.2173166275024414,0.5318835973739624
1.0522992610931396,-1.7908238172531128,2.191311836242676,-0.07432745397090912,1.9033600091934204,-1.2580606937408447,2.191311836242676,0.6887509822845459
1.2717413902282715,-1.7867653369903564,2.2012224197387695,0.09200465679168701,2.0714104175567627,-1.0962121486663818,2.2012224197387695,0.8444514870643616
1.4857550859451294,-1.7486636638641357,2.1651089191436768,0.24485042691230774,2.1979784965515137,-0.9321955442428589,2.1651089191436768,0.9826773405075073
1.6842243671417236,-1.665892481803894,2.1820545196533203,0.46119141578674316,2.2890419960021973,-0.7759931683540344,2.1820545196533203,1.1032893657684326
1.6842243671417236,-1.665892481803894,0.0,0.46119141578674316,2.1787281036376953,-0.9603646397590637,0.0,0.9599310755729675
2.046257257461548,-1.4361298084259033,4.305699825286865,0.737213134765625,2.4451229572296143,-0.2208600789308548,4.305699825286865,1.4901355504989624
2.195044755935669,-1.2779655456542969,2.167285203933716,0.8704643845558167,2.4425690174102783,-0.2491234838962555,2.167285203933716,1.4712162017822266
2.332193374633789,-1.1101582050323486,2.1675827503204346,0.9267316460609436,2.4496266841888428,-0.06653891503810883,2.1675827503204346,1.5931055545806885
2.45123553276062,-0.9277727603912354,2.1828370094299316,1.0568304061889648,2.434216022491455,0.11703241616487503,2.1828370094299316,1.7159942388534546
2.541900873184204,-0.7291967868804932,2.1842832565307617,1.1995357275009155,2.396571636199951,0.29677531123161316,2.1842832565307617,1.8384991884231567
2.599806308746338,-0.520246684551239,2.161015510559082,1.3544389009475708,2.3379921913146973,0.4687509834766388,2.161015510559082,1.9596925973892212
2.6260859966278076,-0.3041015863418579,2.177738904953003,1.508096694946289,2.270505905151367,0.6115226149559021,2.177738904953003,2.0650200843811035
2.6198763847351074,-0.08630824834108353,2.1591250896453857,1.655259370803833,2.1738662719726562,0.767266571521759,2.1591250896453857,2.1872897148132324
2.5840744972229004,0.12969310581684113,2.2117326259613037,1.7888256311416626,2.075803279876709,0.8912451267242432,2.2117326259613037,2.2927205562591553
2.5231192111968994,0.3387105464935303,2.157221794128418,1.9157265424728394,1.9669228792190552,1.0026639699935913,2.157221794128418,2.3966243267059326
2.4384100437164307,0.5434470176696777,2.2399935722351074,2.022926092147827,1.8218364715576172,1.1206151247024536,2.2399935722351074,2.521360158920288
2.3321096897125244,0.7383628487586975,2.2171151638031006,2.1281707286834717,1.6661876440048218,1.2179814577102661,2.2171151638031006,2.6438326835632324
2.2067034244537354,0.9223079085350037,2.2060117721557617,2.228365182876587,1.4752203226089478,1.3050422668457031,2.2060117721557617,2.783864736557007
2.063483476638794,1.0935968160629272,2.2592780590057373,2.322936773300171,1.2483210563659668,1.3700355291366577,2.2592780590057373,2.9413769245147705
1.9036201238632202,1.2504751682281494,2.223170757293701,2.4298555850982666,0.9878152012825012,1.3995232582092285,2.223170757293701,3.116379737854004
1.7247909307479858,1.3901857137680054,2.292144536972046,2.5404253005981445,0.7498449683189392,1.38658607006073,2.292144536972046,3.275428533554077
1.530037522315979,1.5090506076812744,2.2815754413604736,2.6534535884857178,0.49357298016548157,1.328871726989746,2.2815754413604736,3.450780153274536
1.3221981525421143,1.6024729013442993,2.2795488834381104,2.7828125953674316,0.27592775225639343,1.2400099039077759,2.2795488834381104,3.607665538787842
1.1028705835342407,1.6672470569610596,2.2853691577911377,2.92164945602417,0.07393549382686615,1.1175841093063354,2.2853691577911377,3.7652931213378906
0.8752754330635071,1.701229214668274,2.300053596496582,3.061485528945923,-0.10676300525665283,0.9645430445671082,2.300053596496582,3.923323154449463
0.6450697779655457,1.7019072771072388,2.297795534133911,-3.073218822479248,-0.2446879744529724,0.8070394992828369,2.297795534133911,-2.2201766967773438
0.41655734181404114,1.6692763566970825,2.317112922668457,-2.922344207763672,-0.37216636538505554,0.6084321737289429,2.317112922668457,-2.062681198120117
0.19847314059734344,1.6030755043029785,2.27874493598938,-2.769768714904785,-0.44758957624435425,0.4447415769100189,2.27874493598938,-1.9424546957015991
-0.0019407576182857156,1.5037555694580078,2.210394859313965,-2.605234146118164,-0.5025076866149902,0.274461567401886,2.210394859313965,-1.8231059312820435
-0.17982538044452667,1.374989628791809,2.2211544513702393,-2.4395625591278076,-0.536781907081604,0.0986945778131485,2.2211544513702393,-1.703649878501892
-0.32842713594436646,1.2206887006759644,2.125941038131714,-2.268695831298828,-0.5481870174407959,-0.026272840797901154,2.125941038131714,-1.6199675798416138
-0.45072847604751587,1.0448647737503052,2.133047580718994,-2.10992693901062,-0.547688901424408,-0.18323425948619843,2.133047580718994,-1.5152783393859863
-0.539093554019928,0.8543024659156799,2.1238529682159424,-1.9480419158935547,-0.538744330406189,-0.28341320157051086,2.1238529682159424,-1.448214054107666
-0.5956304669380188,0.6551820635795593,2.0698695182800293,-1.7836476564407349,-0.5229059457778931,-0.38380977511405945,2.0698695182800293,-1.3804422616958618
-0.6180688142776489,0.44830507040023804,2.085763454437256,-1.6200870275497437,-0.5057694315910339,-0.4615735709667206,2.085763454437256,-1.3273496627807617
-0.6075137257575989,0.2403266429901123,2.0603723526000977,-1.4605075120925903,-0.4991971552371979,-0.48707568645477295,2.0603723526000977,-1.3097925186157227
-0.5648702383041382,0.03703092038631439,2.0707004070281982,-1.3125509023666382,-0.5175779461860657,-0.41018545627593994,2.0707004070281982,-1.362503170967102
-0.4970695376396179,-0.16274066269397736,2.1145832538604736,-1.1818349361419678,-0.5269462466239929,-0.36197301745414734,2.1145832538604736,-1.3952473402023315
-0.40665921568870544,-0.35402897000312805,2.13786244392395,-1.085761547088623,-0.4675801992416382,-0.590373694896698,2.13786244392395,-1.2377581596374512
-0.30453434586524963,-0.5448676347732544,2.1716697216033936,-1.0277338027954102,-0.37111759185791016,-0.8103860020637512,2.1716697216033936,-1.0774331092834473
-0.19487442076206207,-0.7321143746376038,2.145871162414551,-0.9969421029090881,-0.24339134991168976,-1.0087448358535767,2.145871162414551,-0.9199877977371216
-0.07721243798732758,-0.9174352288246155,2.2216827869415283,-0.9545429348945618,-0.06560354679822922,-1.2038792371749878,2.2216827869415283,-0.743772566318512
0.0521266870200634,-1.0982105731964111,2.1998958587646484,-0.8999583125114441,0.12188637256622314,-1.3506909608840942,2.1998958587646484,-0.5848517417907715
0.19537708163261414,-1.2693157196044922,2.234241485595703,-0.8059715628623962,0.32852834463119507,-1.465200662612915,2.234241485595703,-0.4271894097328186
0.36145564913749695,-1.4234024286270142,2.256788730621338,-0.693740963935852,0.5530179738998413,-1.546514868736267,2.256788730621338,-0.26784583926200867
0.5439973473548889,-1.5539917945861816,2.2735438346862793,-0.5578324794769287,0.9388245344161987,-1.5999584197998047,2.2735438346862793,-0.00745038129389286
0.743574321269989,-1.6576801538467407,2.249298572540283,-0.4135618805885315,1.4282090663909912,-1.5217299461364746,2.249298572540283,0.32446956634521484
0.9563764333724976,-1.7291207313537598,2.2458808422088623,-0.25671735405921936,1.7354049682617188,-1.3779432773590088,2.2458808422088623,0.5510749220848083
1.1770212650299072,-1.7665470838546753,2.240140914916992,-0.0974794551730156,1.9834505319595337,-1.187188982963562,2.240140914916992,0.7600629329681396
1.3966290950775146,-1.7652021646499634,2.1956818103790283,0.07869736850261688,2.1540474891662598,-0.9945777654647827,2.1956818103790283,0.9318061470985413
1.3966290950775146,-1.7652021646499634,0.0,0.07869736850261688,2.010660171508789,-1.1606601476669312,0.0,0.7853981852531433
1.3966290950775146,-1.7652021646499634,0.0,0.07869736850261688,2.010660171508789,-1.1606601476669312,0.0,0.7853981852531433
2.0080971717834473,-1.5568842887878418,6.491731643676758,0.564241349697113,2.4450104236602783,0.022245023399591446,6.491731643676758,1.6523834466934204
2.1944472789764404,-1.428550124168396,2.2424252033233643,0.7208942770957947,2.447425603866577,-0.18784360587596893,2.2424252033233643,1.5122003555297852
2.3839306831359863,-1.3248507976531982,2.177234649658203,0.6152980923652649,2.4437055587768555,0.037271350622177124,2.177234649658203,1.6624387502670288
2.554551362991333,-1.1877671480178833,2.1955530643463135,0.7418940663337708,2.40940523147583,0.2466070055961609,2.1955530643463135,1.803974986076355
2.6997320652008057,-1.0269606113433838,2.1650068759918213,0.8922005891799927,2.347771406173706,0.44427502155303955,2.1650068759918213,1.942120909690857
2.8149917125701904,-0.8457854390144348,2.1481428146362305,1.0687675476074219,2.2719290256500244,0.6088746786117554,2.1481428146362305,2.063015937805176
2.896605968475342,-0.6494346857070923,2.127330780029297,1.2394379377365112,2.191765546798706,0.7414383292198181,2.127330780029297,2.166339874267578
2.938669443130493,-0.4431779682636261,2.0982253551483154,1.4030840396881104,2.0983831882476807,0.8649952411651611,2.0982253551483154,2.269636392593384
2.9531140327453613,-0.23529013991355896,2.089951515197754,1.5741679668426514,1.992742896080017,0.978279709815979,2.089951515197754,2.3729474544525146
2.927807569503784,-0.028880693018436432,2.0823371410369873,1.7454109191894531,1.8951338529586792,1.0647841691970825,2.0823371410369873,2.4599244594573975
2.870483636856079,0.1730908751487732,2.079068899154663,1.8969756364822388,1.8099473714828491,1.1290202140808105,2.079068899154663,2.531067132949829
2.7791450023651123,0.3603174090385437,2.0831851959228516,2.0680370330810547,1.723517894744873,1.1851731538772583,2.0831851959228516,2.5997931957244873
2.6646595001220703,0.5355930924415588,2.109835624694824,2.2092039585113525,1.6310632228851318,1.236470341682434,2.109835624694824,2.6702957153320312
2.5263402462005615,0.6958194375038147,2.1119556427001953,2.333514451980591,1.5340417623519897,1.2816277742385864,2.1119556427001953,2.741654634475708
2.3723814487457275,0.8424914479255676,2.1073997020721436,2.4349234104156494,1.4600211381912231,1.3106305599212646,2.1073997020721436,2.794660806655884
2.2050623893737793,0.9771201014518738,2.1677277088165283,2.514793872833252,1.3583420515060425,1.3433492183685303,2.1677277088165283,2.865885019302368
2.0291006565093994,1.1030083894729614,2.1729345321655273,2.56854510307312,1.2550978660583496,1.3686439990997314,2.1729345321655273,2.93676495552063
1.844480037689209,1.2219475507736206,2.1964945793151855,2.6215813159942627,1.0966681241989136,1.3928122520446777,2.1964945793151855,3.0436573028564453
1.651448369026184,1.3326287269592285,2.2207424640655518,2.66524600982666,0.8845884799957275,1.3985730409622192,2.2207424640655518,3.1852142810821533
1.4514647722244263,1.4348140954971313,2.2493808269500732,2.7093982696533203,0.623340904712677,1.3639992475509644,2.2493808269500732,3.3611245155334473
1.2452051639556885,1.5272916555404663,2.259110927581787,2.7697625160217285,0.348656564950943,1.2741856575012207,2.259110927581787,3.554086923599243
1.0310183763504028,1.605292797088623,2.277312755584717,2.856982946395874,0.09593088924884796,1.1331123113632202,2.277312755584717,3.7473433017730713
0.8077090978622437,1.6574738025665283,2.30391263961792,2.9761924743652344,-0.10619989782571793,0.9651017785072327,2.30391263961792,3.9227943420410156
0.5788757801055908,1.6783100366592407,2.2676870822906494,3.1186447143554688,-0.2753693759441376,0.7651415467262268,2.2676870822906494,4.097630977630615
0.35036903619766235,1.6660701036453247,2.3190481662750244,-3.0116233825683594,-0.3952028751373291,0.5636484026908875,2.3190481662750244,-2.0291054248809814
0.1276281625032425,1.6174476146697998,2.2731802463531494,-2.8598837852478027,-0.482206791639328,0.34585168957710266,2.2731802463531494,-1.872591257095337
-0.08440358936786652,1.5372732877731323,2.275822162628174,-2.7053635120391846,-0.5301083326339722,0.14347346127033234,2.275822162628174,-1.7338333129882812
-0.276647686958313,1.4260571002960205,2.217371702194214,-2.5407679080963135,-0.5485534071922302,-0.03413830325007439,2.217371702194214,-1.6147181987762451
-0.4441080093383789,1.287779450416565,2.1717631816864014,-2.3673079013824463,-0.5475197434425354,-0.18622472882270813,2.1717631816864014,-1.5132814645767212
-0.5831902623176575,1.1246882677078247,2.138204574584961,-2.2014760971069336,-0.5263524055480957,-0.36529913544654846,2.138204574584961,-1.3929948806762695
-0.692257821559906,0.9434990882873535,2.120985746383667,-2.04115629196167,-0.4983583688735962,-0.49020251631736755,2.120985746383667,-1.3076343536376953
-0.7648789286613464,0.7513172626495361,2.052544116973877,-1.871328592300415,-0.46090009808540344,-0.6092748641967773,2.052544116973877,-1.2243934869766235
-0.8030029535293579,0.5502895712852478,2.0466806888580322,-1.7063865661621094,-0.4222750961780548,-0.7056905627250671,2.0466806888580322,-1.1551364660263062
-0.8082892298698425,0.3460485637187958,2.0449585914611816,-1.5458064079284668,-0.3768220841884613,-0.7996736168861389,2.0449585914611816,-1.0855242013931274
-0.780008852481842,0.1446578949689865,2.0297482013702393,-1.384589672088623,-0.3388681709766388,-0.8673453330993652,2.0297482013702393,-1.0337928533554077
-0.7178217172622681,-0.04904240369796753,2.0234315395355225,-1.2173993587493896,-0.3252422511577606,-0.8897830247879028,2.0234315395355225,-1.0162919759750366
-0.6274576187133789,-0.23161987960338593,2.0497262477874756,-1.0622721910476685,-0.3386894166469574,-0.8676455020904541,2.0497262477874756,-1.0335599184036255
-0.5128588080406189,-0.40214648842811584,2.058469533920288,-0.9375245571136475,-0.460896372795105,-0.6092852354049683,2.058469533920288,-1.2243860960006714
-0.38081151247024536,-0.5670973658561707,2.1138925552368164,-0.8507015109062195,-0.38566669821739197,-0.7826378345489502,2.1138925552368164,-1.0983209609985352
-0.24001240730285645,-0.7253736257553101,2.117861747741699,-0.8004741668701172,-0.2621135413646698,-0.9836179614067078,2.117861747741699,-0.94087815284729
-0.09735190123319626,-0.8847348093986511,2.14595627784729,-0.7996336817741394,-0.10751006752252579,-1.1638009548187256,2.14595627784729,-0.7824326157569885
0.05040166154503822,-1.045922040939331,2.1857268810272217,-0.7927774786949158,0.07579872012138367,-1.318922519683838,2.1857268810272217,-0.62217116355896
0.20362751185894012,-1.2033745050430298,2.198369264602661,-0.7443686127662659,0.3016834259033203,-1.452658772468567,2.198369264602661,-0.4469432234764099
0.37191495299339294,-1.3497240543365479,2.223485231399536,-0.6707426905632019,0.524449348449707,-1.5383694171905518,2.223485231399536,-0.2876509130001068
0.5533565878868103,-1.4798791408538818,2.2326974868774414,-0.565012514591217,0.7549713850021362,-1.587267279624939,2.2326974868774414,-0.13038821518421173
0.749504804611206,-1.5873606204986572,2.225285291671753,-0.42948421835899353,1.0165642499923706,-1.5985223054885864,2.225285291671753,0.04439077898859978
0.9595869183540344,-1.6638919115066528,2.253568410873413,-0.28364992141723633,1.5967217683792114,-1.453421950340271,2.253568410873413,0.44576454162597656
1.1796236038208008,-1.7087788581848145,2.248157501220703,-0.1385221779346466,1.9056897163391113,-1.2561389207839966,2.248157501220703,0.6907643675804138
1.4011478424072266,-1.7226322889328003,2.186033248901367,0.008763394318521023,2.1235556602478027,-1.0342199802398682,2.186033248901367,0.8984628915786743
1.619949460029602,-1.6922945976257324,2.2410895824432373,0.27300146222114563,2.2674448490142822,-0.8171742558479309,2.2410895824432373,1.072287678718567
1.619949460029602,-1.6922945976257324,0.0,0.27300146222114563,2.1479532718658447,-1.0027225017547607,0.0,0.9250245094299316
2.029036045074463,-1.5349855422973633,4.394154071807861,0.6440883278846741,2.4475748538970947,-0.18526296317577362,4.394154071807861,1.5139236450195312
2.029036045074463,-1.5349855422973633,0.0,0.6440883278846741,2.359539031982422,-0.613030195236206,0.0,1.2217304706573486
2.391322135925293,-1.2982016801834106,4.358578205108643,0.6740913391113281,2.408360242843628,0.2509782612323761,4.358578205108643,1.8069713115692139
2.5570766925811768,-1.1546343564987183,2.19529128074646,0.772803544998169,2.409308671951294,0.2470129281282425,2.19529128074646,1.804253101348877
2.715531826019287,-1.0008233785629272,2.232342004776001,0.8144623637199402,2.3364686965942383,0.47245457768440247,2.232342004776001,1.9623624086380005
2.8619513511657715,-0.8356679081916809,2.208698034286499,0.9076308608055115,2.243363857269287,0.6597433686256409,2.208698034286499,2.101912021636963
2.9796416759490967,-0.6530886292457581,2.143115997314453,1.06361722946167,2.143252372741699,0.8089272379875183,2.143115997314453,2.221757650375366
3.042630434036255,-0.4545481503009796,2.1114790439605713,1.3159570693969727,2.0478122234344482,0.9221585988998413,2.1114790439605713,2.320523500442505
3.1144094467163086,-0.24908937513828278,2.1713428497314453,1.391566514968872,1.9078879356384277,1.0543181896209717,2.1713428497314453,2.448925495147705
3.1251652240753174,-0.04143610969185829,2.0840635299682617,1.582087516784668,1.7900390625,1.1427125930786133,2.0840635299682617,2.547175407409668
3.1003127098083496,0.16503190994262695,2.0570597648620605,1.7525110244750977,1.6785094738006592,1.21121084690094,2.0570597648620605,2.6344597339630127
3.040369987487793,0.3636559545993805,2.098750591278076,1.9235284328460693,1.5619018077850342,1.2695167064666748,2.098750591278076,2.7214019298553467
2.9488558769226074,0.5482810735702515,2.060880422592163,2.0932865142822266,1.4662033319473267,1.308379888534546,2.060880422592163,2.7902746200561523
2.8270294666290283,0.7151659727096558,2.0590007305145264,2.248455286026001,1.3661645650863647,1.3411130905151367,2.0590007305145264,2.8604609966278076
2.6815457344055176,0.8637956976890564,2.06714129447937,2.406735897064209,1.2632935047149658,1.366917610168457,2.06714129447937,2.9311811923980713
2.5154268741607666,0.9879632592201233,2.090829849243164,2.547473669052124,1.186669945716858,1.3812114000320435,2.090829849243164,2.9831507205963135
2.3338027000427246,1.0939066410064697,2.10040283203125,2.6645283699035645,1.1059718132019043,1.3918689489364624,2.10040283203125,3.0374231338500977
2.14261531829834,1.1847538948059082,2.1205124855041504,2.747837781906128,1.052405595779419,1.3965002298355103,2.1205124855041504,3.0732691287994385
1.9424808025360107,1.2620505094528198,2.1436049938201904,2.813014268875122,0.9710760116577148,1.39985191822052,2.1436049938201904,3.1275415420532227
1.7360936403274536,1.3329297304153442,2.1803359985351562,2.8531839847564697,0.8627300262451172,1.3974591493606567,2.1803359985351562,3.199805498123169
1.52574622631073,1.3977793455123901,2.2076570987701416,2.8814783096313477,0.7306721210479736,1.383878469467163,2.2076570987701416,3.288337230682373
1.3112040758132935,1.458560585975647,2.2239222526550293,2.90054988861084,0.5487026572227478,1.3453236818313599,2.2239222526550293,3.4124228954315186
1.09329092502594,1.5156618356704712,2.2573494911193848,2.9306490421295166,0.30176064372062683,1.2526956796646118,2.2573494911193848,3.5884788036346436
0.8709391355514526,1.5637009143829346,2.2399911880493164,2.9735302925109863,0.05378955230116844,1.1028327941894531,2.2399911880493164,3.7819395065307617
0.6434985399246216,1.59666907787323,2.302668809890747,3.051933526992798,-0.1782495528459549,0.8884598612785339,2.302668809890747,3.992936134338379
0.41319045424461365,1.6057342290878296,2.3047289848327637,-3.115023612976074,-0.33309972286224365,0.6769524216651917,2.3047289848327637,-2.1152703762054443
0.18487946689128876,1.583480715751648,2.3221397399902344,-2.9774022102355957,-0.44812721014022827,0.44336020946502686,2.3221397399902344,-1.9414664506912231
-0.036483440548181534,1.5288119316101074,2.285642385482788,-2.818371295928955,-0.5156211853027344,0.21930311620235443,2.285642385482788,-1.7853063344955444
-0.24126233160495758,1.4399036169052124,2.2420642375946045,-2.6527621746063232,-0.5454320907592773,0.01697363518178463,2.2420642375946045,-1.6488579511642456
-0.424879252910614,1.3215010166168213,2.186239004135132,-2.484961986541748,-0.5474438667297363,-0.1875324696302414,2.186239004135132,-1.5124081373214722
-0.5816155076026917,1.1755576133728027,2.1338417530059814,-2.3160860538482666,-0.5307862758636475,-0.3393157124519348,2.1338417530059814,-1.4105677604675293
-0.7115299701690674,1.0071779489517212,2.1189897060394287,-2.1538710594177246,-0.49099814891815186,-0.5165625810623169,2.1189897060394287,-1.2893885374069214
-0.8055939078330994,0.8244823813438416,2.0461926460266113,-1.9805257320404053,-0.4517815411090851,-0.6338618397712708,2.0461926460266113,-1.2069109678268433
-0.8658970594406128,0.6310633420944214,2.0489234924316406,-1.8130122423171997,-0.4011746048927307,-0.7514039874076843,2.0489234924316406,-1.1215693950653076
-0.8938672542572021,0.4373604953289032,1.9283851385116577,-1.678074836730957,-0.35584744811058044,-0.8380802273750305,1.9283851385116577,-1.056349277496338
-0.91456538438797,0.250846266746521,1.9023281335830688,-1.6476958990097046,-0.29109078645706177,-0.9424331784248352,1.9023281335830688,-0.9744513034820557
-0.9321342706680298,0.07219434529542923,1.7957854270935059,-1.6321290731430054,-0.21807265281677246,-1.0410665273666382,1.7957854270935059,-0.8926151394844055
-0.9437434077262878,-0.09854289889335632,1.7100319862365723,-1.6094214916229248,-0.11920127272605896,-1.1520497798919678,1.7100319862365723,-0.793483555316925
-0.9538734555244446,-0.262587308883667,1.648779034614563,-1.58838951587677,-0.02858477085828781,-1.2368253469467163,1.648779034614563,-0.7107334733009338
-0.9598057866096497,-0.42022475600242615,1.579574465751648,-1.5760442018508911,0.09018377214670181,-1.329111933708191,1.579574465751648,-0.610418975353241
-0.9636829495429993,-0.5706778764724731,1.4939900636672974,-1.5643924474716187,0.19431175291538239,-1.3957372903823853,1.4939900636672974,-0.5279831290245056
-0.9654980301856995,-0.7141433954238892,1.4403172731399536,-1.55251145362854,0.32749366760253906,-1.4647291898727417,1.4403172731399536,-0.42794743180274963
-0.9658744931221008,-0.8505039215087891,1.3679462671279907,-1.537523865699768,0.44210517406463623,-1.5113974809646606,1.3679462671279907,-0.34542495012283325
-0.9658411145210266,-0.9799647927284241,1.28957998752594,-1.5234264135360718,0.5351610779762268,-1.5414953231811523,1.28957998752594,-0.2802118957042694
-0.9625169634819031,-1.1028064489364624,1.2314010858535767,-1.5164810419082642,0.6559247970581055,-1.5708907842636108,1.2314010858535767,-0.19732826948165894
-0.9590780138969421,-1.218235969543457,1.1567031145095825,-1.501167893409729,0.7519018650054932,-1.586861491203308,1.1567031145095825,-0.1324523538351059
-0.9538172483444214,-1.3284764289855957,1.0936087369918823,-1.493114709854126,0.824891984462738,-1.594773530960083,1.0936087369918823,-0.08350235968828201
-0.9486261010169983,-1.4319648742675781,1.047053337097168,-1.488353967666626,0.9227203726768494,-1.5997519493103027,1.047053337097168,-0.018187422305345535
-0.9443968534469604,-1.5285342931747437,0.9661071300506592,-1.4806967973709106,0.9942956566810608,-1.5993458032608032,0.9661071300506592,0.02953473851084709
-0.9346217513084412,-1.616730809211731,0.8796507120132446,-1.4616369009017944,1.0648040771484375,-1.5956002473831177,0.8796507120132446,0.0766110047698021
-0.9279409050941467,-1.701505422592163,0.8569974899291992,-1.4596160650253296,1.1132532358169556,-1.5910896062850952,0.8569974899291992,0.10905151069164276
-0.9065577387809753,-1.7698920965194702,0.7120316624641418,-1.335787057876587,1.151936411857605,-1.5863450765609741,0.7120316624641418,0.13503430783748627
-0.9145445823669434,-1.8519221544265747,0.8313056230545044,-1.4291956424713135,1.2142906188964844,-1.576533317565918,0.8313056230545044,0.17711836099624634
-0.9052883982658386,-1.9198001623153687,0.6852195858955383,-1.4333146810531616,1.2520462274551392,-1.569274663925171,0.6852195858955383,0.20275044441223145
-0.8976622819900513,-1.9798349142074585,0.5995773077011108,-1.4249072074890137,1.2953697443008423,-1.559698462486267,0.5995773077011108,0.23233100771903992
-0.8976622819900513,-1.9798349142074585,0.0,-1.4249072074890137,1.2362134456634521,-1.57244074344635,0.0,0.19198621809482574
