2.7300193309783936,-0.26584792137145996,0.0,1.5454988479614258,2.274421453475952,0.6042073369026184,0.0,2.059488534927368
2.7300806045532227,-0.26584362983703613,0.0006162458448670805,1.5454204082489014,2.274392604827881,0.604261577129364,0.0006162458448670805,2.0595295429229736
2.7300455570220947,-0.2657663822174072,0.0008418404031544924,1.5453486442565918,2.274381637573242,0.6042822599411011,0.0008418404031544924,2.0595450401306152
2.7300362586975098,-0.2658022940158844,0.0003745821595657617,1.5454868078231812,2.2744040489196777,0.6042401194572449,0.0003745821595657617,2.0595133304595947
2.7300498485565186,-0.26581957936286926,0.00021869555348530412,1.5455865859985352,2.2744109630584717,0.6042267680168152,0.00021869555348530412,2.0595030784606934
2.7300188541412354,-0.265880823135376,0.0006834953674115241,1.5455585718154907,2.2743892669677734,0.604267954826355,0.0006834953674115241,2.0595343112945557
2.730011463165283,-0.2658170163631439,0.0006416538963094354,1.5456193685531616,2.2743911743164062,0.6042640805244446,0.0006416538963094354,2.0595314502716064
2.7300190925598145,-0.2658599019050598,0.0004412460548337549,1.5457992553710938,2.2744009494781494,0.6042457818984985,0.0004412460548337549,2.0595176219940186
2.7300729751586914,-0.26585954427719116,0.0005354489549063146,1.5455044507980347,2.2743961811065674,0.6042549014091492,0.0005354489549063146,2.0595245361328125
2.729991912841797,-0.2658495306968689,0.0008188000647351146,1.545852541923523,2.274383068084717,0.6042794585227966,0.0008188000647351146,2.0595428943634033
2.729973554611206,-0.2658914625644684,0.0004580065724439919,1.5455349683761597,2.274399995803833,0.6042477488517761,0.0004580065724439919,2.059519052505493
2.7300045490264893,-0.26581984758377075,0.0007811953546479344,1.54556143283844,2.2743847370147705,0.6042762398719788,0.0007811953546479344,2.0595405101776123
2.730060338973999,-0.2658427953720093,0.0006029742653481662,1.5454784631729126,2.274393081665039,0.6042606234550476,0.0006029742653481662,2.0595288276672363
2.729990243911743,-0.26586654782295227,0.0007401900948025286,1.545741081237793,2.2743866443634033,0.6042726635932922,0.0007401900948025286,2.059537887573242
2.7300302982330322,-0.2658383548259735,0.0004913343000225723,1.545568585395813,2.2743983268737793,0.6042506098747253,0.0004913343000225723,2.059521198272705
2.7300329208374023,-0.2658160328865051,0.00022131310834083706,1.5454713106155396,2.2744107246398926,0.6042271852493286,0.00022131310834083706,2.0595035552978516
2.730010509490967,-0.2658403515815735,0.00033571571111679077,1.5455645322799683,2.2744059562683105,0.6042365431785583,0.00033571571111679077,2.0595104694366455
2.730018138885498,-0.2658405005931854,7.613956404384226e-05,1.5455057621002197,2.2744178771972656,0.604214072227478,7.613956404384226e-05,2.0594935417175293
2.7300148010253906,-0.26585623621940613,0.00016088178381323814,1.5455654859542847,2.274413824081421,0.604221522808075,0.00016088178381323814,2.0594992637634277
2.730020523071289,-0.2658511698246002,7.67290111980401e-05,1.5456005334854126,2.2744178771972656,0.604214072227478,7.67290111980401e-05,2.0594935417175293
2.7300329208374023,-0.265869140625,0.00021668357658199966,1.5455560684204102,2.274411201477051,0.6042266488075256,0.00021668357658199966,2.0595030784606934
2.7300310134887695,-0.26583611965179443,0.0003324622812215239,1.5456695556640625,2.2744059562683105,0.6042365431785583,0.0003324622812215239,2.0595104694366455
2.730017900466919,-0.265807569026947,0.0003153371508233249,1.5456132888793945,2.274406671524048,0.6042351126670837,0.0003153371508233249,2.059509515762329
2.7300097942352295,-0.2658522129058838,0.0004488326085265726,1.5456137657165527,2.274399995803833,0.6042473912239075,0.0004488326085265726,2.059518814086914
2.730069160461426,-0.2658376097679138,0.000611378694884479,1.5456064939498901,2.274392604827881,0.6042613387107849,0.000611378694884479,2.0595293045043945
2.7299914360046387,-0.2658483386039734,0.0007853923598304391,1.5455992221832275,2.2743844985961914,0.6042765974998474,0.0007853923598304391,2.0595407485961914
2.7300069332122803,-0.26585379242897034,0.0001639639667700976,1.5456438064575195,2.274413585662842,0.6042218208312988,0.0001639639667700976,2.059499502182007
2.729994297027588,-0.26582565903663635,0.0003106616495642811,1.5455975532531738,2.274406909942627,0.6042345762252808,0.0003106616495642811,2.059509038925171
2.730062961578369,-0.2658223509788513,0.0006807298632338643,1.5453816652297974,2.2743890285491943,0.6042680144309998,0.0006807298632338643,2.0595343112945557
2.7300350666046143,-0.2658277153968811,0.0002833640610333532,1.5455982685089111,2.2744081020355225,0.6042324304580688,0.0002833640610333532,2.059507369995117
2.730020046234131,-0.2658451795578003,0.00023413491726387292,1.5454970598220825,2.2744104862213135,0.6042276620864868,0.00023413491726387292,2.0595037937164307
2.730043411254883,-0.2658323645591736,0.0002663714112713933,1.5456832647323608,2.2744088172912598,0.6042308807373047,0.0002663714112713933,2.0595061779022217
2.7300093173980713,-0.2658381760120392,0.0003448041097726673,1.545865535736084,2.2744052410125732,0.6042378544807434,0.0003448041097726673,2.059511661529541
2.73006010055542,-0.26585525274276733,0.0005346622201614082,1.5455867052078247,2.2743961811065674,0.6042546629905701,0.0005346622201614082,2.0595242977142334
2.7300124168395996,-0.2658318281173706,0.0005358491907827556,1.5456756353378296,2.2743964195251465,0.6042542457580566,0.0005358491907827556,2.059523820877075
2.7300350666046143,-0.26583975553512573,0.00023980952391866595,1.545555830001831,2.2744100093841553,0.6042285561561584,0.00023980952391866595,2.059504508972168
2.7300500869750977,-0.2658126652240753,0.0003095282008871436,1.5454462766647339,2.274406909942627,0.6042346954345703,0.0003095282008871436,2.05950927734375
2.7300288677215576,-0.2658059597015381,0.00022311559587251395,1.5455904006958008,2.2744109630584717,0.6042270064353943,0.00022311559587251395,2.0595033168792725
2.7300193309783936,-0.2658403515815735,0.00035757626756094396,1.5456459522247314,2.274404525756836,0.6042388677597046,0.00035757626756094396,2.0595123767852783
2.7300212383270264,-0.26582199335098267,0.00018293163157068193,1.5455979108810425,2.2744126319885254,0.6042236685752869,0.00018293163157068193,2.0595009326934814
2.7300076484680176,-0.2658340632915497,0.00018136861035600305,1.5456302165985107,2.2744128704071045,0.604223370552063,0.00018136861035600305,2.0595006942749023
2.7300360202789307,-0.2658064663410187,0.0003948576922994107,1.5455331802368164,2.2744028568267822,0.6042422652244568,0.0003948576922994107,2.0595149993896484
2.730044364929199,-0.26584720611572266,0.00042076196405105293,1.5458072423934937,2.274401903152466,0.6042440533638,0.00042076196405105293,2.059516191482544
2.729995012283325,-0.2658692002296448,0.0005364117678254843,1.545701265335083,2.2743959426879883,0.6042550802230835,0.0005364117678254843,2.0595245361328125
2.730027914047241,-0.26582133769989014,0.0005883185076527297,1.545665979385376,2.2743940353393555,0.6042585968971252,0.0005883185076527297,2.0595271587371826
2.7300169467926025,-0.2658463418483734,0.0002722576027736068,1.545706033706665,2.2744085788726807,0.6042314767837524,0.0002722576027736068,2.05950665473938
2.730034112930298,-0.26583683490753174,0.00019563820387702435,1.5454800128936768,2.274412155151367,0.604224681854248,0.00019563820387702435,2.0595016479492188
2.7300031185150146,-0.26581788063049316,0.00036390754394233227,1.5456833839416504,2.274404287338257,0.6042394042015076,0.00036390754394233227,2.0595128536224365
2.7300493717193604,-0.26582980155944824,0.0004762180906254798,1.5455126762390137,2.2743990421295166,0.6042495369911194,0.0004762180906254798,2.0595202445983887
2.730034351348877,-0.26581871509552,0.00018419518892187625,1.5453978776931763,2.2744126319885254,0.6042238473892212,0.00018419518892187625,2.0595009326934814
2.7299909591674805,-0.265829473733902,0.000455826724646613,1.545663833618164,2.274400472640991,0.6042467951774597,0.000455826724646613,2.059518337249756
2.7300572395324707,-0.2658025026321411,0.0007040259661152959,1.545418620109558,2.274387836456299,0.6042705178260803,0.0007040259661152959,2.0595362186431885
2.7300102710723877,-0.26582497358322144,0.000524410861544311,1.5457319021224976,2.2743968963623047,0.6042532920837402,0.000524410861544311,2.059523344039917
2.729978561401367,-0.26582270860671997,0.0003191138675902039,1.5456806421279907,2.2744064331054688,0.6042354106903076,0.0003191138675902039,2.059509754180908
2.730008363723755,-0.26583918929100037,0.00033645908115431666,1.5456552505493164,2.2744054794311523,0.60423743724823,0.00033645908115431666,2.059511184692383
2.7300469875335693,-0.2658173441886902,0.0004523008828982711,1.5456337928771973,2.274400472640991,0.6042464971542358,0.0004523008828982711,2.0595180988311768
2.7300474643707275,-0.26580139994621277,0.00015721503586973995,1.5455079078674316,2.274413824081421,0.6042214035987854,0.00015721503586973995,2.0594992637634277
2.7300469875335693,-0.2658362090587616,0.00034978199983015656,1.5455236434936523,2.274405002593994,0.6042380928993225,0.00034978199983015656,2.059511661529541
2.7300095558166504,-0.2658434510231018,0.00038226766628213227,1.5456184148788452,2.2744035720825195,0.6042410135269165,0.00038226766628213227,2.059514045715332
2.7300169467926025,-0.2658086121082306,0.0003597332979552448,1.5456976890563965,2.274404764175415,0.6042388081550598,0.0003597332979552448,2.0595123767852783
2.7300074100494385,-0.26582828164100647,0.00021641419152729213,1.5457842350006104,2.274411201477051,0.6042266488075256,0.00021641419152729213,2.0595030784606934
2.7300148010253906,-0.26581770181655884,0.0001287424092879519,1.5455714464187622,2.2744152545928955,0.6042187213897705,0.0001287424092879519,2.059497117996216
2.730041980743408,-0.26582226157188416,0.00027787405997514725,1.5455726385116577,2.2744083404541016,0.6042316555976868,0.00027787405997514725,2.059506893157959
2.7300572395324707,-0.265851229429245,0.0003277790965512395,1.5455950498580933,2.2744059562683105,0.6042362451553345,0.0003277790965512395,2.0595102310180664
2.7300174236297607,-0.2658455967903137,0.0004013611760456115,1.5456912517547607,2.274402618408203,0.6042428612709045,0.0004013611760456115,2.0595152378082275
2.730027198791504,-0.26584115624427795,0.00010713359370129183,1.5456377267837524,2.274416446685791,0.6042168140411377,0.00010713359370129183,2.059495687484741
2.730044364929199,-0.26584625244140625,0.00018037600966636091,1.545671820640564,2.2744128704071045,0.6042231321334839,0.00018037600966636091,2.0595004558563232
2.7300865650177,-0.2657747268676758,0.0008220655145123601,1.5453665256500244,2.2743823528289795,0.6042806506156921,0.0008220655145123601,2.0595438480377197
2.7300474643707275,-0.2658088505268097,0.0005237404257059097,1.545608401298523,2.274397134780884,0.6042531728744507,0.0005237404257059097,2.059523105621338
2.729992151260376,-0.26581451296806335,0.0005505981971509755,1.5457687377929688,2.274395227432251,0.6042564511299133,0.0005505981971509755,2.059525489807129
2.7300071716308594,-0.2658289670944214,0.0002116121322615072,1.545546531677246,2.274411678314209,0.604225754737854,0.0002116121322615072,2.059502363204956
2.730048894882202,-0.2658136785030365,0.00044422841165214777,1.5455065965652466,2.274400472640991,0.6042465567588806,0.00044422841165214777,2.0595180988311768
2.7300078868865967,-0.2658233344554901,0.0004199934483040124,1.5456584692001343,2.2744016647338867,0.6042445302009583,0.0004199934483040124,2.059516668319702
2.7300148010253906,-0.2658413350582123,0.00019309675553813577,1.545520544052124,2.2744123935699463,0.6042243838310242,0.00019309675553813577,2.0595014095306396
2.7300360202789307,-0.26580917835235596,0.0003811513015534729,1.5457584857940674,2.2744033336639404,0.6042413711547852,0.0003811513015534729,2.059514284133911
2.730041265487671,-0.2658691108226776,0.0006081598694436252,1.5455790758132935,2.274393081665039,0.6042604446411133,0.0006081598694436252,2.0595285892486572
2.729987144470215,-0.26584967970848083,0.0005763836670666933,1.5456979274749756,2.2743942737579346,0.604258120059967,0.0005763836670666933,2.0595269203186035
2.729983329772949,-0.2658216059207916,0.0002807211712934077,1.5458033084869385,2.2744081020355225,0.6042323708534241,0.0002807211712934077,2.059507369995117
2.7299857139587402,-0.2658194899559021,3.1820698495721444e-05,1.5457979440689087,2.2744197845458984,0.6042101383209229,3.1820698495721444e-05,2.05949068069458
2.7300565242767334,-0.2658253610134125,0.0007180214743129909,1.5455197095870972,2.274388074874878,0.6042701005935669,0.0007180214743129909,2.0595359802246094
2.7300057411193848,-0.2658326327800751,0.000510753074195236,1.5455204248428345,2.274397373199463,0.6042526364326477,0.000510753074195236,2.0595226287841797
2.7299869060516357,-0.2658070921897888,0.0003192708536516875,1.5455857515335083,2.2744064331054688,0.6042353510856628,0.0003192708536516875,2.059509754180908
2.7300477027893066,-0.2658417522907257,0.0007010804256424308,1.5457298755645752,2.274388551712036,0.6042691469192505,0.0007010804256424308,2.059535264968872
2.7300257682800293,-0.26583239436149597,0.0002355916949454695,1.5456105470657349,2.2744102478027344,0.6042283773422241,0.0002355916949454695,2.059504508972168
2.7300143241882324,-0.2658364474773407,0.00012018775305477902,1.5457528829574585,2.2744157314300537,0.604218065738678,0.00012018775305477902,2.0594966411590576
2.730001211166382,-0.2658548951148987,0.00023164236336015165,1.5456241369247437,2.2744107246398926,0.6042273044586182,0.00023164236336015165,2.0595035552978516
2.729989767074585,-0.2658601999282837,0.00012585739023052156,1.5458652973175049,2.2744154930114746,0.6042184829711914,0.00012585739023052156,2.0594968795776367
2.7300002574920654,-0.2658347189426422,0.0002767326950561255,1.5456435680389404,2.2744083404541016,0.6042316555976868,0.0002767326950561255,2.059506893157959
2.7300543785095215,-0.26582613587379456,0.0005413952167145908,1.545408010482788,2.274395704269409,0.604255735874176,0.0005413952167145908,2.0595250129699707
2.730013847351074,-0.2658395767211914,0.00042595568811520934,1.5456922054290771,2.2744014263153076,0.6042450666427612,0.00042595568811520934,2.0595169067382812
2.73003888130188,-0.2657919228076935,0.0005455712089315057,1.5454504489898682,2.2743961811065674,0.6042549014091492,0.0005455712089315057,2.0595242977142334
2.7300167083740234,-0.26584985852241516,0.0006217685877345502,1.5457370281219482,2.2743923664093018,0.604262113571167,0.0006217685877345502,2.0595297813415527
2.7300329208374023,-0.265842467546463,0.00017796503379940987,1.5455981492996216,2.2744131088256836,0.6042230725288391,0.00017796503379940987,2.0595004558563232
2.730052947998047,-0.2658105790615082,0.00037240967503748834,1.5455504655838013,2.2744038105010986,0.6042405962944031,0.00037240967503748834,2.059513568878174
2.7300193309783936,-0.26584285497665405,0.00047120265662670135,1.545568823814392,2.274399518966675,0.6042484641075134,0.00047120265662670135,2.0595195293426514
2.730039596557617,-0.2658725380897522,0.0003536383737809956,1.5457490682601929,2.274404525756836,0.6042391061782837,0.0003536383737809956,2.0595123767852783
2.7300331592559814,-0.2658487856388092,0.0002459408133290708,1.5455845594406128,2.274409770965576,0.6042290925979614,0.0002459408133290708,2.059504985809326
2.7300102710723877,-0.2658444344997406,0.0002371016307733953,1.545635461807251,2.2744104862213135,0.6042279005050659,0.0002371016307733953,2.0595040321350098
2.729994535446167,-0.26584622263908386,0.0001585562713444233,1.5456531047821045,2.2744140625,0.6042213439941406,0.0001585562713444233,2.0594990253448486
2.7300198078155518,-0.2658298909664154,0.0003008112544193864,1.5456211566925049,2.274407148361206,0.6042339205741882,0.0003008112544193864,2.0595085620880127
2.730001211166382,-0.26582223176956177,0.00020126278104726225,1.545560359954834,2.274411916732788,0.6042250990867615,0.00020126278104726225,2.059501886367798
2.730018138885498,-0.2658415734767914,0.0002517193497624248,1.545562744140625,2.274409294128418,0.6042300462722778,0.0002517193497624248,2.0595057010650635
2.730015754699707,-0.26581671833992004,0.00025466829538345337,1.5457048416137695,2.274409770965576,0.6042293906211853,0.00025466829538345337,2.0595052242279053
2.729982614517212,-0.2658383250236511,0.0003894007531926036,1.5459446907043457,2.2744028568267822,0.6042422652244568,0.0003894007531926036,2.0595149993896484
2.7300162315368652,-0.26581504940986633,0.00041515243356116116,1.5454431772232056,2.274402141571045,0.6042434573173523,0.00041515243356116116,2.0595157146453857
2.730001449584961,-0.26584392786026,0.00032401669886894524,1.5456774234771729,2.2744061946868896,0.6042360067367554,0.00032401669886894524,2.0595102310180664
2.7300267219543457,-0.2658206522464752,0.00034198586945421994,1.5455867052078247,2.2744052410125732,0.6042376756668091,0.00034198586945421994,2.059511423110962
2.730011224746704,-0.2658593952655792,0.0004187450686004013,1.5456719398498535,2.274401903152466,0.6042441725730896,0.0004187450686004013,2.059516429901123
2.7300264835357666,-0.265805721282959,0.0005527396569959819,1.545516014099121,2.274395227432251,0.6042566299438477,0.0005527396569959819,2.059525728225708
2.730029344558716,-0.26580971479415894,4.9853897508000955e-05,1.5455907583236694,2.274419069290161,0.604211688041687,4.9853897508000955e-05,2.0594918727874756
2.730001211166382,-0.2658330500125885,0.0003663987445179373,1.5452388525009155,2.274404287338257,0.6042396426200867,0.0003663987445179373,2.0595128536224365
2.730008125305176,-0.2658318877220154,6.942891923245043e-05,1.5456585884094238,2.2744181156158447,0.604213535785675,6.942891923245043e-05,2.05949330329895
2.7299726009368896,-0.26585251092910767,0.0004102707316633314,1.5458543300628662,2.274402141571045,0.6042436361312866,0.0004102707316633314,2.059515953063965
2.7300117015838623,-0.2658613324165344,0.00040303877904079854,1.545785665512085,2.274402618408203,0.604242742061615,0.00040303877904079854,2.0595152378082275
2.7300755977630615,-0.2658364176750183,0.0006792022031731904,1.5455665588378906,2.2743892669677734,0.6042678952217102,0.0006792022031731904,2.0595343112945557
2.7299821376800537,-0.265834778547287,0.0009456851985305548,1.5456483364105225,2.2743775844573975,0.6042898893356323,0.0009456851985305548,2.0595507621765137
2.730024814605713,-0.26581937074661255,0.00045068966574035585,1.5456295013427734,2.274399995803833,0.6042473912239075,0.00045068966574035585,2.059518814086914
2.730057954788208,-0.2658231854438782,0.0003336333902552724,1.5453652143478394,2.2744057178497314,0.6042367815971375,0.0003336333902552724,2.0595107078552246
2.7300097942352295,-0.26585400104522705,0.0005685027572326362,1.5456262826919556,2.2743945121765137,0.6042578220367432,0.0005685027572326362,2.0595266819000244
2.7300193309783936,-0.2658296227455139,0.0002665063366293907,1.5458048582077026,2.274409055709839,0.6042304635047913,0.0002665063366293907,2.0595059394836426
2.7300069332122803,-0.2658308744430542,0.00012462676386348903,1.5456187725067139,2.2744154930114746,0.6042183637619019,0.00012462676386348903,2.0594968795776367
2.7299723625183105,-0.26581713557243347,0.00037228214205242693,1.5454527139663696,2.2744038105010986,0.6042401790618896,0.00037228214205242693,2.0595133304595947
2.729994058609009,-0.26585519313812256,0.00043784803710877895,1.545755386352539,2.2744007110595703,0.6042460203170776,0.00043784803710877895,2.0595176219940186
2.7300124168395996,-0.26583874225616455,0.00024240257334895432,1.5455973148345947,2.274409770965576,0.6042290925979614,0.00024240257334895432,2.059504985809326
2.7300355434417725,-0.26582518219947815,0.00027231479180045426,1.5453113317489624,2.2744088172912598,0.6042309999465942,0.00027231479180045426,2.059506416320801
2.7300093173980713,-0.2658143937587738,0.00028278547688387334,1.545749306678772,2.2744081020355225,0.6042323708534241,0.00028278547688387334,2.059507369995117
2.729994773864746,-0.26582109928131104,0.00015966726641636342,1.5456736087799072,2.274413824081421,0.6042214632034302,0.00015966726641636342,2.0594992637634277
2.730025291442871,-0.26584887504577637,0.00041587871965020895,1.5456770658493042,2.274401903152466,0.6042437553405762,0.00041587871965020895,2.059515953063965
2.7300469875335693,-0.265801340341568,0.0005228181253187358,1.5456959009170532,2.2743968963623047,0.6042534708976746,0.0005228181253187358,2.059523344039917
2.7300219535827637,-0.26584506034851074,0.0005046468577347696,1.545548915863037,2.274397850036621,0.6042518019676208,0.0005046468577347696,2.0595221519470215
2.7300117015838623,-0.26586249470710754,0.00020195743127260357,1.5457019805908203,2.274411916732788,0.604225218296051,0.00020195743127260357,2.059501886367798
2.7300024032592773,-0.26582586765289307,0.0003741807013284415,1.545717477798462,2.2744035720825195,0.6042407155036926,0.0003741807013284415,2.059513807296753
2.730034112930298,-0.2658284604549408,0.0003171209536958486,1.5455677509307861,2.2744064331054688,0.6042354106903076,0.0003171209536958486,2.059509754180908
2.7300398349761963,-0.26581743359565735,0.0001260115095647052,1.54548978805542,2.2744154930114746,0.6042183041572571,0.0001260115095647052,2.0594968795776367
2.730041027069092,-0.26583513617515564,0.0001768908550729975,1.5455355644226074,2.2744131088256836,0.6042230129241943,0.0001768908550729975,2.0595004558563232
2.730051279067993,-0.2657996714115143,0.0003703200491145253,1.5456687211990356,2.2744040489196777,0.6042399406433105,0.0003703200491145253,2.0595130920410156
2.7300195693969727,-0.265830934047699,0.0004447597311809659,1.5456788539886475,2.274400472640991,0.6042466759681702,0.0004447597311809659,2.0595180988311768
2.7300174236297607,-0.2658018171787262,0.00029159634141251445,1.545586347579956,2.2744076251983643,0.6042331457138062,0.00029159634141251445,2.0595080852508545
2.7300214767456055,-0.26586806774139404,0.0006657544290646911,1.5456370115280151,2.27439022064209,0.6042659282684326,0.0006657544290646911,2.059532880783081
2.7300643920898438,-0.2658146917819977,0.0006845527095720172,1.5455341339111328,2.2743892669677734,0.6042678356170654,0.0006845527095720172,2.0595340728759766
2.730074405670166,-0.2658561170101166,0.00042478094110265374,1.545440912246704,2.2744014263153076,0.6042449474334717,0.00042478094110265374,2.0595169067382812
2.7300570011138916,-0.2658088803291321,0.0005053666536696255,1.5455479621887207,2.274397850036621,0.6042518019676208,0.0005053666536696255,2.0595221519470215
2.7300355434417725,-0.26584678888320923,0.00043453730177134275,1.5456900596618652,2.2744009494781494,0.6042457818984985,0.00043453730177134275,2.0595176219940186
2.7300162315368652,-0.265847772359848,0.00019411879475228488,1.5455782413482666,2.2744123935699463,0.604224443435669,0.00019411879475228488,2.0595014095306396
2.730011463165283,-0.2658129036426544,0.0003472346579656005,1.545866847038269,2.274404764175415,0.6042383909225464,0.0003472346579656005,2.05951189994812
2.7300515174865723,-0.26581209897994995,0.0004055635363329202,1.5453650951385498,2.274402618408203,0.604242742061615,0.0004055635363329202,2.0595152378082275
2.7300267219543457,-0.2658444046974182,0.0004080354410689324,1.5455944538116455,2.274402379989624,0.604243278503418,0.0004080354410689324,2.0595157146453857
2.730034112930298,-0.2658008337020874,0.0004421823541633785,1.545655369758606,2.2744007110595703,0.6042463779449463,0.0004421823541633785,2.0595180988311768
2.7300539016723633,-0.26583197712898254,0.0003670733131002635,1.5456030368804932,2.2744040489196777,0.6042399406433105,0.0003670733131002635,2.0595130920410156
2.7300543785095215,-0.26583078503608704,1.2731156857626047e-05,1.5454455614089966,2.274420738220215,0.6042084693908691,1.2731156857626047e-05,2.0594894886016846
2.7299997806549072,-0.2658131718635559,0.0005760813364759088,1.5455187559127808,2.2743945121765137,0.6042580008506775,0.0005760813364759088,2.0595266819000244
2.7300057411193848,-0.26581233739852905,6.089904491091147e-05,1.5456188917160034,2.274418592453003,0.6042126417160034,6.089904491091147e-05,2.059492588043213
2.7300148010253906,-0.26587575674057007,0.0006384802400134504,1.5456103086471558,2.2743914127349854,0.6042639017105103,0.0006384802400134504,2.0595312118530273
2.729994058609009,-0.2658545970916748,0.0002933585492428392,1.5456352233886719,2.274407386779785,0.6042335033416748,0.0002933585492428392,2.0595083236694336
2.729983329772949,-0.26584553718566895,0.0001422926870873198,1.545666217803955,2.2744147777557373,0.6042197346687317,0.0001422926870873198,2.059497833251953
2.730062961578369,-0.2658262252807617,0.0008119638077914715,1.545351266860962,2.2743828296661377,0.6042796969413757,0.0008119638077914715,2.0595431327819824
2.73003888130188,-0.2658691704273224,0.000497114029712975,1.5455865859985352,2.2743983268737793,0.6042507886886597,0.000497114029712975,2.059521436691284
2.7300028800964355,-0.2658612132072449,0.0003661418450064957,1.5456314086914062,2.2744040489196777,0.6042398810386658,0.0003661418450064957,2.0595130920410156
2.7300734519958496,-0.26583099365234375,0.0007646477315574884,1.5454744100570679,2.274385452270508,0.604275107383728,0.0007646477315574884,2.059539794921875
2.729952096939087,-0.26586440205574036,0.0012714355252683163,1.5457948446273804,2.274362325668335,0.6043184995651245,0.0012714355252683163,2.059572458267212
2.7300283908843994,-0.2658243179321289,0.0008544638985767961,1.5456867218017578,2.274380922317505,0.6042834520339966,0.0008544638985767961,2.0595459938049316
2.7300186157226562,-0.2658359110355377,0.00015202263602986932,1.5456063747406006,2.274414300918579,0.6042207479476929,0.00015202263602986932,2.0594985485076904
2.7300708293914795,-0.2658022344112396,0.0006268486031331122,1.5453922748565674,2.2743921279907227,0.6042621731758118,0.0006268486031331122,2.059530019760132
2.730015516281128,-0.26580941677093506,0.0005584889440797269,1.5456855297088623,2.274395227432251,0.6042565703392029,0.0005584889440797269,2.059525728225708
2.7300307750701904,-0.26582038402557373,0.00018660782370716333,1.5456085205078125,2.2744126319885254,0.604223906993866,0.00018660782370716333,2.0595009326934814
2.730055570602417,-0.26579686999320984,0.00034408498322591186,1.545413851737976,2.2744052410125732,0.6042374968528748,0.00034408498322591186,2.059511184692383
2.7300302982330322,-0.2658219635486603,0.0003530333924572915,1.5454628467559814,2.274404764175415,0.6042388081550598,0.0003530333924572915,2.0595123767852783
2.730025053024292,-0.2658334970474243,0.0001269305357709527,1.5455504655838013,2.2744154930114746,0.6042185425758362,0.0001269305357709527,2.0594968795776367
2.730010986328125,-0.26581355929374695,0.00024234324519056827,1.5456047058105469,2.2744100093841553,0.6042289137840271,0.00024234324519056827,2.059504747390747
2.7300610542297363,-0.26582783460617065,0.0005282869096845388,1.5455176830291748,2.2743968963623047,0.6042532920837402,0.0005282869096845388,2.059523344039917
2.7300221920013428,-0.26585710048675537,0.0004800903261639178,1.5455926656723022,2.2743985652923584,0.6042503118515015,0.0004800903261639178,2.059520959854126
2.730010747909546,-0.26582932472229004,0.0003042804019059986,1.5456352233886719,2.274407386779785,0.6042338609695435,0.0003042804019059986,2.0595085620880127
2.730062961578369,-0.2658274173736572,0.0005233801202848554,1.545458436012268,2.2743968963623047,0.6042534708976746,0.0005233801202848554,2.059523344039917
2.7300312519073486,-0.2658090889453888,0.000361409445758909,1.545571208000183,2.274404287338257,0.6042397022247314,0.000361409445758909,2.0595128536224365
2.730032444000244,-0.26581627130508423,7.343477773247287e-05,1.5456421375274658,2.2744178771972656,0.6042137742042542,7.343477773247287e-05,2.05949330329895
2.730043649673462,-0.26587656140327454,0.0006103570922277868,1.5456414222717285,2.274392604827881,0.6042615175247192,0.0006103570922277868,2.0595293045043945
2.7300238609313965,-0.2658115029335022,0.0006849322817288339,1.545482873916626,2.2743895053863525,0.6042673587799072,0.0006849322817288339,2.0595338344573975
2.730056047439575,-0.2658284902572632,0.0003655944892670959,1.5453600883483887,2.274404287338257,0.6042394638061523,0.0003655944892670959,2.0595128536224365
2.729989528656006,-0.26585227251052856,0.0006982471095398068,1.5456527471542358,2.274388313293457,0.6042697429656982,0.0006982471095398068,2.059535503387451
2.730008602142334,-0.26580876111984253,0.00047651270870119333,1.5456440448760986,2.2743990421295166,0.6042492985725403,0.00047651270870119333,2.0595202445983887
2.7299928665161133,-0.26582103967666626,0.0001988212752621621,1.5456920862197876,2.274411916732788,0.6042249798774719,0.0001988212752621621,2.059501886367798
2.7299916744232178,-0.2658720910549164,0.0005151610821485519,1.5456807613372803,2.274397373199463,0.6042524576187134,0.0005151610821485519,2.0595226287841797
2.7299861907958984,-0.26581424474716187,0.0005830740556120872,1.545745849609375,2.2743940353393555,0.60425865650177,0.0005830740556120872,2.0595271587371826
2.729990005493164,-0.26583635807037354,0.00022212504700291902,1.5456340312957764,2.2744109630584717,0.6042271852493286,0.00022212504700291902,2.0595035552978516
2.7300398349761963,-0.26582029461860657,0.0005257445736788213,1.545589804649353,2.2743968963623047,0.6042535901069641,0.0005257445736788213,2.059523344039917
2.73002552986145,-0.26584672927856445,0.0003024124598596245,1.5455495119094849,2.274407386779785,0.6042338609695435,0.0003024124598596245,2.0595085620880127
2.730008125305176,-0.26580509543418884,0.0004466122481971979,1.5456242561340332,2.274400234222412,0.6042472124099731,0.0004466122481971979,2.059518575668335
2.7300052642822266,-0.2658156454563141,0.00011067320156143978,1.5456758737564087,2.274416208267212,0.604216992855072,0.00011067320156143978,2.059495687484741
2.730020046234131,-0.2658309042453766,0.000212205239222385,1.5456275939941406,2.27441143989563,0.6042261123657227,0.000212205239222385,2.059502601623535
2.7299764156341553,-0.26582467555999756,0.0004410076071508229,1.5455493927001953,2.2744007110595703,0.6042462587356567,0.0004410076071508229,2.0595178604125977
2.7304558753967285,-0.2638694941997528,0.020094335079193115,1.5444918870925903,2.273475170135498,0.6059841513633728,0.020094335079193115,2.060830593109131
2.731752872467041,-0.24634601175785065,0.1746988594532013,1.5429986715316772,2.2660813331604004,0.6196733117103577,0.1746988594532013,2.0712027549743652
2.736496686935425,-0.20465409755706787,0.42243173718452454,1.5358575582504272,2.2275521755218506,0.6860410571098328,0.42243173718452454,2.1223690509796143
2.741260051727295,-0.14747001230716705,0.5671849250793457,1.534435510635376,2.1907410621643066,0.7429482936859131,0.5671849250793457,2.1675565242767334
2.743340492248535,-0.07617474347352982,0.7226799726486206,1.5387245416641235,2.1522810459136963,0.7969505786895752,0.7226799726486206,2.211758613586426
2.7501883506774902,0.0075892191380262375,0.8320141434669495,1.5399729013442993,2.0955212116241455,0.8683909177780151,0.8320141434669495,2.272597074508667
2.753641366958618,0.10368721932172775,0.9747996926307678,1.5596829652786255,2.016695499420166,0.9545902609825134,0.9747996926307678,2.3504879474639893
2.7543373107910156,0.2104911357164383,1.0605429410934448,1.5899628400802612,1.9325129985809326,1.033432126045227,1.0605429410934448,2.427398681640625
2.7487096786499023,0.32707351446151733,1.1767947673797607,1.6309679746627808,1.8431113958358765,1.1051356792449951,1.1767947673797607,2.503819704055786
2.7352333068847656,0.45114463567733765,1.235065221786499,1.6839169263839722,1.727778434753418,1.1825991868972778,1.235065221786499,2.5964746475219727
2.7133336067199707,0.5835599899291992,1.3479914665222168,1.753909945487976,1.6045761108398438,1.249640703201294,1.3479914665222168,2.690016746520996
2.6791446208953857,0.7218442559242249,1.4167996644973755,1.8324127197265625,1.476754903793335,1.3044676780700684,1.4167996644973755,2.7827723026275635
2.6290109157562256,0.862425684928894,1.49736750125885,1.9305468797683716,1.345782995223999,1.3468433618545532,1.49736750125885,2.874575614929199
2.5620627403259277,1.0023771524429321,1.5661072731018066,2.0383968353271484,1.2123820781707764,1.3768736124038696,1.5661072731018066,2.965766668319702
2.478722095489502,1.1411190032958984,1.6193946599960327,2.148597002029419,1.0759822130203247,1.3947001695632935,1.6193946599960327,3.0575056076049805
2.372941255569458,1.2700886726379395,1.6462842226028442,2.274409294128418,0.9141015410423279,1.399570345878601,1.6462842226028442,3.16552734375
2.2507879734039307,1.3905144929885864,1.7170536518096924,2.397808074951172,0.7788399457931519,1.3902027606964111,1.7170536518096924,3.255948543548584
2.11055850982666,1.4971908330917358,1.785485863685608,2.5188443660736084,0.6450475454330444,1.3686742782592773,1.785485863685608,3.3463213443756104
1.953956127166748,1.589878797531128,1.8198165893554688,2.646479845046997,0.5126698017120361,1.3348318338394165,1.8198165893554688,3.4374430179595947
1.7829335927963257,1.6656042337417603,1.8711446523666382,2.7598788738250732,0.3845890164375305,1.2893561124801636,1.8711446523666382,3.5280838012695312
1.6000635623931885,1.7209075689315796,1.912808895111084,2.878509283065796,0.28545063734054565,1.2447580099105835,1.912808895111084,3.600571632385254
1.4074342250823975,1.7585887908935547,1.9517573118209839,2.995649576187134,0.14410902559757233,1.1651244163513184,1.9517573118209839,3.7087783813476562
1.2075456380844116,1.7751168012619019,2.0176100730895996,3.1021807193756104,0.033512573689222336,1.0874556303024292,2.0176100730895996,3.798905372619629
1.001732349395752,1.7720608711242676,2.0557444095611572,-3.076155424118042,-0.07035913318395615,0.9994850158691406,2.0557444095611572,-2.393503427505493
0.79358971118927,1.7482045888900757,2.070969820022583,-2.972202777862549,-0.18210755288600922,0.8840388655662537,2.070969820022583,-2.286337375640869
0.5861486196517944,1.7008434534072876,2.133422374725342,-2.8532602787017822,-0.28064045310020447,0.757627010345459,2.133422374725342,-2.1794352531433105
0.38782891631126404,1.6231789588928223,2.1431751251220703,-2.6954047679901123,-0.3508070707321167,0.6469277143478394,2.1431751251220703,-2.092031717300415
0.20529688894748688,1.5129765272140503,2.1401305198669434,-2.533175468444824,-0.4110548198223114,0.5304996371269226,2.1401305198669434,-2.004608631134033
0.042173679918050766,1.3742910623550415,2.1203742027282715,-2.3701272010803223,-0.4611293077468872,0.40863946080207825,2.1203742027282715,-1.9167488813400269
-0.09792769700288773,1.2117494344711304,2.16869854927063,-2.2139172554016113,-0.48595407605171204,0.33363109827041626,2.16869854927063,-1.8640697002410889
-0.21300514042377472,1.028080701828003,2.168738842010498,-2.0670156478881836,-0.5071929097175598,0.25579315423965454,2.168738842010498,-1.8102742433547974
-0.3017718195915222,0.8283176422119141,2.1851212978363037,-1.9318550825119019,-0.5135878920555115,0.2284972220659256,2.1851212978363037,-1.7915838956832886
-0.367470383644104,0.6191957592964172,2.1694931983947754,-1.8129719495773315,-0.47142523527145386,0.3791140615940094,2.1694931983947754,-1.8959025144577026
-0.41134896874427795,0.4007144570350647,2.2299563884735107,-1.7155992984771729,-0.519949734210968,0.1987437754869461,2.2299563884735107,-1.7712996006011963
-0.4401337504386902,0.177181214094162,2.263045072555542,-1.6457346677780151,-0.5486938953399658,-0.03741779923439026,2.263045072555542,-1.6125298738479614
-0.4596714973449707,-0.04975169524550438,2.2914059162139893,-1.594293236732483,-0.5397551655769348,-0.2750129997730255,2.2914059162139893,-1.4538546800613403
-0.46578702330589294,-0.27967098355293274,2.3005785942077637,-1.5374616384506226,-0.4934311807155609,-0.5080519914627075,2.3005785942077637,-1.2952895164489746
-0.4546433389186859,-0.512310802936554,2.318350315093994,-1.46636962890625,-0.4106059670448303,-0.7314676642417908,2.318350315093994,-1.1362725496292114
-0.4248322546482086,-0.7461053729057312,2.340261220932007,-1.378227949142456,-0.14698413014411926,-1.1230473518371582,2.340261220932007,-0.8202593922615051
-0.37246963381767273,-0.9760147929191589,2.3882062435150146,-1.2728416919708252,0.24594935774803162,-1.4245046377182007,2.3882062435150146,-0.4885738790035248
-0.29178205132484436,-1.1992435455322266,2.372429609298706,-1.1471971273422241,0.5888099074363708,-1.5558645725250244,2.372429609298706,-0.2431832104921341
-0.18065406382083893,-1.4098719358444214,2.3854482173919678,-1.0069782733917236,0.9001763463020325,-1.5991723537445068,2.3854482173919678,-0.03322189301252365
-0.041855014860630035,-1.6030124425888062,2.37776780128479,-0.8615189790725708,1.1868457794189453,-1.5811833143234253,2.37776780128479,0.15856079757213593
0.1261628121137619,-1.7699321508407593,2.3673367500305176,-0.7018502950668335,1.4395041465759277,-1.5178806781768799,2.3673367500305176,0.3324248492717743
0.3163245618343353,-1.909866452217102,2.361467123031616,-0.55254065990448,1.6546313762664795,-1.4241957664489746,2.361467123031616,0.48901239037513733
0.5219606161117554,-2.0156350135803223,2.277155637741089,-0.3889286518096924,1.849223256111145,-1.3005821704864502,2.277155637741089,0.6428539752960205
0.7418122291564941,-2.084493637084961,2.3429322242736816,-0.22472724318504333,1.9882142543792725,-1.182640790939331,2.3429322242736816,0.7644537687301636
0.967323899269104,-2.114743232727051,2.2529656887054443,-0.05971391871571541,2.110612154006958,-1.0502524375915527,2.2529656887054443,0.8847259283065796
1.1857268810272217,-2.092759847640991,2.2167046070098877,0.2150155007839203,2.19915771484375,-0.9304245710372925,2.2167046070098877,0.9840957522392273
1.4155217409133911,-2.071993589401245,2.3104987144470215,0.2724197208881378,2.3073885440826416,-0.7383542060852051,2.3104987144470215,1.1312052011489868
1.6264697313308716,-1.992891550064087,2.2520618438720703,0.42336079478263855,2.355973243713379,-0.6227232217788696,2.2520618438720703,1.214845061302185
1.823337197303772,-1.883231282234192,2.2339398860931396,0.6001019477844238,2.4029247760772705,-0.4728396236896515,2.2339398860931396,1.3196033239364624
2.0049521923065186,-1.7431097030639648,2.309685707092285,0.7297701239585876,2.4345216751098633,-0.31493034958839417,2.309685707092285,1.4270145893096924
2.163745880126953,-1.5829054117202759,2.254326105117798,0.8698305487632751,2.4473845958709717,-0.18853993713855743,2.254326105117798,1.5117353200912476
2.2973806858062744,-1.3952957391738892,2.304487705230713,1.0308244228363037,2.44926118850708,-0.05292917788028717,2.304487705230713,1.6021820306777954
2.4017820358276367,-1.1911269426345825,2.300258159637451,1.1702747344970703,2.4424288272857666,0.05051961541175842,2.300258159637451,1.671311855316162
2.478848457336426,-0.9714858531951904,2.3261289596557617,1.2948013544082642,2.4229819774627686,0.18341496586799622,2.3261289596557617,1.7608822584152222
2.5316710472106934,-0.7455663084983826,2.297880172729492,1.4038418531417847,2.399817943572998,0.2847435474395752,2.297880172729492,1.8301911354064941
2.5632190704345703,-0.5126920938491821,2.373849630355835,1.4985171556472778,2.359750270843506,0.412449449300766,2.373849630355835,1.9194501638412476
2.5755343437194824,-0.2741868495941162,2.3861100673675537,1.5844941139221191,2.296783685684204,0.5604345202445984,2.3861100673675537,2.0267176628112793
2.5673978328704834,-0.035809632390737534,2.358464479446411,1.6652668714523315,2.206425905227661,0.7193863391876221,2.358464479446411,2.148685932159424
2.5397045612335205,0.2024180293083191,2.4253134727478027,1.7488858699798584,2.061894178390503,0.9068223834037781,2.4253134727478027,2.306643009185791
2.494854211807251,0.43930643796920776,2.414130210876465,1.827518105506897,1.86916983127594,1.0853804349899292,2.414130210876465,2.4820191860198975
2.427499771118164,0.6734705567359924,2.432133674621582,1.9203754663467407,1.6238131523132324,1.2401401996612549,2.432133674621582,2.675713062286377
2.3406240940093994,0.9039276838302612,2.4538278579711914,2.0148181915283203,1.3531901836395264,1.3447967767715454,2.4538278579711914,2.869452476501465
2.2263691425323486,1.1212422847747803,2.4696409702301025,2.1305339336395264,1.0708684921264648,1.3951222896575928,2.4696409702301025,3.0609261989593506
2.074796676635742,1.3167016506195068,2.45100474357605,2.403390407562256,0.8075914978981018,1.3932245969772339,2.45100474357605,3.2366747856140137
1.9195359945297241,1.5007554292678833,2.4287989139556885,2.400745391845703,0.556775689125061,1.3475408554077148,2.4287989139556885,3.406841516494751
1.7290390729904175,1.6575701236724854,2.472304105758667,2.5318233966827393,0.3297540545463562,1.2657580375671387,2.472304105758667,3.5678844451904297
1.5227515697479248,1.7923533916473389,2.465524673461914,2.6650798320770264,0.12400756776332855,1.1520928144454956,2.465524673461914,3.7247493267059326
1.2948541641235352,1.88727605342865,2.4674224853515625,2.811622381210327,-0.04255584627389908,1.0246479511260986,2.4674224853515625,3.8646817207336426
1.0565916299819946,1.952049970626831,2.445601463317871,2.9594976902008057,-0.18943969905376434,0.8755394220352173,2.445601463317871,4.004331111907959
0.812575101852417,1.9809653759002686,2.4817121028900146,3.1116933822631836,-0.3134804666042328,0.7084658741950989,2.4817121028900146,4.143166542053223
0.5662828087806702,1.973007082939148,2.4432690143585205,-3.024170160293579,-0.4028910994529724,0.5478315353393555,2.4432690143585205,-2.017380952835083
0.32507333159446716,1.9286991357803345,2.4794042110443115,-2.8764073848724365,-0.4713824689388275,0.3792409300804138,2.4794042110443115,-1.8959916830062866
0.09337526559829712,1.8508367538452148,2.415517807006836,-2.7261290550231934,-0.5190281271934509,0.20324315130710602,2.415517807006836,-1.7743613719940186
-0.12150350213050842,1.738710641860962,2.4523568153381348,-2.5683467388153076,-0.5424737334251404,0.050073590129613876,2.4523568153381348,-1.6710129976272583
-0.3118599057197571,1.596378207206726,2.3546698093414307,-2.40242862701416,-0.5499985814094543,-0.10206539183855057,2.3546698093414307,-1.5694193840026855
-0.4734806716442108,1.426772952079773,2.3651058673858643,-2.2366976737976074,-0.5419222116470337,-0.2554607391357422,2.3651058673858643,-1.46696937084198
-0.6044004559516907,1.2365721464157104,2.2876224517822266,-2.0772178173065186,-0.5233333706855774,-0.3815825879573822,2.2876224517822266,-1.3819541931152344
-0.7053208351135254,1.0260961055755615,2.334696054458618,-1.9278590679168701,-0.49249714612960815,-0.5113417506217957,2.334696054458618,-1.293009638786316
-0.770490825176239,0.8084098100662231,2.293606758117676,-1.7747910022735596,-0.45335447788238525,-0.6297133564949036,2.293606758117676,-1.2098686695098877
-0.7996140718460083,0.5836095213890076,2.2617924213409424,-1.622037649154663,-0.4132159352302551,-0.7258133292198181,2.2617924213409424,-1.140424370765686
-0.7952929735183716,0.35593828558921814,2.2587552070617676,-1.4799984693527222,-0.378115177154541,-0.7972159385681152,2.2587552070617676,-1.0873756408691406
-0.7584187984466553,0.13166922330856323,2.3031153678894043,-1.3388383388519287,-0.34002605080604553,-0.8653971552848816,2.3031153678894043,-1.0353037118911743
-0.6902299523353577,-0.08719836175441742,2.2705273628234863,-1.2064133882522583,-0.3254392147064209,-0.8894649147987366,2.2705273628234863,-1.0165413618087769
-0.5976780652999878,-0.2967627942562103,2.281223773956299,-1.0862197875976562,-0.3255191445350647,-0.8893356919288635,2.281223773956299,-1.016642689704895
-0.481190949678421,-0.4969686269760132,2.340507984161377,-0.9820706844329834,-0.41114363074302673,-0.7303078770637512,2.340507984161377,-1.1371248960494995
-0.3458099663257599,-0.6892062425613403,2.337216854095459,-0.9058918356895447,-0.30827561020851135,-0.9165430068969727,2.337216854095459,-0.9951679706573486
-0.20112338662147522,-0.8754075765609741,2.3600571155548096,-0.8610485792160034,-0.14690233767032623,-1.123134970664978,2.3600571155548096,-0.8201794028282166
-0.04984312504529953,-1.0596846342086792,2.3657398223876953,-0.8257855176925659,0.04951507970690727,-1.2996361255645752,2.3657398223876953,-0.6439052820205688
0.11353588104248047,-1.240371584892273,2.4780163764953613,-0.7906150817871094,0.2761336863040924,-1.4401135444641113,2.4780163764953613,-0.4659191966056824
0.28719428181648254,-1.4135347604751587,2.431079626083374,-0.7309378385543823,0.4956338107585907,-1.5295283794403076,2.431079626083374,-0.30774548649787903
0.47500938177108765,-1.57432222366333,2.4624409675598145,-0.6424030065536499,1.118343710899353,-1.5905234813690186,2.4624409675598145,0.11246611922979355
0.6780603528022766,-1.7151212692260742,2.4767842292785645,-0.5310322046279907,1.546639323234558,-1.4762345552444458,2.4767842292785645,0.4090735614299774
0.8957101702690125,-1.8298094272613525,2.4519622325897217,-0.39135855436325073,1.8610053062438965,-1.2916666269302368,2.4519622325897217,0.652704119682312
1.1164348125457764,-1.9591354131698608,2.5913314819335938,-0.46660611033439636,2.128326416015625,-1.0281956195831299,2.5913314819335938,0.9035858511924744
1.1164348125457764,-1.9591354131698608,0.0,-0.46660611033439636,1.9536958932876587,-1.2147172689437866,0.0,0.7330383062362671
1.6113282442092896,-1.9688959121704102,5.072818279266357,0.05825791507959366,2.4219753742218018,-0.38859763741493225,5.072818279266357,1.3771907091140747
1.8470033407211304,-1.9334520101547241,2.380328416824341,0.23540768027305603,2.4177815914154053,-0.4092201590538025,2.380328416824341,1.3631608486175537
2.080329418182373,-1.880417823791504,2.3644211292266846,0.3070472478866577,2.44659686088562,-0.20098534226417542,2.3644211292266846,1.5034217834472656
2.306487560272217,-1.7990556955337524,2.4326999187469482,0.42259761691093445,2.4460086822509766,0.009351505897939205,2.4326999187469482,1.6437621116638184
2.5145249366760254,-1.6872996091842651,2.367418050765991,0.5829007029533386,2.4223384857177734,0.1867387443780899,2.367418050765991,1.763139247894287
2.701380968093872,-1.5442973375320435,2.3565094470977783,0.7405227422714233,2.3766841888427734,0.36321911215782166,2.3565094470977783,1.8847408294677734
2.8555779457092285,-1.3633368015289307,2.346259355545044,1.0362255573272705,2.3194515705108643,0.512047529220581,2.346259355545044,1.991093397140503
2.8555779457092285,-1.3633368015289307,0.0,1.0362255573272705,2.3988888263702393,0.2882285714149475,0.0,1.832595705986023
2.8555779457092285,-1.3633368015289307,0.0,1.0362255573272705,2.3988888263702393,0.2882285714149475,0.0,1.832595705986023
2.8555779457092285,-1.3633368015289307,0.0,1.0362255573272705,2.3988888263702393,0.2882285714149475,0.0,1.832595705986023
3.2097699642181396,-0.5338913202285767,8.999871253967285,1.342482566833496,1.402301549911499,1.3301829099655151,8.999871253967285,2.8352911472320557
3.2740225791931152,-0.30972251296043396,2.3477513790130615,1.3380649089813232,1.8336379528045654,1.112099051475525,2.3477513790130615,2.511657953262329
3.338235855102539,-0.08269661664962769,2.3381154537200928,1.3460955619812012,1.676940679550171,1.2120813131332397,2.3381154537200928,2.6356558799743652
3.384519577026367,0.1490880250930786,2.3873369693756104,1.445793628692627,1.535414457321167,1.2810466289520264,2.3873369693756104,2.7406609058380127
3.3969907760620117,0.3843616545200348,2.3504209518432617,1.5933457612991333,1.3885724544525146,1.3344526290893555,2.3504209518432617,2.844876289367676
3.373783826828003,0.6167154312133789,2.3421475887298584,1.7556347846984863,1.2382841110229492,1.3720368146896362,2.3421475887298584,2.948199987411499
3.3138341903686523,0.8399532437324524,2.3110785484313965,1.9201456308364868,1.0851881504058838,1.3938956260681152,2.3110785484313965,3.051344871520996
3.2175607681274414,1.0472841262817383,2.287233591079712,2.0870444774627686,0.9570266008377075,1.399983525276184,2.287233591079712,3.1369082927703857
3.0902676582336426,1.2345696687698364,2.2641308307647705,2.251844644546509,0.8545147180557251,1.3969577550888062,2.2641308307647705,3.2052924633026123
2.9330997467041016,1.3974732160568237,2.264179229736328,2.421757698059082,0.7244971394538879,1.3829525709152222,2.264179229736328,3.2925000190734863
2.754408836364746,1.5346505641937256,2.253922939300537,2.5666608810424805,0.6226623058319092,1.3638477325439453,2.253922939300537,3.3615880012512207
2.5565297603607178,1.6428128480911255,2.255897283554077,2.7152512073516846,0.5211191177368164,1.3373799324035645,2.255897283554077,3.4315595626831055
2.3439314365386963,1.7217435836791992,2.2693207263946533,2.8543639183044434,0.420711874961853,1.3035149574279785,2.2693207263946533,3.5022172927856445
2.121812105178833,1.7710915803909302,2.2753098011016846,2.9878833293914795,0.3472892940044403,1.2735865116119385,2.2753098011016846,3.555082082748413
1.8933510780334473,1.7955565452575684,2.274787187576294,3.104585886001587,0.27423378825187683,1.2391564846038818,2.274787187576294,3.6089301109313965
1.661014437675476,1.796201467514038,2.3493564128875732,-3.0845227241516113,0.1802578866481781,1.1874381303787231,2.3493564128875732,-2.6027286052703857
1.4272409677505493,1.7793232202529907,2.3417115211486816,-3.005039691925049,0.11223684251308441,1.1442478895187378,2.3417115211486816,3.734179735183716
1.192333698272705,1.7443970441818237,2.3492445945739746,-2.931270122528076,0.025034883990883827,1.0808639526367188,2.3492445945739746,-2.477120876312256
0.9619302749633789,1.6834861040115356,2.4130613803863525,-2.8045434951782227,-0.03612422198057175,1.0302915573120117,2.4130613803863525,3.8589773178100586
0.7442209124565125,1.590587854385376,2.343646287918091,-2.644503593444824,-0.09276542067527771,0.978257954120636,2.343646287918091,-2.372926712036133
0.5456598401069641,1.464177131652832,2.371420383453369,-2.4910404682159424,-0.11049448698759079,0.9608258605003357,2.371420383453369,-2.3563506603240967
0.37189504504203796,1.310918927192688,2.3073244094848633,-2.327975273132324,-0.05077557638287544,1.017339825630188,2.3073244094848633,-2.4111711978912354
0.22273948788642883,1.1355799436569214,2.30922794342041,-2.2054879665374756,0.01023879274725914,1.0691231489181519,2.30922794342041,3.8186566829681396
0.09105043113231659,0.9427126049995422,2.341043472290039,-2.1083686351776123,-0.16332314908504486,0.9052420258522034,2.341043472290039,-2.305222511291504
-0.027954019606113434,0.7404799461364746,2.333235025405884,-2.0305263996124268,-0.32155758142471313,0.6957017779350281,2.333235025405884,-2.129948616027832
-0.12076487392187119,0.5255621075630188,2.3610122203826904,-1.9129592180252075,-0.4498259425163269,0.4389687478542328,2.3610122203826904,-1.938327431678772
-0.2019837647676468,0.30364638566970825,2.341688871383667,-1.8668291568756104,-0.5273316502571106,0.1597907692193985,2.341688871383667,-1.7448679208755493
-0.2722313404083252,0.07523044943809509,2.3819503784179688,-1.8125684261322021,-0.5497092604637146,-0.1295325607061386,2.3819503784179688,-1.5511066913604736
-0.32770946621894836,-0.15786834061145782,2.4304630756378174,-1.7367749214172363,-0.5163865685462952,-0.4157696068286896,2.4304630756378174,-1.3586965799331665
-0.3637482821941376,-0.3966868221759796,2.4136552810668945,-1.6496405601501465,-0.43855375051498413,-0.6673786044120789,2.4136552810668945,-1.1828886270523071
-0.3767346739768982,-0.6404308080673218,2.442389965057373,-1.5419551134109497,-0.33136796951293945,-0.8798051476478577,2.442389965057373,-1.0240974426269531
-0.35862720012664795,-0.8833515048027039,2.437703847885132,-1.4195103645324707,-0.008058469742536545,-1.2541767358779907,2.437703847885132,-0.6928148865699768
-0.30885833501815796,-1.122656226158142,2.424158811569214,-1.2830810546875,0.44525331258773804,-1.5125263929367065,2.424158811569214,-0.3431953489780426
-0.22637590765953064,-1.3518331050872803,2.4565093517303467,-1.137953281402588,0.8271865248680115,-1.594963788986206,2.4565093517303467,-0.08196739852428436
-0.11267880350351334,-1.5672987699508667,2.4334828853607178,-0.9900488257408142,1.1407458782196045,-1.5878225564956665,2.4334828853607178,0.12750917673110962
0.03206855058670044,-1.7628023624420166,2.4127273559570312,-0.8515945672988892,1.420782208442688,-1.524206519126892,2.4127273559570312,0.3192502558231354
0.20160306990146637,-1.9325828552246094,2.4118638038635254,-0.6942915320396423,1.6580121517181396,-1.4223912954330444,2.4118638038635254,0.4915672242641449
0.39148351550102234,-2.071176290512085,2.3404314517974854,-0.5402113199234009,1.8312416076660156,-1.3138422966003418,2.3404314517974854,0.6279590725898743
0.5993918180465698,-2.175232410430908,2.346341371536255,-0.3792822062969208,1.9897371530532837,-1.181178331375122,2.346341371536255,0.7658613324165344
0.8204411268234253,-2.244241237640381,2.3183021545410156,-0.22354421019554138,2.1131668090820312,-1.0471235513687134,2.3183021545410156,0.887418806552887
1.0418355464935303,-2.2753405570983887,2.2348296642303467,-0.03739619255065918,2.2156448364257812,-0.905073344707489,2.2348296642303467,1.0042567253112793
1.2680299282073975,-2.2693288326263428,2.2357776165008545,0.1201736107468605,2.2940683364868164,-0.7659432888031006,2.2357776165008545,1.1107805967330933
1.4854835271835327,-2.226356029510498,2.2445755004882812,0.29395389556884766,2.354703187942505,-0.6261262893676758,2.2445755004882812,1.21242356300354
1.6944122314453125,-2.1537187099456787,2.2148122787475586,0.4623919129371643,2.4018869400024414,-0.47686147689819336,2.2148122787475586,1.3168342113494873
1.8939738273620605,-2.0500833988189697,2.224087715148926,0.583273708820343,2.429812431335449,-0.34526577591896057,2.224087715148926,1.406548261642456
2.0701799392700195,-1.9124243259429932,2.2600388526916504,0.7390885353088379,2.4454598426818848,-0.21661770343780518,2.2600388526916504,1.4929726123809814
2.223374366760254,-1.7475818395614624,2.2250289916992188,0.8860920071601868,2.4499189853668213,-0.08440295606851578,2.2250289916992188,1.581194519996643
2.3509862422943115,-1.5641483068466187,2.231260061264038,1.0468727350234985,2.445302963256836,0.018612436950206757,2.231260061264038,1.6499539613723755
2.449112892150879,-1.3609496355056763,2.2884116172790527,1.1813446283340454,2.4330592155456543,0.12480123341083527,2.2884116172790527,1.7212306261062622
2.519948720932007,-1.143842339515686,2.272825241088867,1.3200490474700928,2.4131686687469482,0.23035995662212372,2.272825241088867,1.7928568124771118
2.566005229949951,-0.9192679524421692,2.2850828170776367,1.438007116317749,2.3936355113983154,0.30732813477516174,2.2850828170776367,1.8458017110824585
2.586515426635742,-0.6887356638908386,2.3282361030578613,1.532028079032898,2.3609619140625,0.40910354256629944,2.3282361030578613,1.9170777797698975
2.589693307876587,-0.4571055471897125,2.284623861312866,1.6190775632858276,2.3323025703430176,0.4824424982070923,2.284623861312866,1.9695770740509033
2.574875593185425,-0.221132293343544,2.4074716567993164,1.6912587881088257,2.2740368843078613,0.6049299836158752,2.4074716567993164,2.0600342750549316
2.5436530113220215,0.014191619120538235,2.3747358322143555,1.768658995628357,2.207042694091797,0.7184396982192993,2.3747358322143555,2.147932767868042
2.4968652725219727,0.24833552539348602,2.3852453231811523,1.8307061195373535,2.0799930095672607,0.8864662647247314,2.3852453231811523,2.2884836196899414
2.4350059032440186,0.48045679926872253,2.3630270957946777,1.894999384880066,1.9106507301330566,1.0520200729370117,2.3630270957946777,2.4465296268463135
2.3566792011260986,0.710719883441925,2.474189043045044,1.9655263423919678,1.6705571413040161,1.2155977487564087,2.474189043045044,2.640514373779297
2.2607474327087402,0.9356620907783508,2.4410974979400635,2.0495352745056152,1.3800150156021118,1.3370411396026611,2.4410974979400635,2.8508365154266357
2.1444497108459473,1.1521975994110107,2.424372911453247,2.137376308441162,1.0705987215042114,1.3951441049575806,2.424372911453247,3.0611066818237305
2.0038275718688965,1.3530620336532593,2.490915536880493,2.2583353519439697,0.7836863994598389,1.3907513618469238,2.490915536880493,3.2526967525482178
1.838401198387146,1.5363826751708984,2.441108465194702,2.3849949836730957,0.500642716884613,1.3311107158660889,2.441108465194702,3.445836067199707
1.6496331691741943,1.6971617937088013,2.4807026386260986,2.520308017730713,0.25804346799850464,1.2308629751205444,2.4807026386260986,3.6210575103759766
1.4413423538208008,1.827809453010559,2.491018056869507,2.6726603507995605,0.06004692614078522,1.107469916343689,2.491018056869507,3.776747465133667
1.2149296998977661,1.9252543449401855,2.4687459468841553,2.820680618286133,-0.09978101402521133,0.9714288711547852,2.4687459468841553,3.916785717010498
0.9759243130683899,1.9875946044921875,2.4369258880615234,2.9690635204315186,-0.2389896959066391,0.8144962787628174,2.4369258880615234,4.0567522048950195
0.7321077585220337,2.0137722492218018,2.4396400451660156,3.1193768978118896,-0.3538106679916382,0.6416722536087036,2.4396400451660156,4.195188999176025
0.4863584637641907,2.004187822341919,2.467552900314331,-3.017449140548706,-0.4347556233406067,0.47658634185791016,2.467552900314331,-1.9653443098068237
0.24734121561050415,1.9581890106201172,2.4408376216888428,-2.866365671157837,-0.4940186142921448,0.3059682548046112,2.4408376216888428,-1.8448598384857178
0.017922738566994667,1.8765665292739868,2.4634578227996826,-2.7155470848083496,-0.5327457189559937,0.12685924768447876,2.4634578227996826,-1.7226184606552124
-0.19287940859794617,1.7642191648483276,2.3833961486816406,-2.5575942993164062,-0.5481109619140625,-0.024743594229221344,2.3833961486816406,-1.620988368988037
-0.3788517415523529,1.6209821701049805,2.3278868198394775,-2.393648147583008,-0.547990083694458,-0.17762498557567596,2.3278868198394775,-1.5190231800079346
-0.5376192331314087,1.452090859413147,2.329390525817871,-2.235896110534668,-0.5321251749992371,-0.3308788239955902,2.329390525817871,-1.4162627458572388
-0.6668246388435364,1.2627027034759521,2.3099169731140137,-2.0773355960845947,-0.506968080997467,-0.4567127823829651,2.3099169731140137,-1.3306872844696045
-0.7650678157806396,1.0539394617080688,2.3072915077209473,-1.9312803745269775,-0.4698639214038849,-0.583721399307251,2.3072915077209473,-1.242447018623352
-0.829328179359436,0.8377225399017334,2.227396249771118,-1.7754089832305908,-0.43465515971183777,-0.6768275499343872,2.227396249771118,-1.1760741472244263
-0.8581247925758362,0.6151224374771118,2.2722737789154053,-1.6269071102142334,-0.3915412724018097,-0.7710193991661072,2.2722737789154053,-1.1070003509521484
-0.854212760925293,0.389732301235199,2.2320096492767334,-1.4787633419036865,-0.35410574078559875,-0.8411533236503601,2.2320096492767334,-1.0539944171905518
-0.817601203918457,0.16759800910949707,2.2734122276306152,-1.3351337909698486,-0.31368738412857056,-0.9081424474716187,2.2734122276306152,-1.0018298625946045
-0.7489607334136963,-0.0484243668615818,2.2505156993865967,-1.2008148431777954,-0.283841997385025,-0.953014612197876,2.2505156993865967,-0.9659004807472229
-0.6556938886642456,-0.25473958253860474,2.269138813018799,-1.072111964225769,-0.2689116597175598,-0.9742164015769958,2.269138813018799,-0.9486127495765686
-0.5365340113639832,-0.44898346066474915,2.25957989692688,-0.9609272480010986,-0.3122037351131439,-0.9104577302932739,2.25957989692688,-0.9999966025352478
-0.39821597933769226,-0.636901319026947,2.363072395324707,-0.8816748857498169,-0.33692628145217896,-0.8705976605415344,2.363072395324707,-1.031267523765564
-0.24791866540908813,-0.8153315782546997,2.332486867904663,-0.8127921223640442,-0.20055930316448212,-1.0623997449874878,2.332486867904663,-0.8742141127586365
-0.0873105376958847,-0.9895411729812622,2.3816652297973633,-0.7762972712516785,-0.013163955882191658,-1.2499196529388428,2.3816652297973633,-0.6972465515136719
0.08036526292562485,-1.1601275205612183,2.371424674987793,-0.7461472153663635,0.20309978723526,-1.4008228778839111,2.371424674987793,-0.5212141871452332
0.25695815682411194,-1.3276461362838745,2.4260268211364746,-0.7057223320007324,0.4442956745624542,-1.5121837854385376,2.4260268211364746,-0.34387338161468506
0.44591590762138367,-1.4846198558807373,2.468315839767456,-0.637431263923645,0.6736428141593933,-1.5743224620819092,2.468315839767456,-0.1852966696023941
0.6458999514579773,-1.627440094947815,2.4362237453460693,-0.550661563873291,1.2972861528396606,-1.5592437982559204,2.4362237453460693,0.2336440235376358
0.8611485362052917,-1.7477322816848755,2.4628288745880127,-0.4344596564769745,1.731932282447815,-1.3800710439682007,2.4628288745880127,0.548359751701355
1.0781919956207275,-1.8865584135055542,2.6000757217407227,-0.5128717422485352,2.0441925525665283,-1.1260324716567993,2.6000757217407227,0.8175346255302429
1.0781919956207275,-1.8865584135055542,0.0,-0.5128717422485352,1.8527225255966187,-1.2979532480239868,0.0,0.6457718014717102
1.5713800191879272,-1.9194707870483398,4.988033771514893,0.015390819869935513,2.4108469486236572,-0.4404793679714203,4.988033771514893,1.3418142795562744
1.8101609945297241,-1.9026751518249512,2.390531301498413,0.171538844704628,2.406346559524536,-0.459241658449173,2.390531301498413,1.3289512395858765
2.044860601425171,-1.8540385961532593,2.3621153831481934,0.301402747631073,2.44220232963562,-0.2527477741241455,2.3621153831481934,1.468787670135498
2.267324209213257,-1.7699904441833496,2.4151620864868164,0.45602306723594666,2.4490082263946533,-0.04546043276786804,2.4151620864868164,1.6071640253067017
2.473175525665283,-1.6528042554855347,2.3441550731658936,0.5926870703697205,2.4269940853118896,0.1617036610841751,2.3441550731658936,1.7461628913879395
2.653151273727417,-1.5074741840362549,2.312162399291992,0.7614323496818542,2.3857061862945557,0.33445072174072266,2.312162399291992,1.8646405935287476
2.805203437805176,-1.324233889579773,2.403726816177368,1.0508769750595093,2.3297817707061768,0.48838940262794495,2.403726816177368,1.9738831520080566
2.929331064224243,-1.133131504058838,2.284963369369507,1.2143049240112305,2.2656657695770264,0.6204327940940857,2.284963369369507,2.07177996635437
3.0169105529785156,-0.9258975386619568,2.2209296226501465,1.366391658782959,2.1847994327545166,0.7516279220581055,2.2209296226501465,2.1745686531066895
3.0881359577178955,-0.7143834233283997,2.2428135871887207,1.3822007179260254,2.0901834964752197,0.8746699690818787,2.2428135871887207,2.2780911922454834
3.114733934402466,-0.48722997307777405,2.2811439037323,1.5200042724609375,1.9969500303268433,0.9741953015327454,2.2811439037323,2.3690383434295654
3.1104214191436768,-0.2577904462814331,2.301799774169922,1.6646109819412231,1.8987438678741455,1.0618455410003662,2.301799774169922,2.4568212032318115
3.0703070163726807,-0.031854379922151566,2.3147640228271484,1.8234665393829346,1.793880820274353,1.1401069164276123,2.3147640228271484,2.5440807342529297
2.996555805206299,0.18566405773162842,2.2936928272247314,1.9720616340637207,1.7051366567611694,1.1960588693618774,2.2936928272247314,2.614035129547119
2.8938229084014893,0.3920453190803528,2.276437759399414,2.1074206829071045,1.5885300636291504,1.2573058605194092,2.276437759399414,2.701871871948242
2.761544942855835,0.5821744799613953,2.349942445755005,2.2395503520965576,1.4912863969802856,1.298931360244751,2.349942445755005,2.7724053859710693
2.612119197845459,0.7617233395576477,2.3379645347595215,2.34439754486084,1.390494704246521,1.3338634967803955,2.3379645347595215,2.843535900115967
2.443713426589966,0.925717294216156,2.350675106048584,2.4389724731445312,1.2624119520187378,1.3671056032180786,2.350675106048584,2.9317820072174072
2.2599258422851562,1.0752530097961426,2.3612191677093506,2.527907133102417,1.157455563545227,1.385584831237793,2.3612191677093506,3.0028440952301025
2.0627012252807617,1.2083449363708496,2.354586124420166,2.6093220710754395,1.0000393390655518,1.399165153503418,2.354586124420166,3.108226776123047
1.852946400642395,1.3271290063858032,2.420288324356079,2.6889712810516357,0.8399452567100525,1.3959572315216064,2.420288324356079,3.2150285243988037
1.632662296295166,1.4322017431259155,2.448016405105591,2.7584569454193115,0.6298812031745911,1.365443229675293,2.448016405105591,3.356659412384033
1.4044452905654907,1.5233339071273804,2.477567195892334,2.822657823562622,0.4030121862888336,1.2967119216918945,2.477567195892334,3.5148587226867676
1.168137550354004,1.5992770195007324,2.4849207401275635,2.89372181892395,0.16667716205120087,1.1792205572128296,2.4849207401275635,3.6910390853881836
0.9244247078895569,1.6571577787399292,2.4751136302948,2.9790139198303223,-0.04526428133249283,1.0222517251968384,2.4751136302948,3.8670926094055176
0.6747706532478333,1.691888451576233,2.529280662536621,3.0786209106445312,-0.2420656830072403,0.8104830384254456,2.529280662536621,4.060122966766357
0.42136549949645996,1.6985926628112793,2.531566619873047,-3.0814425945281982,-0.38271868228912354,0.5883755683898926,2.531566619873047,-2.047572374343872
0.17013181746006012,1.67307448387146,2.5256872177124023,-2.9563486576080322,-0.4817185699939728,0.3474169969558716,2.5256872177124023,-1.8736844062805176
-0.07597434520721436,1.6150000095367432,2.5305261611938477,-2.826681613922119,-0.5341323614120483,0.11760298162698746,2.5305261611938477,-1.7163786888122559
-0.3062683343887329,1.5235285758972168,2.502371311187744,-2.66211199760437,-0.5499505996704102,-0.11217538267374039,2.502371311187744,-1.5626792907714844
-0.51739102602005,1.3988871574401855,2.4265122413635254,-2.5050463676452637,-0.5340428352355957,-0.3182128369808197,2.4265122413635254,-1.4248030185699463
-0.7013108730316162,1.246549129486084,2.3966541290283203,-2.346560478210449,-0.4980579614639282,-0.49131593108177185,2.3966541290283203,-1.3068654537200928
-0.8586984276771545,1.0683541297912598,2.3758492469787598,-2.2046236991882324,-0.43997687101364136,-0.6638832688331604,2.3758492469787598,-1.1854045391082764
-0.9821240901947021,0.8716955184936523,2.3374829292297363,-2.0495829582214355,-0.37603166699409485,-0.8011704683303833,2.3374829292297363,-1.0843957662582397
-1.0728610754013062,0.6625662446022034,2.275625705718994,-1.890808343887329,-0.29782021045684814,-0.932433009147644,2.275625705718994,-0.9824870228767395
-1.1292614936828613,0.44137197732925415,2.2845916748046875,-1.7360275983810425,-0.20377598702907562,-1.0585410594940186,2.2845916748046875,-0.8775632381439209
-1.1511718034744263,0.21629182994365692,2.271298408508301,-1.5754363536834717,-0.0987827479839325,-1.1724060773849487,2.271298408508301,-0.7742617726325989
-1.1360868215560913,-0.006305075716227293,2.199554204940796,-1.4324361085891724,-0.0036712749861180782,-1.2578043937683105,2.199554204940796,-0.6890197396278381
-1.0894099473953247,-0.22418737411499023,2.258366107940674,-1.2701078653335571,0.07918698340654373,-1.3213454484939575,2.258366107940674,-0.6193941831588745
-1.0076706409454346,-0.4302748143672943,2.187481164932251,-1.1246967315673828,0.18798264861106873,-1.392025351524353,2.187481164932251,-0.5328747034072876
-0.8971142768859863,-0.6224858164787292,2.2490246295928955,-0.9780044555664062,0.25667521357536316,-1.4301506280899048,2.2490246295928955,-0.48049312829971313
-0.7593487501144409,-0.7978188395500183,2.1995794773101807,-0.8361791968345642,0.3522914946079254,-1.4757704734802246,2.1995794773101807,-0.4098506271839142
-0.5973868370056152,-0.9506576061248779,2.233725070953369,-0.6947653889656067,0.42484036087989807,-1.505064845085144,2.233725070953369,-0.3576847016811371
-0.41686055064201355,-1.085813045501709,2.2824196815490723,-0.5724490284919739,0.47687458992004395,-1.5234297513961792,2.2824196815490723,-0.3208959698677063
-0.21947969496250153,-1.198829174041748,2.258521556854248,-0.4646090567111969,0.5036330223083496,-1.5320463180541992,2.258521556854248,-0.30215469002723694
-0.0115451505407691,-1.294814944267273,2.2841439247131348,-0.37048664689064026,0.480202317237854,-1.524531602859497,2.2841439247131348,-0.31855908036231995
0.2080865502357483,-1.3746933937072754,2.3633456230163574,-0.29784250259399414,0.4106624722480774,-1.4996838569641113,2.3633456230163574,-0.36779454350471497
0.4336186945438385,-1.4425075054168701,2.3576626777648926,-0.235675647854805,0.6380223631858826,-1.5671980381011963,2.3576626777648926,-0.2095145434141159
0.6634315252304077,-1.5014058351516724,2.368373394012451,-0.19747686386108398,0.8731147050857544,-1.598028302192688,2.368373394012451,-0.051279325038194656
0.8960542678833008,-1.55579674243927,2.3524582386016846,-0.17612586915493011,1.1360565423965454,-1.5884162187576294,2.3524582386016846,0.12435799092054367
1.1342474222183228,-1.5999459028244019,2.4633212089538574,-0.12870103120803833,1.5421944856643677,-1.4781529903411865,2.4633212089538574,0.40584617853164673
1.1342474222183228,-1.5999459028244019,0.0,-0.12870103120803833,1.312882900238037,-1.5554436445236206,0.0,0.24434609711170197
1.1342474222183228,-1.5999459028244019,0.0,-0.12870103120803833,1.312882900238037,-1.5554436445236206,0.0,0.24434609711170197
1.1342474222183228,-1.5999459028244019,0.0,-0.12870103120803833,1.312882900238037,-1.5554436445236206,0.0,0.24434609711170197
1.1342474222183228,-1.5999459028244019,0.0,-0.12870103120803833,1.312882900238037,-1.5554436445236206,0.0,0.24434609711170197
1.1342474222183228,-1.5999459028244019,0.0,-0.12870103120803833,1.312882900238037,-1.5554436445236206,0.0,0.24434609711170197
1.1342474222183228,-1.5999459028244019,0.0,-0.12870103120803833,1.312882900238037,-1.5554436445236206,0.0,0.24434609711170197
2.8765084743499756,-1.548856258392334,17.43290138244629,0.21019022166728973,1.1696922779083252,1.3838245868682861,17.43290138244629,2.9946024417877197
3.1345903873443604,-1.5525388717651367,2.5795836448669434,0.0889873057603836,2.2240242958068848,0.691746175289154,2.5795836448669434,2.126840829849243
3.1345903873443604,-1.5525388717651367,0.0,0.0889873057603836,2.340775728225708,0.4619098901748657,0.0,1.9547687768936157
3.1345903873443604,-1.5525388717651367,0.0,0.0889873057603836,2.340775728225708,0.4619098901748657,0.0,1.9547687768936157
3.1345903873443604,-1.5525388717651367,0.0,0.0889873057603836,2.340775728225708,0.4619098901748657,0.0,1.9547687768936157
3.1345903873443604,-1.5525388717651367,0.0,0.0889873057603836,2.340775728225708,0.4619098901748657,0.0,1.9547687768936157
3.1345903873443604,-1.5525388717651367,0.0,0.0889873057603836,2.340775728225708,0.4619098901748657,0.0,1.9547687768936157
3.1345903873443604,-1.5525388717651367,0.0,0.0889873057603836,2.340775728225708,0.4619098901748657,0.0,1.9547687768936157
3.1345903873443604,-1.5525388717651367,0.0,0.0889873057603836,2.340775728225708,0.4619098901748657,0.0,1.9547687768936157
3.1345903873443604,-1.5525388717651367,0.0,0.0889873057603836,2.340775728225708,0.4619098901748657,0.0,1.9547687768936157
3.1345903873443604,-1.5525388717651367,0.0,0.0889873057603836,2.340775728225708,0.4619098901748657,0.0,1.9547687768936157
3.1345903873443604,-1.5525388717651367,0.0,0.0889873057603836,2.340775728225708,0.4619098901748657,0.0,1.9547687768936157
3.1345903873443604,-1.5525388717651367,0.0,0.0889873057603836,2.340775728225708,0.4619098901748657,0.0,1.9547687768936157
3.1345903873443604,-1.5525388717651367,0.0,0.0889873057603836,2.340775728225708,0.4619098901748657,0.0,1.9547687768936157
3.1345903873443604,-1.5525388717651367,0.0,0.0889873057603836,2.340775728225708,0.4619098901748657,0.0,1.9547687768936157
3.1345903873443604,-1.5525388717651367,0.0,0.0889873057603836,2.340775728225708,0.4619098901748657,0.0,1.9547687768936157
3.1345903873443604,-1.5525388717651367,0.0,0.0889873057603836,2.340775728225708,0.4619098901748657,0.0,1.9547687768936157
3.1345903873443604,-1.5525388717651367,0.0,0.0889873057603836,2.340775728225708,0.4619098901748657,0.0,1.9547687768936157
3.1345903873443604,-1.5525388717651367,0.0,0.0889873057603836,2.340775728225708,0.4619098901748657,0.0,1.9547687768936157
3.1345903873443604,-1.5525388717651367,0.0,0.0889873057603836,2.340775728225708,0.4619098901748657,0.0,1.9547687768936157
3.1345903873443604,-1.5525388717651367,0.0,0.0889873057603836,2.340775728225708,0.4619098901748657,0.0,1.9547687768936157
3.1345903873443604,-1.5525388717651367,0.0,0.0889873057603836,2.340775728225708,0.4619098901748657,0.0,1.9547687768936157
3.1345903873443604,-1.5525388717651367,0.0,0.0889873057603836,2.340775728225708,0.4619098901748657,0.0,1.9547687768936157
3.1345903873443604,-1.5525388717651367,0.0,0.0889873057603836,2.340775728225708,0.4619098901748657,0.0,1.9547687768936157
3.1345903873443604,-1.5525388717651367,0.0,0.0889873057603836,2.340775728225708,0.4619098901748657,0.0,1.9547687768936157
