0.4728699326515198,-2.4445698261260986,0.0,-0.9636790156364441,1.9141814708709717,-1.249066710472107,0.0,0.6981316804885864
0.4729134440422058,-2.4446630477905273,0.0010268439073115587,-0.9639012217521667,1.9142602682113647,-1.2490005493164062,0.0010268439073115587,0.6982002854347229
0.4729117453098297,-2.444612741470337,0.0005021949764341116,-0.9636446237564087,1.9142199754714966,-1.2490342855453491,0.0005021949764341116,0.698165237903595
0.4728802740573883,-2.444594383239746,0.00036494978121481836,-0.9637613296508789,1.9142093658447266,-1.2490432262420654,0.00036494978121481836,0.6981559991836548
0.47287821769714355,-2.4446804523468018,0.0008622470195405185,-0.9639216065406799,1.9142473936080933,-1.2490112781524658,0.0008622470195405185,0.6981890797615051
0.4728918671607971,-2.444617748260498,0.0006432746886275709,-0.963569164276123,1.9142305850982666,-1.2490254640579224,0.0006432746886275709,0.6981744766235352
0.4729308784008026,-2.4446611404418945,0.0005809536669403315,-0.9635405540466309,1.9142260551452637,-1.2490291595458984,0.0005809536669403315,0.6981706023216248
0.47287145256996155,-2.4445815086364746,0.0009945688070729375,-0.9636768698692322,1.914257526397705,-1.2490028142929077,0.0009945688070729375,0.6981979608535767
0.47292810678482056,-2.444662570953369,0.000989392981864512,-0.9637086987495422,1.9142571687698364,-1.2490030527114868,0.000989392981864512,0.698197603225708
0.47296223044395447,-2.4446749687194824,0.0003628747654147446,-0.9637488126754761,1.914209246635437,-1.249043345451355,0.0003628747654147446,0.6981558799743652
0.47298943996429443,-2.444587469100952,0.0009171057026833296,-0.9634571075439453,1.9142515659332275,-1.2490078210830688,0.0009171057026833296,0.6981927752494812
0.47291868925094604,-2.4446349143981934,0.0008550448110327125,-0.9639698266983032,1.914246678352356,-1.2490118741989136,0.0008550448110327125,0.6981884837150574
0.4728744924068451,-2.44456148147583,0.0008580340654589236,-0.963330864906311,1.9142470359802246,-1.249011516571045,0.0008580340654589236,0.698188841342926
0.4728921055793762,-2.4446725845336914,0.0011222785105928779,-0.9640108942985535,1.9142675399780273,-1.2489943504333496,0.0011222785105928779,0.6982067227363586
0.4729234278202057,-2.4446635246276855,0.00032675181864760816,-0.964052140712738,1.9142063856124878,-1.249045729637146,0.00032675181864760816,0.6981534361839294
0.47296813130378723,-2.444669723510742,0.00045016000512987375,-0.9637942910194397,1.9142160415649414,-1.2490376234054565,0.00045016000512987375,0.698161780834198
0.47286704182624817,-2.4446654319763184,0.0010104908142238855,-0.9641121625900269,1.9142589569091797,-1.2490016222000122,0.0010104908142238855,0.6981991529464722
0.4728228747844696,-2.444606065750122,0.0007411752594634891,-0.9638978838920593,1.9142380952835083,-1.2490191459655762,0.0007411752594634891,0.6981810331344604
0.47285664081573486,-2.444714069366455,0.0011322456412017345,-0.9640005230903625,1.914268136024475,-1.2489938735961914,0.0011322456412017345,0.6982071399688721
0.4728793799877167,-2.4446308612823486,0.0008651860407553613,-0.9638094902038574,1.9142475128173828,-1.2490111589431763,0.0008651860407553613,0.6981891989707947
0.47291213274002075,-2.4446520805358887,0.00038699316792190075,-0.9637768864631653,1.9142112731933594,-1.2490415573120117,0.00038699316792190075,0.6981577277183533
0.4728604555130005,-2.444626808166504,0.0005748976254835725,-0.9635030627250671,1.914225459098816,-1.2490296363830566,0.0005748976254835725,0.6981700658798218
0.47286298871040344,-2.4446029663085938,0.00024218477483373135,-0.9636414647102356,1.9141998291015625,-1.2490512132644653,0.00024218477483373135,0.698147714138031
0.4729081988334656,-2.4446892738342285,0.0009721789392642677,-0.9641768336296082,1.9142560958862305,-1.2490040063858032,0.0009721789392642677,0.6981966495513916
0.47291579842567444,-2.4445769786834717,0.0011291338596493006,-0.9634673595428467,1.914267659187317,-1.2489943504333496,0.0011291338596493006,0.6982067227363586
0.4729251265525818,-2.4446513652801514,0.0007477191975340247,-0.9639063477516174,1.9142388105392456,-1.2490184307098389,0.0007477191975340247,0.698181688785553
0.47294482588768005,-2.444692373275757,0.0004546548880171031,-0.9637743234634399,1.9142162799835205,-1.2490373849868774,0.0004546548880171031,0.6981620192527771
0.47284454107284546,-2.4446918964385986,0.0010034609586000443,-0.9640668630599976,1.9142582416534424,-1.24900221824646,0.0010034609586000443,0.6981985569000244
0.47286269068717957,-2.4446005821228027,0.0009319662931375206,-0.9635263085365295,1.914252758026123,-1.2490068674087524,0.0009319662931375206,0.6981937885284424
0.47283029556274414,-2.4445886611938477,0.0003465299669187516,-0.9636820554733276,1.9142078161239624,-1.249044418334961,0.0003465299669187516,0.6981546878814697
0.47290104627609253,-2.444615125656128,0.0007493058801628649,-0.9637593030929565,1.9142392873764038,-1.2490180730819702,0.0007493058801628649,0.6981820464134216
0.4728449583053589,-2.444624423980713,0.0005709790275432169,-0.963919460773468,1.9142249822616577,-1.2490301132202148,0.0005709790275432169,0.6981695890426636
0.4728813171386719,-2.4445693492889404,0.0006600176566280425,-0.9635776877403259,1.9142320156097412,-1.2490242719650269,0.0006600176566280425,0.6981756687164307
0.47290268540382385,-2.4446027278900146,0.00039773245225660503,-0.9634577631950378,1.9142117500305176,-1.249041199684143,0.00039773245225660503,0.6981581449508667
0.4729241728782654,-2.4446310997009277,0.0003527080698404461,-0.9638786315917969,1.9142086505889893,-1.2490438222885132,0.0003527080698404461,0.698155403137207
0.4728975296020508,-2.4446420669555664,0.0002911680785473436,-0.9634870290756226,1.9142035245895386,-1.249048113822937,0.0002911680785473436,0.6981509327888489
0.4728400707244873,-2.444565773010254,0.0009421245777048171,-0.9635800719261169,1.9142545461654663,-1.2490053176879883,0.0009421245777048171,0.6981953978538513
0.47287675738334656,-2.4445865154266357,0.0004261115682311356,-0.9637528657913208,1.9142136573791504,-1.2490395307540894,0.0004261115682311356,0.6981598138809204
0.4728677570819855,-2.4445931911468506,0.00011229993106098846,-0.9636816382408142,1.9141900539398193,-1.2490594387054443,0.00011229993106098846,0.6981391906738281
0.4729110896587372,-2.444612503051758,0.0004738898715004325,-0.9636190533638,1.9142177104949951,-1.249036192893982,0.0004738898715004325,0.6981633305549622
0.47285279631614685,-2.444706678390503,0.001108059543184936,-0.9640310406684875,1.9142662286758423,-1.2489954233169556,0.001108059543184936,0.6982055306434631
0.4728846848011017,-2.444627285003662,0.0008570979116484523,-0.963868260383606,1.914246916770935,-1.2490116357803345,0.0008570979116484523,0.6981887221336365
0.47296738624572754,-2.4447340965270996,0.0013526028487831354,-0.9637811779975891,1.9142849445343018,-1.2489798069000244,0.0013526028487831354,0.698221743106842
0.47291141748428345,-2.444579601287842,0.0016460377955809236,-0.9638065695762634,1.9143072366714478,-1.248961091041565,0.0016460377955809236,0.6982412338256836
0.4728437662124634,-2.4446442127227783,0.0009349135798402131,-0.9638668894767761,1.9142531156539917,-1.2490065097808838,0.0009349135798402131,0.6981940865516663
0.4728797674179077,-2.4445319175720215,0.001178236212581396,-0.9636416435241699,1.9142717123031616,-1.2489908933639526,0.001178236212581396,0.6982102990150452
0.4728942811489105,-2.444688320159912,0.0015649860724806786,-0.9640949368476868,1.9143017530441284,-1.2489657402038574,0.0015649860724806786,0.6982364058494568
0.4729071855545044,-2.444636583328247,0.000534700695425272,-0.963808000087738,1.914222240447998,-1.2490323781967163,0.000534700695425272,0.6981672644615173
0.4728524386882782,-2.4446239471435547,0.0005626784986816347,-0.9636020660400391,1.9142245054244995,-1.249030590057373,0.0005626784986816347,0.6981691718101501
0.4728904962539673,-2.444631338119507,0.00038724049227312207,-0.9638614654541016,1.9142111539840698,-1.2490417957305908,0.00038724049227312207,0.698157548904419
0.47290560603141785,-2.444610357284546,0.00025888491654768586,-0.9636887311935425,1.914201259613037,-1.2490500211715698,0.00025888491654768586,0.6981489658355713
0.472871333360672,-2.4447011947631836,0.0009690664010122418,-0.9640455842018127,1.9142557382583618,-1.2490042448043823,0.0009690664010122418,0.6981964111328125
0.4727838933467865,-2.4445137977600098,0.002076274249702692,-0.9634331464767456,1.9143397808074951,-1.2489336729049683,0.002076274249702692,0.6982695460319519
0.4729078710079193,-2.444699287414551,0.0022195337805896997,-0.9639686942100525,1.914352297782898,-1.2489231824874878,0.0022195337805896997,0.6982804536819458
0.47296375036239624,-2.4446957111358643,0.0005620384472422302,-0.9637413620948792,1.9142242670059204,-1.2490307092666626,0.0005620384472422302,0.6981690526008606
0.4728524684906006,-2.444638729095459,0.001240559620782733,-0.9638455510139465,1.914277195930481,-1.2489862442016602,0.001240559620782733,0.6982150673866272
0.4728776216506958,-2.444582223892212,0.0006233758758753538,-0.9638299942016602,1.9142287969589233,-1.249026894569397,0.0006233758758753538,0.698172926902771
0.4728805720806122,-2.444575786590576,7.093079329933971e-05,-0.9637141227722168,1.9141868352890015,-1.2490620613098145,7.093079329933971e-05,0.6981364488601685
0.47292718291282654,-2.4445762634277344,0.0004656158562283963,-0.9634963870048523,1.9142171144485474,-1.2490366697311401,0.0004656158562283963,0.6981627941131592
0.47280874848365784,-2.4445693492889404,0.0011874291813001037,-0.9636435508728027,1.9142723083496094,-1.2489904165267944,0.0011874291813001037,0.6982107758522034
0.47286030650138855,-2.444601058959961,0.0006046827766112983,-0.9636651277542114,1.9142277240753174,-1.2490277290344238,0.0006046827766112983,0.6981720328330994
0.4728251099586487,-2.4446306228637695,0.0004594247438944876,-0.9639922976493835,1.9142166376113892,-1.2490371465682983,0.0004594247438944876,0.698162317276001
0.4728817939758301,-2.4445409774780273,0.0010640997206792235,-0.9633868932723999,1.9142626523971558,-1.2489985227584839,0.0010640997206792235,0.6982024312019348
0.47285592555999756,-2.4446141719818115,0.0007742457091808319,-0.9635612964630127,1.914240837097168,-1.2490167617797852,0.0007742457091808319,0.6981834769248962
0.4729174077510834,-2.444580078125,0.0007047957624308765,-0.9636698961257935,1.914235234260559,-1.2490215301513672,0.0007047957624308765,0.6981785893440247
0.4728696048259735,-2.444639205932617,0.0007602442055940628,-0.9636391997337341,1.9142396450042725,-1.2490178346633911,0.0007602442055940628,0.6981824040412903
0.47288012504577637,-2.4445643424987793,0.0007448244723491371,-0.9637990593910217,1.9142392873764038,-1.2490180730819702,0.0007448244723491371,0.6981821060180664
0.4728633165359497,-2.4445621967315674,0.00017223598842974752,-0.9634920954704285,1.9141943454742432,-1.2490557432174683,0.00017223598842974752,0.6981430053710938
0.47286003828048706,-2.4446122646331787,0.0004943417152389884,-0.9635134935379028,1.914219856262207,-1.2490344047546387,0.0004943417152389884,0.6981651782989502
0.4728560745716095,-2.444633722305298,0.00022194028133526444,-0.963676929473877,1.9141981601715088,-1.24905264377594,0.00022194028133526444,0.6981462240219116
0.4728955328464508,-2.444664478302002,0.000498822657391429,-0.9637660980224609,1.9142197370529175,-1.2490345239639282,0.000498822657391429,0.6981650590896606
0.4728781580924988,-2.4445626735687256,0.0010298441629856825,-0.9635236263275146,1.9142605066299438,-1.2490003108978271,0.0010298441629856825,0.698200523853302
0.4728727638721466,-2.4446260929107666,0.0006381560815498233,-0.9638412594795227,1.914230227470398,-1.2490257024765015,0.0006381560815498233,0.6981741189956665
0.47289302945137024,-2.4446303844451904,0.00020579982083290815,-0.9637613892555237,1.914197325706482,-1.2490533590316772,0.00020579982083290815,0.6981455087661743
0.4728591740131378,-2.4445552825927734,0.0008288566605187953,-0.9637439846992493,1.914244532585144,-1.2490136623382568,0.0008288566605187953,0.6981866359710693
0.4728727638721466,-2.444654703140259,0.0010017676977440715,-0.9638720154762268,1.9142582416534424,-1.24900221824646,0.0010017676977440715,0.6981986165046692
0.4728773534297943,-2.4447429180145264,0.0008884327253326774,-0.9639813303947449,1.914249062538147,-1.2490098476409912,0.0008884327253326774,0.6981905698776245
0.47291088104248047,-2.444532632827759,0.0021091438829898834,-0.9635815024375916,1.9143445491790771,-1.248929738998413,0.0021091438829898834,0.6982736587524414
0.47282686829566956,-2.4445924758911133,0.0010413213167339563,-0.9639107584953308,1.9142603874206543,-1.2490003108978271,0.0010413213167339563,0.6982004642486572
0.4729207754135132,-2.444554328918457,0.001012682798318565,-0.9633972644805908,1.9142590761184692,-1.2490015029907227,0.001012682798318565,0.6981992721557617
0.4729365110397339,-2.4445743560791016,0.0002555589599069208,-0.9637899994850159,1.9142009019851685,-1.249050259590149,0.0002555589599069208,0.6981486678123474
0.47288626432418823,-2.444633960723877,0.00077590107684955,-0.9641209244728088,1.914241075515747,-1.249016523361206,0.00077590107684955,0.6981836557388306
0.4728696942329407,-2.444610834121704,0.00028614053735509515,-0.9639792442321777,1.91420316696167,-1.2490483522415161,0.00028614053735509515,0.6981506943702698
0.472838819026947,-2.444556713104248,0.0006207085098139942,-0.9636358022689819,1.914229154586792,-1.2490266561508179,0.0006207085098139942,0.6981732249259949
0.47288012504577637,-2.4446396827697754,0.0009224024834111333,-0.9639574289321899,1.9142524003982544,-1.2490071058273315,0.0009224024834111333,0.6981934905052185
0.4728698134422302,-2.44469952583313,0.0006109515088610351,-0.9638836979866028,1.9142279624938965,-1.2490276098251343,0.0006109515088610351,0.6981722116470337
0.4729011058807373,-2.4446539878845215,0.0005544617306441069,-0.9638031721115112,1.9142237901687622,-1.2490311861038208,0.0005544617306441069,0.6981685161590576
0.4729214608669281,-2.4446802139282227,0.0003315696376375854,-0.9637699127197266,1.914206862449646,-1.2490453720092773,0.0003315696376375854,0.6981538534164429
0.4728841483592987,-2.4446325302124023,0.000605635461397469,-0.9640066027641296,1.914227843284607,-1.2490277290344238,0.000605635461397469,0.6981720924377441
0.4729275703430176,-2.4445908069610596,0.0006025976035743952,-0.9636027812957764,1.9142274856567383,-1.249027967453003,0.0006025976035743952,0.698171854019165
0.47292017936706543,-2.44449520111084,0.0009572732960805297,-0.9633990526199341,1.914254903793335,-1.2490050792694092,0.0009572732960805297,0.6981956362724304
0.47287601232528687,-2.4446122646331787,0.0012502842582762241,-0.9638780951499939,1.9142773151397705,-1.2489862442016602,0.0012502842582762241,0.698215126991272
0.4728999137878418,-2.4446167945861816,0.00024120233138091862,-0.9636880159378052,1.9142000675201416,-1.2490509748458862,0.00024120233138091862,0.6981478929519653
0.4729267656803131,-2.4446310997009277,0.0003077891597058624,-0.9635657072067261,1.914204716682434,-1.2490471601486206,0.0003077891597058624,0.6981520056724548
0.4729142487049103,-2.444715976715088,0.0008568190969526768,-0.9640913009643555,1.9142471551895142,-1.249011516571045,0.0008568190969526768,0.6981889009475708
0.47280266880989075,-2.444460391998291,0.0027948252391070127,-0.9634329676628113,1.9143949747085571,-1.2488874197006226,0.0027948252391070127,0.6983176469802856
0.47287219762802124,-2.444439172744751,0.0007269697962328792,-0.9633142948150635,1.914237141609192,-1.249019980430603,0.0007269697962328792,0.6981801390647888
0.4728584289550781,-2.4447226524353027,0.0027999700978398323,-0.9640833735466003,1.9143987894058228,-1.2488842010498047,0.0027999700978398323,0.6983209252357483
0.47285640239715576,-2.444620370864868,0.0010245025623589754,-0.9639638662338257,1.9142597913742065,-1.249000906944275,0.0010245025623589754,0.6981999278068542
0.472926527261734,-2.44465708732605,0.000800649868324399,-0.963832676410675,1.9142420291900635,-1.2490158081054688,0.000800649868324399,0.6981844902038574
0.47288087010383606,-2.444636821746826,0.0004944930551573634,-0.9637351036071777,1.9142197370529175,-1.2490345239639282,0.0004944930551573634,0.6981649994850159
0.47288137674331665,-2.4446866512298584,0.0005007542204111814,-0.9639313817024231,1.914219617843628,-1.2490346431732178,0.0005007542204111814,0.6981649398803711
0.4728665351867676,-2.4446229934692383,0.0006579850451089442,-0.9637033939361572,1.914231538772583,-1.2490246295928955,0.0006579850451089442,0.6981752514839172
0.4728776216506958,-2.444619655609131,0.00011582330625969917,-0.9638580083847046,1.9141902923583984,-1.2490592002868652,0.00011582330625969917,0.6981394290924072
0.47286713123321533,-2.444617986679077,0.00010622227273415774,-0.9639672636985779,1.9141895771026611,-1.249059796333313,0.00010622227273415774,0.6981387734413147
0.472900390625,-2.444643020629883,0.00041597537347115576,-0.9638389945030212,1.9142132997512817,-1.249039888381958,0.00041597537347115576,0.6981594562530518
0.47293713688850403,-2.444474458694458,0.001722416840493679,-0.9631549119949341,1.914313554763794,-1.2489557266235352,0.001722416840493679,0.6982467174530029
0.47290366888046265,-2.4445884227752686,0.0011904452694579959,-0.9637249708175659,1.914272427558899,-1.2489902973175049,0.0011904452694579959,0.6982108950614929
0.47287988662719727,-2.4447059631347656,0.0012006142642349005,-0.9637888073921204,1.9142732620239258,-1.2489895820617676,0.0012006142642349005,0.698211669921875
0.47287803888320923,-2.4446561336517334,0.0004956327611580491,-0.9639776945114136,1.914219617843628,-1.2490346431732178,0.0004956327611580491,0.6981649398803711
0.4729050099849701,-2.4445395469665527,0.0012066124472767115,-0.9635293483734131,1.9142730236053467,-1.2489897012710571,0.0012066124472767115,0.6982114911079407
0.4729069173336029,-2.4447009563446045,0.0016062234062701464,-0.9640219211578369,1.9143050909042358,-1.2489628791809082,0.0016062234062701464,0.6982393264770508
0.4729137122631073,-2.4446635246276855,0.00037907742080278695,-0.9639663696289062,1.914210557937622,-1.2490421533584595,0.00037907742080278695,0.6981570720672607
0.47290360927581787,-2.4445431232452393,0.0012068824144080281,-0.9637688994407654,1.914273977279663,-1.2489889860153198,0.0012068824144080281,0.6982122659683228
0.4728885591030121,-2.444645643234253,0.0010337489657104015,-0.9638371467590332,1.914260745048523,-1.249000072479248,0.0010337489657104015,0.6982007622718811
0.47287312150001526,-2.444652795791626,0.0001697248953860253,-0.9639519453048706,1.9141944646835327,-1.2490557432174683,0.0001697248953860253,0.6981430649757385
0.47292107343673706,-2.4446799755096436,0.0005600004224106669,-0.963580846786499,1.9142236709594727,-1.2490311861038208,0.0005600004224106669,0.6981684565544128
0.4729466438293457,-2.444640874862671,0.00046691871830262244,-0.9637888669967651,1.914217233657837,-1.2490366697311401,0.00046691871830262244,0.698162853717804
0.47290685772895813,-2.4446377754211426,0.0003993858117610216,-0.9637288451194763,1.9142119884490967,-1.249040961265564,0.0003993858117610216,0.698158323764801
0.472984254360199,-2.4446864128112793,0.0009064336190931499,-0.963512122631073,1.914251446723938,-1.2490079402923584,0.0009064336190931499,0.6981926560401917
0.47294124960899353,-2.4446356296539307,0.0006697842036373913,-0.9634403586387634,1.9142323732376099,-1.2490239143371582,0.0006697842036373913,0.6981760859489441
0.47292953729629517,-2.4446582794189453,0.00025531233404763043,-0.9635487794876099,1.9142009019851685,-1.249050259590149,0.00025531233404763043,0.6981487274169922
0.4728543758392334,-2.4446487426757812,0.0007527401321567595,-0.9640060067176819,1.9142394065856934,-1.2490179538726807,0.0007527401321567595,0.698182225227356
0.47292017936706543,-2.4446468353271484,0.0006632602890022099,-0.963726282119751,1.9142318964004517,-1.2490243911743164,0.0006632602890022099,0.6981756091117859
0.4728829264640808,-2.444615364074707,0.0004879762709606439,-0.9635714292526245,1.914218783378601,-1.249035358428955,0.0004879762709606439,0.6981642246246338
0.4729142487049103,-2.44461727142334,0.000314072472974658,-0.9636630415916443,1.9142054319381714,-1.2490464448928833,0.000314072472974658,0.6981526017189026
0.47292301058769226,-2.4446139335632324,9.370223415317014e-05,-0.9640105366706848,1.9141886234283447,-1.2490606307983398,9.370223415317014e-05,0.6981379389762878
0.4728716313838959,-2.444643020629883,0.0005913233035244048,-0.964057445526123,1.9142266511917114,-1.2490286827087402,0.0005913233035244048,0.698171079158783
0.4728944003582001,-2.44459867477417,0.0004984558909200132,-0.9637447595596313,1.914219617843628,-1.2490346431732178,0.0004984558909200132,0.6981649398803711
0.4729464650154114,-2.444617986679077,0.0005550247733481228,-0.9636576771736145,1.9142239093780518,-1.2490309476852417,0.0005550247733481228,0.6981686949729919
0.4729172885417938,-2.444690465927124,0.0007818063604645431,-0.9638280272483826,1.9142413139343262,-1.2490164041519165,0.0007818063604645431,0.6981837749481201
0.4729561507701874,-2.444784641265869,0.0010185838909819722,-0.9640219211578369,1.914259433746338,-1.249001145362854,0.0010185838909819722,0.6981996297836304
0.47287020087242126,-2.4445815086364746,0.00219980301335454,-0.963599681854248,1.9143503904342651,-1.2489248514175415,0.00219980301335454,0.6982787251472473
0.47286322712898254,-2.4446027278900146,0.00022406218340620399,-0.9636375904083252,1.9141985177993774,-1.2490522861480713,0.00022406218340620399,0.6981465816497803
0.4728683531284332,-2.444692850112915,0.0008947059977799654,-0.9639826416969299,1.9142506122589111,-1.2490086555480957,0.0008947059977799654,0.6981918811798096
0.4729468524456024,-2.44464111328125,0.0009387911995872855,-0.9635822176933289,1.9142534732818604,-1.2490062713623047,0.0009387911995872855,0.6981943845748901
0.4729520380496979,-2.444700241088867,0.0005987990880385041,-0.9640780687332153,1.9142268896102905,-1.2490285634994507,0.0005987990880385041,0.6981712579727173
0.4728443920612335,-2.444481372833252,0.0024172256235033274,-0.9631251692771912,1.9143682718276978,-1.248909831047058,0.0024172256235033274,0.6982942819595337
0.47292330861091614,-2.444608449935913,0.0014996554236859083,-0.9635819792747498,1.91429603099823,-1.2489705085754395,0.0014996554236859083,0.6982313990592957
0.47286170721054077,-2.444607734680176,0.000614782387856394,-0.9637067317962646,1.9142285585403442,-1.2490270137786865,0.000614782387856394,0.6981727480888367
0.47293612360954285,-2.4446256160736084,0.0007624636054970324,-0.9635805487632751,1.9142400026321411,-1.2490174770355225,0.0007624636054970324,0.6981827020645142
0.4729066789150238,-2.4445855617523193,0.0005032100016251206,-0.9636259078979492,1.9142194986343384,-1.2490347623825073,0.0005032100016251206,0.6981648206710815
0.4728829264640808,-2.444641351699829,0.0006027641356922686,-0.9639753103256226,1.914227843284607,-1.2490277290344238,0.0006027641356922686,0.6981721520423889
0.47297319769859314,-2.444603681564331,0.000989979482255876,-0.963780403137207,1.9142563343048096,-1.2490037679672241,0.000989979482255876,0.6981968879699707
0.47293275594711304,-2.4446847438812256,0.000905126566067338,-0.9637948870658875,1.9142508506774902,-1.2490084171295166,0.000905126566067338,0.6981921195983887
0.47289398312568665,-2.444627046585083,0.0006859430577605963,-0.9635911583900452,1.9142346382141113,-1.2490220069885254,0.0006859430577605963,0.6981780529022217
0.4728762209415436,-2.4447507858276367,0.0012661181390285492,-0.9637902975082397,1.914277195930481,-1.2489863634109497,0.0012661181390285492,0.6982150673866272
0.47294363379478455,-2.444736957550049,0.000688674917910248,-0.963765561580658,1.9142341613769531,-1.2490224838256836,0.000688674917910248,0.6981775760650635
0.4729045033454895,-2.4446253776550293,0.0011761661153286695,-0.9635310769081116,1.9142719507217407,-1.2489906549453735,0.0011761661153286695,0.6982105374336243
0.4729572534561157,-2.444638729095459,0.0005467876908369362,-0.9637821912765503,1.914223074913025,-1.249031662940979,0.0005467876908369362,0.6981679797172546
0.4729510545730591,-2.4445860385894775,0.0005304964142851532,-0.9634266495704651,1.914222002029419,-1.2490326166152954,0.0005304964142851532,0.698167085647583
0.4729767441749573,-2.444671154022217,0.0008886866271495819,-0.9636285305023193,1.9142495393753052,-1.2490094900131226,0.0008886866271495819,0.6981909871101379
0.47290900349617004,-2.4445252418518066,0.001606097794137895,-0.9639266133308411,1.9143046140670776,-1.2489632368087769,0.001606097794137895,0.6982389688491821
0.4729699194431305,-2.444718360900879,0.002028553280979395,-0.9639824032783508,1.9143365621566772,-1.2489365339279175,0.002028553280979395,0.6982666850090027
0.4729774296283722,-2.444636821746826,0.0008184826583601534,-0.9633982181549072,1.9142441749572754,-1.2490140199661255,0.0008184826583601534,0.6981862783432007
0.47291940450668335,-2.4445981979370117,0.0006981406477279961,-0.9638315439224243,1.9142347574234009,-1.2490218877792358,0.0006981406477279961,0.6981781721115112
0.472981721162796,-2.444633960723877,0.0007181133260019124,-0.9634699821472168,1.9142364263534546,-1.2490204572677612,0.0007181133260019124,0.6981796026229858
0.47292017936706543,-2.444633722305298,0.0006164460792206228,-0.9636565446853638,1.9142285585403442,-1.249027132987976,0.0006164460792206228,0.6981727480888367
0.47289928793907166,-2.444566488265991,0.0007031222339719534,-0.9634825587272644,1.9142353534698486,-1.2490214109420776,0.0007031222339719534,0.6981786489486694
0.47295668721199036,-2.4446089267730713,0.0007136571803130209,-0.9634711742401123,1.914236068725586,-1.2490208148956299,0.0007136571803130209,0.698179304599762
0.47286325693130493,-2.444697618484497,0.0012710844166576862,-0.9637948870658875,1.9142800569534302,-1.2489838600158691,0.0012710844166576862,0.6982175707817078
0.4729476571083069,-2.4445881843566895,0.001406530849635601,-0.9635637998580933,1.9142873287200928,-1.248977780342102,0.001406530849635601,0.6982238292694092
0.4729432165622711,-2.444611072540283,0.0002334882883587852,-0.9636830687522888,1.9141992330551147,-1.2490516901016235,0.0002334882883587852,0.6981472373008728
0.472868412733078,-2.4446470737457275,0.0008288532262668014,-0.9638610482215881,1.9142450094223022,-1.2490133047103882,0.0008288532262668014,0.6981870532035828
0.47289443016052246,-2.4445652961730957,0.0008591781370341778,-0.9633852243423462,1.9142471551895142,-1.249011516571045,0.0008591781370341778,0.6981889009475708
0.47282111644744873,-2.4446423053741455,0.0010497431503608823,-0.9635037779808044,1.9142628908157349,-1.2489982843399048,0.0010497431503608823,0.6982026100158691
0.47288617491722107,-2.4446773529052734,0.0007465663948096335,-0.9636279940605164,1.9142379760742188,-1.2490191459655762,0.0007465663948096335,0.6981809735298157
0.4728696346282959,-2.4446494579315186,0.0003254075418226421,-0.9631078243255615,1.9142062664031982,-1.2490458488464355,0.0003254075418226421,0.6981533169746399
0.4728541672229767,-2.4446604251861572,0.00018904544413089752,-0.9634224772453308,1.9141958951950073,-1.2490544319152832,0.00018904544413089752,0.6981443166732788
0.4728848338127136,-2.4446585178375244,0.0003036991984117776,-0.9632374048233032,1.9142049551010132,-1.2490469217300415,0.0003036991984117776,0.6981521844863892
0.4729297459125519,-2.44465708732605,0.00045170230441726744,-0.9634569883346558,1.9142158031463623,-1.249037742614746,0.00045170230441726744,0.6981616616249084
0.4730125367641449,-2.4446425437927246,0.0008494528592564166,-0.9635735154151917,1.914245843887329,-1.2490125894546509,0.0008494528592564166,0.6981877684593201
0.4729330241680145,-2.444690704345703,0.0009296810603700578,-0.9634729623794556,1.9142526388168335,-1.2490068674087524,0.0009296810603700578,0.6981936693191528
0.4739169180393219,-2.4439585208892822,0.012235934846103191,-0.9654878973960876,1.9151206016540527,-1.2482779026031494,0.012235934846103191,0.6989493370056152
0.47390589118003845,-2.4439096450805664,0.0005012975889258087,-0.965178370475769,1.9142197370529175,-1.2490344047546387,0.0005012975889258087,0.6981651186943054
0.4739076495170593,-2.4438982009887695,0.00011573069787118584,-0.9655097723007202,1.9141902923583984,-1.2490592002868652,0.00011573069787118584,0.6981394290924072
0.4739046096801758,-2.4439682960510254,0.0006981876795180142,-0.9652612209320068,1.9142351150512695,-1.2490215301513672,0.0006981876795180142,0.6981784701347351
0.47361472249031067,-2.4431777000427246,0.0084915766492486,-0.9651756286621094,1.9148262739181519,-1.2485252618789673,0.0084915766492486,0.6986930966377258
0.4825557470321655,-2.431713104248047,0.14530020952224731,-0.8296703100204468,1.9252734184265137,-1.2396674156188965,0.14530020952224731,0.7078242897987366
0.4825771450996399,-2.4317221641540527,0.0002326561079826206,-0.8291901350021362,1.9141992330551147,-1.2490516901016235,0.0002326561079826206,0.698147177696228
0.4825398027896881,-2.431741952896118,0.00042293700971640646,-0.8299487233161926,1.91421377658844,-1.2490395307540894,0.00042293700971640646,0.6981598734855652
0.48252323269844055,-2.4316537380218506,0.000894580502063036,-0.8299281597137451,1.914250135421753,-1.2490090131759644,0.000894580502063036,0.6981915235519409
0.48234668374061584,-2.431987762451172,0.0037853519897907972,-0.8275166749954224,1.9144707918167114,-1.2488237619400024,0.0037853519897907972,0.6983835697174072
0.48234668374061584,-2.431987762451172,0.0,-0.8275166749954224,1.9141814708709717,-1.249066710472107,0.0,0.6981316804885864
0.48234668374061584,-2.431987762451172,0.0,-0.8275166749954224,1.9141814708709717,-1.249066710472107,0.0,0.6981316804885864
0.48234668374061584,-2.431987762451172,0.0,-0.8275166749954224,1.9141814708709717,-1.249066710472107,0.0,0.6981316804885864
0.48234668374061584,-2.431987762451172,0.0,-0.8275166749954224,1.9141814708709717,-1.249066710472107,0.0,0.6981316804885864
0.48234668374061584,-2.431987762451172,0.0,-0.8275166749954224,1.9141814708709717,-1.249066710472107,0.0,0.6981316804885864
0.48234668374061584,-2.431987762451172,0.0,-0.8275166749954224,1.9141814708709717,-1.249066710472107,0.0,0.6981316804885864
0.48234668374061584,-2.431987762451172,0.0,-0.8275166749954224,1.9141814708709717,-1.249066710472107,0.0,0.6981316804885864
0.48234668374061584,-2.431987762451172,0.0,-0.8275166749954224,1.9141814708709717,-1.249066710472107,0.0,0.6981316804885864
0.48234668374061584,-2.431987762451172,0.0,-0.8275166749954224,1.9141814708709717,-1.249066710472107,0.0,0.6981316804885864
0.48234668374061584,-2.431987762451172,0.0,-0.8275166749954224,1.9141814708709717,-1.249066710472107,0.0,0.6981316804885864
0.48234668374061584,-2.431987762451172,0.0,-0.8275166749954224,1.9141814708709717,-1.249066710472107,0.0,0.6981316804885864
0.48234668374061584,-2.431987762451172,0.0,-0.8275166749954224,1.9141814708709717,-1.249066710472107,0.0,0.6981316804885864
0.48234668374061584,-2.431987762451172,0.0,-0.8275166749954224,1.9141814708709717,-1.249066710472107,0.0,0.6981316804885864
0.48234668374061584,-2.431987762451172,0.0,-0.8275166749954224,1.9141814708709717,-1.249066710472107,0.0,0.6981316804885864
0.48234668374061584,-2.431987762451172,0.0,-0.8275166749954224,1.9141814708709717,-1.249066710472107,0.0,0.6981316804885864
0.48234668374061584,-2.431987762451172,0.0,-0.8275166749954224,1.9141814708709717,-1.249066710472107,0.0,0.6981316804885864
0.48234668374061584,-2.431987762451172,0.0,-0.8275166749954224,1.9141814708709717,-1.249066710472107,0.0,0.6981316804885864
0.4609646797180176,-2.644263505935669,2.1692283153533936,0.8636438846588135,2.1344196796417236,-1.0204076766967773,2.1692283153533936,0.9101781249046326
0.4607011675834656,-2.644540786743164,0.0037787032779306173,0.863649845123291,1.9922627210617065,-1.1787439584732056,0.0037787032779306173,0.7681998610496521
0.46067556738853455,-2.644629716873169,0.0009356781956739724,0.8635140657424927,1.9920541048049927,-1.1789454221725464,0.0009356781956739724,0.7680065631866455
0.46004125475883484,-2.6440093517303467,0.008885879069566727,0.8643571138381958,1.9926255941390991,-1.1783931255340576,0.008885879069566727,0.768536388874054
0.4599205553531647,-2.6440842151641846,0.0014200566802173853,0.8648450374603271,1.9920897483825684,-1.1789110898971558,0.0014200566802173853,0.7680395841598511
0.459428608417511,-2.643852472305298,0.005436575040221214,0.8681241869926453,1.9923787117004395,-1.1786319017410278,0.005436575040221214,0.7683073878288269
0.45949989557266235,-2.6437981128692627,0.0008841307717375457,0.8680588603019714,1.9920520782470703,-1.1789474487304688,0.0008841307717375457,0.7680046558380127
0.4595460593700409,-2.6439621448516846,0.0017074223142117262,0.8674442172050476,1.9921101331710815,-1.1788913011550903,0.0017074223142117262,0.7680584788322449
0.4595828354358673,-2.6439664363861084,0.00037430631346069276,0.8669896721839905,1.9920141696929932,-1.1789839267730713,0.00037430631346069276,0.76796954870224
0.45942845940589905,-2.643866777420044,0.00181334197986871,0.8678758144378662,1.9921196699142456,-1.1788820028305054,0.00181334197986871,0.7680673599243164
0.45940279960632324,-2.643864393234253,0.0002577704726718366,0.868102490901947,1.9920060634613037,-1.1789917945861816,0.0002577704726718366,0.7679620385169983
0.4593915343284607,-2.6438748836517334,0.00015407695900648832,0.8677412867546082,1.9919986724853516,-1.1789990663528442,0.00015407695900648832,0.7679551243782043
0.45941731333732605,-2.6438913345336914,0.00030772521859034896,0.8676967620849609,1.9920095205307007,-1.1789884567260742,0.00030772521859034896,0.7679652571678162
0.45942363142967224,-2.6438684463500977,0.000236277308431454,0.8675531148910522,1.992004632949829,-1.1789932250976562,0.000236277308431454,0.7679607272148132
0.4593651592731476,-2.6438393592834473,0.0006637400947511196,0.8676741719245911,1.9920345544815063,-1.178964376449585,0.0006637400947511196,0.767988383769989
0.4594264328479767,-2.643916368484497,0.000985280959866941,0.8674653768539429,1.9920583963394165,-1.1789413690567017,0.000985280959866941,0.7680104970932007
0.4595052897930145,-2.643855333328247,0.0009874545503407717,0.8671197295188904,1.9920592308044434,-1.1789404153823853,0.0009874545503407717,0.7680113315582275
0.4594789147377014,-2.643925189971924,0.0007543869432993233,0.8674312233924866,1.9920412302017212,-1.1789578199386597,0.0007543869432993233,0.7679946422576904
0.45945248007774353,-2.643963575363159,0.000464641023427248,0.8673298358917236,1.992021083831787,-1.178977370262146,0.000464641023427248,0.767975926399231
0.45942848920822144,-2.6439387798309326,0.0003454647958278656,0.8677833676338196,1.99201238155365,-1.1789857149124146,0.0003454647958278656,0.7679678797721863
0.4598463475704193,-2.644188642501831,0.004870390519499779,0.8650557994842529,1.992337703704834,-1.1786714792251587,0.004870390519499779,0.768269419670105
0.4593467712402344,-2.643897294998169,0.00578151922672987,0.8679413795471191,1.992403507232666,-1.1786079406738281,0.00578151922672987,0.7683303952217102
0.4594023823738098,-2.643829584121704,0.0008785418467596173,0.8677723407745361,1.9920505285263062,-1.1789488792419434,0.0008785418467596173,0.7680032849311829
0.45890873670578003,-2.643670082092285,0.0051907445304095745,0.8706486225128174,1.9923607110977173,-1.1786493062973022,0.0051907445304095745,0.7682906985282898
0.45933884382247925,-2.643841028213501,0.004629309289157391,0.8679322004318237,1.9923204183578491,-1.1786881685256958,0.004629309289157391,0.7682534456253052
0.4592992067337036,-2.643855094909668,0.00042070107883773744,0.868126392364502,1.9920178651809692,-1.1789804697036743,0.00042070107883773744,0.7679728865623474
0.459335058927536,-2.6439051628112793,0.0006152041023597121,0.8680109977722168,1.9920318126678467,-1.1789668798446655,0.0006152041023597121,0.7679859399795532
0.4593506455421448,-2.6439082622528076,0.00015881622675806284,0.8680087327957153,1.9919990301132202,-1.1789987087249756,0.00015881622675806284,0.767955482006073
0.45942848920822144,-2.643934726715088,0.0008212807588279247,0.8676671385765076,1.9920467138290405,-1.1789525747299194,0.0008212807588279247,0.7679997086524963
0.4593963623046875,-2.6439437866210938,0.00032907412969507277,0.8681344985961914,1.992011547088623,-1.1789865493774414,0.00032907412969507277,0.7679671049118042
0.4592878818511963,-2.6437947750091553,0.0018690453143790364,0.868508517742157,1.9921201467514038,-1.1788816452026367,0.0018690453143790364,0.7680677771568298
0.4593007266521454,-2.6437246799468994,0.0007155265775509179,0.8689249753952026,1.9920388460159302,-1.1789602041244507,0.0007155265775509179,0.767992377281189
0.459432989358902,-2.6438417434692383,0.001762344385497272,0.8678044080734253,1.9921146631240845,-1.1788870096206665,0.001762344385497272,0.7680626511573792
0.45928195118904114,-2.6438114643096924,0.0015262399101629853,0.8683364391326904,1.992098331451416,-1.1789027452468872,0.0015262399101629853,0.768047571182251
0.4596533477306366,-2.644029378890991,0.004336467944085598,0.8655004501342773,1.9922972917556763,-1.1787105798721313,0.004336467944085598,0.7682319283485413
0.45987972617149353,-2.6443545818328857,0.003944856580346823,0.867328941822052,1.9922724962234497,-1.1787344217300415,0.003944856580346823,0.7682090401649475
0.45999160408973694,-2.644397020339966,0.0012057892745360732,0.8667628169059753,1.992073655128479,-1.1789265871047974,0.0012057892745360732,0.7680246233940125
0.4595545828342438,-2.6439013481140137,0.006637432146817446,0.8666350841522217,1.9924627542495728,-1.1785506010055542,0.006637432146817446,0.7683854103088379
0.4593910276889801,-2.6438398361206055,0.0017315390286967158,0.868037760257721,1.9921132326126099,-1.1788883209228516,0.0017315390286967158,0.7680613398551941
0.4590208828449249,-2.6437184810638428,0.003927118144929409,0.8702378869056702,1.9922677278518677,-1.178739070892334,0.003927118144929409,0.7682045698165894
0.4590025246143341,-2.643751859664917,0.00038102068356238306,0.8704996705055237,1.99201500415802,-1.178983211517334,0.00038102068356238306,0.7679702639579773
0.4594642221927643,-2.64391827583313,0.004900534637272358,0.8677220940589905,1.9923405647277832,-1.178668737411499,0.004900534637272358,0.7682720422744751
0.459469199180603,-2.643949270248413,0.00031207050778903067,0.8674778342247009,1.9920101165771484,-1.1789878606796265,0.00031207050778903067,0.7679657936096191
0.45974239706993103,-2.6441617012023926,0.0034505859948694706,0.8652291297912598,1.9922364950180054,-1.1787692308425903,0.0034505859948694706,0.7681756019592285
0.4594968557357788,-2.6439194679260254,0.0034751947969198227,0.8667232990264893,1.9922356605529785,-1.1787700653076172,0.0034751947969198227,0.7681748270988464
0.45932647585868835,-2.643857479095459,0.0018154957797378302,0.8675686120986938,1.992118000984192,-1.1788837909698486,0.0018154957797378302,0.7680657505989075
0.4595043659210205,-2.6439871788024902,0.0021960295271128416,0.8663489818572998,1.9921458959579468,-1.1788567304611206,0.0021960295271128416,0.76809161901474
0.4595670700073242,-2.64397931098938,0.0006357399979606271,0.8662946224212646,1.9920330047607422,-1.1789658069610596,0.0006357399979606271,0.7679870128631592
0.45938169956207275,-2.6438565254211426,0.002225745003670454,0.867782473564148,1.992147445678711,-1.1788551807403564,0.002225745003670454,0.7680931091308594
0.4592963457107544,-2.643824815750122,0.0009096923749893904,0.8678008317947388,1.9920530319213867,-1.1789464950561523,0.0009096923749893904,0.7680055499076843
0.45940107107162476,-2.6438701152801514,0.0011399799259379506,0.8679075837135315,1.9920696020126343,-1.178930401802063,0.0011399799259379506,0.7680209279060364
0.45942988991737366,-2.6439332962036133,0.000694911228492856,0.8678562045097351,1.9920375347137451,-1.1789615154266357,0.000694911228492856,0.7679911851882935
0.4595583379268646,-2.644050359725952,0.001741408254019916,0.8666761517524719,1.9921125173568726,-1.1788889169692993,0.001741408254019916,0.7680607438087463
0.4597023129463196,-2.644099235534668,0.0015182350762188435,0.8661465644836426,1.9920969009399414,-1.1789040565490723,0.0015182350762188435,0.7680462598800659
0.45961329340934753,-2.6440234184265137,0.001169644994661212,0.8667476177215576,1.9920716285705566,-1.1789284944534302,0.001169644994661212,0.7680228352546692
0.4594530761241913,-2.6439549922943115,0.0017452093306928873,0.8675878047943115,1.9921128749847412,-1.1788886785507202,0.0017452093306928873,0.7680610418319702
0.45820534229278564,-2.6426165103912354,0.018139470368623734,0.8778884410858154,1.9933030605316162,-1.177737832069397,0.018139470368623734,0.7691648006439209
0.4595489501953125,-2.6439385414123535,0.019077101722359657,0.8666313886642456,1.993342638015747,-1.1776994466781616,0.019077101722359657,0.7692015171051025
0.4594495892524719,-2.6438515186309814,0.0013118444476276636,0.8670788407325745,1.9920825958251953,-1.1789180040359497,0.0013118444476276636,0.7680329084396362
0.46011143922805786,-2.644388198852539,0.008576278574764729,0.8662331104278564,1.9926003217697144,-1.1784175634384155,0.008576278574764729,0.7685129642486572
0.46014881134033203,-2.6444225311279297,0.000502820301335305,0.8657721281051636,1.9920240640640259,-1.1789743900299072,0.000502820301335305,0.7679787278175354
0.4600805342197418,-2.6444218158721924,0.0006874147220514715,0.8663895726203918,1.9920367002487183,-1.178962230682373,0.0006874147220514715,0.7679904103279114
0.45938125252723694,-2.643864631652832,0.008952213451266289,0.8677095770835876,1.9926306009292603,-1.1783883571624756,0.008952213451266289,0.7685409784317017
0.4593648314476013,-2.643904685974121,0.0004280258435755968,0.8680145740509033,1.992018699645996,-1.1789796352386475,0.0004280258435755968,0.7679737210273743
0.4590829908847809,-2.6438333988189697,0.0029483225662261248,0.869709312915802,1.9921966791152954,-1.1788077354431152,0.0029483225662261248,0.7681387066841125
0.4594544768333435,-2.6441330909729004,0.004772637505084276,0.8670516014099121,1.99233078956604,-1.178678035736084,0.004772637505084276,0.7682631015777588
0.45967918634414673,-2.6441404819488525,0.002224026946350932,0.8656401634216309,1.9921492338180542,-1.1788535118103027,0.002224026946350932,0.7680947780609131
0.4589720070362091,-2.643728017807007,0.008268692530691624,0.8703141212463379,1.9925763607025146,-1.178440809249878,0.008268692530691624,0.7684906721115112
0.4592297375202179,-2.643742561340332,0.0025810443330556154,0.8689141869544983,1.992173194885254,-1.1788303852081299,0.0025810443330556154,0.7681169509887695
0.45931875705718994,-2.6437594890594482,0.0009047911153174937,0.8679590225219727,1.9920527935028076,-1.1789467334747314,0.0009047911153174937,0.7680052518844604
0.4593147933483124,-2.643800973892212,0.000418709620134905,0.8677366375923157,1.9920175075531006,-1.1789807081222534,0.000418709620134905,0.7679726481437683
0.45926448702812195,-2.643810510635376,0.0005069542676210403,0.8676563501358032,1.9920244216918945,-1.1789741516113281,0.0005069542676210403,0.7679790258407593
0.459316223859787,-2.6438119411468506,0.0005237678997218609,0.867656946182251,1.9920247793197632,-1.1789737939834595,0.0005237678997218609,0.7679793834686279
0.4593198597431183,-2.6439077854156494,0.0009577902965247631,0.8679692149162292,1.9920564889907837,-1.1789430379867554,0.0009577902965247631,0.768008828163147
0.45948678255081177,-2.6439425945281982,0.001688085263594985,0.8673449158668518,1.992110252380371,-1.1788913011550903,0.001688085263594985,0.7680585384368896
0.4590925872325897,-2.6438393592834473,0.0040952833369374275,0.8696345686912537,1.9922806024551392,-1.1787265539169312,0.0040952833369374275,0.7682165503501892
0.4590992331504822,-2.643826961517334,0.0001412010024068877,0.8698335289955139,1.9919977188110352,-1.178999900817871,0.0001412010024068877,0.7679542303085327
0.4590095281600952,-2.64377760887146,0.0010270234197378159,0.8701735734939575,1.9920612573623657,-1.178938627243042,0.0010270234197378159,0.7680131196975708
0.4589739739894867,-2.6437580585479736,0.0004013807629235089,0.8702525496482849,1.9920167922973633,-1.1789815425872803,0.0004013807629235089,0.767971932888031
0.4620343744754791,-2.6415903568267822,0.03784959763288498,0.8632919788360596,1.9946820735931396,-1.176401138305664,0.03784959763288498,0.7704451084136963
0.48292651772499084,-2.6171247959136963,0.3186243772506714,0.8660555481910706,2.0148887634277344,-1.1564146280288696,0.3186243772506714,0.7893929481506348
0.5082053542137146,-2.5925209522247314,0.35720714926719666,0.8613336086273193,2.0170722007751465,-1.1542091369628906,0.35720714926719666,0.7914619445800781
0.531704306602478,-2.5656371116638184,0.35708147287368774,0.8594191074371338,2.0173749923706055,-1.1539026498794556,0.35708147287368774,0.7917490601539612
0.5535899996757507,-2.538329601287842,0.3486848771572113,0.860201895236969,1.998310923576355,-1.1728672981262207,0.3486848771572113,0.7738218903541565
0.5781518220901489,-2.511841297149658,0.3613007962703705,0.8596556782722473,1.9991174936294556,-1.1720786094665527,0.3613007962703705,0.7745739817619324
0.602428138256073,-2.4858736991882324,0.3570212125778198,0.8538408875465393,1.9987059831619263,-1.1724811792373657,0.3570212125778198,0.7741901874542236
0.6305047273635864,-2.459965229034424,0.38226523995399475,0.8450760245323181,2.000603437423706,-1.17062246799469,0.38226523995399475,0.7759609222412109
0.6560216546058655,-2.4305264949798584,0.38915887475013733,0.844226598739624,2.0011415481567383,-1.1700940132141113,0.38915887475013733,0.7764638066291809
0.6829792857170105,-2.403555154800415,0.3795773983001709,0.8340736627578735,2.0005531311035156,-1.170671820640564,0.3795773983001709,0.7759139537811279
0.7076094150543213,-2.375298261642456,0.376321405172348,0.8526116609573364,2.0000898838043213,-1.1711262464523315,0.376321405172348,0.7754812836647034
0.7345443367958069,-2.346630573272705,0.39318016171455383,0.8683182001113892,2.001411199569702,-1.169829249382019,0.39318016171455383,0.7767156362533569
0.7624657154083252,-2.319793224334717,0.38159722089767456,0.8414037227630615,2.0009772777557373,-1.1702555418014526,0.38159722089767456,0.77631014585495
0.7880117893218994,-2.2912797927856445,0.38362446427345276,0.8485965728759766,2.000659942626953,-1.1705669164657593,0.38362446427345276,0.7760138511657715
0.8200110793113708,-2.257868766784668,0.4689697325229645,0.8458966016769409,2.006340265274048,-1.164962649345398,0.4689697325229645,0.7813335061073303
0.8606139421463013,-2.2161664962768555,0.5811716318130493,0.8421151638031006,1.9961833953857422,-1.1749420166015625,0.5811716318130493,0.7718407511711121
0.9093525409698486,-2.1638615131378174,0.7151669263839722,0.8413594961166382,2.0056657791137695,-1.1656312942504883,0.7151669263839722,0.7807003259658813
0.968349277973175,-2.1051108837127686,0.8323442339897156,0.832550048828125,2.0139927864074707,-1.1573171615600586,0.8323442339897156,0.7885450720787048
1.0345828533172607,-2.037412405014038,0.9476017355918884,0.8316097855567932,2.0220322608947754,-1.1491647958755493,0.9476017355918884,0.7961782217025757
1.1071820259094238,-1.9633914232254028,1.0382217168807983,0.8329882025718689,2.009925365447998,-1.161394476890564,1.0382217168807983,0.784705638885498
1.1891772747039795,-1.8839200735092163,1.143998384475708,0.8256568312644958,2.017334222793579,-1.1539440155029297,1.143998384475708,0.791710376739502
1.2767874002456665,-1.7973909378051758,1.2302930355072021,0.819023072719574,2.0236032009124756,-1.147557258605957,1.2302930355072021,0.7976766228675842
1.3704876899719238,-1.7072571516036987,1.2996935844421387,0.8194749355316162,2.0100343227386475,-1.1612857580184937,1.2996935844421387,0.7848082184791565
1.4712833166122437,-1.6125952005386353,1.383884072303772,0.8188501596450806,1.9972820281982422,-1.173871636390686,1.383884072303772,0.7728633284568787
1.5761746168136597,-1.51325261592865,1.4210108518600464,0.8032708168029785,1.9828791618347168,-1.1877319812774658,1.4210108518600464,0.759537398815155
1.5761746168136597,-1.51325261592865,0.0,0.8032708168029785,1.8734922409057617,-1.2820161581039429,0.0,0.6632251143455505
1.5761746168136597,-1.51325261592865,0.0,0.8032708168029785,1.8734922409057617,-1.2820161581039429,0.0,0.6632251143455505
1.918202519416809,-1.191421627998352,4.734532356262207,0.7962839007377625,2.2482361793518066,-0.8513874411582947,4.734532356262207,1.0461291074752808
2.0401864051818848,-1.075039029121399,1.7043598890304565,0.7929977178573608,2.170259475708008,-0.9723341464996338,1.7043598890304565,0.9501560926437378
2.1666359901428223,-0.9574154019355774,1.7290242910385132,0.8004804849624634,2.269430637359619,-0.8135145902633667,1.7290242910385132,1.0750634670257568
2.2903778553009033,-0.8313449621200562,1.7650326490402222,0.8264816999435425,2.421165704727173,-0.39269721508026123,1.7650326490402222,1.374404788017273
2.4129204750061035,-0.6969065070152283,1.820041537284851,0.8599502444267273,2.448014497756958,-0.022846169769763947,1.820041537284851,1.6222549676895142
2.530890703201294,-0.5529806613922119,1.8611987829208374,0.9113855957984924,2.3981521129608154,0.2909674048423767,1.8611987829208374,1.834486484527588
2.6285042762756348,-0.4111180901527405,1.7219480276107788,1.0022623538970947,2.3140978813171387,0.523888349533081,1.7219480276107788,1.9997566938400269
2.7179369926452637,-0.2267892211675644,2.023815393447876,1.169809341430664,2.166200637817383,0.7779841423034668,2.023815393447876,2.1960744857788086
2.7690234184265137,-0.04328532889485359,1.9292863607406616,1.3412119150161743,2.0420920848846436,0.9282680153846741,1.9292863607406616,2.3261029720306396
2.787079095840454,0.14789193868637085,1.918840765953064,1.5159296989440918,1.8871501684188843,1.0712171792984009,1.918840765953064,2.4667599201202393
2.7745413780212402,0.3227354884147644,1.73070228099823,1.6770025491714478,1.7736287117004395,1.1536489725112915,1.73070228099823,2.5603225231170654
2.726567268371582,0.5250194668769836,2.107980966567993,1.8652973175048828,1.585326910018921,1.2588082551956177,2.107980966567993,2.704230546951294
2.6485037803649902,0.7037132978439331,1.9513379335403442,2.0313942432403564,1.4765739440917969,1.3045355081558228,1.9513379335403442,2.7829010486602783
2.541794776916504,0.8671160936355591,1.951012134552002,2.1918065547943115,1.3267219066619873,1.3519231081008911,1.951012134552002,2.8877265453338623
2.411266803741455,1.0135613679885864,1.956915020942688,2.3449578285217285,1.197745680809021,1.3793991804122925,1.956915020942688,2.9756686687469482
2.2600748538970947,1.142062783241272,1.9867311716079712,2.4838438034057617,1.0917047262191772,1.3932915925979614,1.9867311716079712,3.0469818115234375
2.09127140045166,1.2497353553771973,2.006673812866211,2.6146388053894043,0.9592195749282837,1.3999717235565186,2.006673812866211,3.135446310043335
1.909234881401062,1.3392493724822998,2.031635046005249,2.720623254776001,0.8519349694252014,1.3967909812927246,2.031635046005249,3.2070159912109375
1.7157984972000122,1.413099765777588,2.069716691970825,2.815211296081543,0.7177043557167053,1.3819037675857544,2.069716691970825,3.2970821857452393
1.5154123306274414,1.472428798675537,2.0886178016662598,2.896359920501709,0.5875586271286011,1.3555536270141602,2.0886178016662598,3.3856353759765625
1.3082380294799805,1.5174336433410645,2.12334942817688,2.968761682510376,0.41005265712738037,1.2994487285614014,2.12334942817688,3.5098228454589844
1.0958900451660156,1.5495409965515137,2.147956132888794,3.044626235961914,0.24109795689582825,1.221914529800415,2.147956132888794,3.6338329315185547
0.8787118792533875,1.5644007921218872,2.1744871139526367,3.1209003925323486,0.061663974076509476,1.108660101890564,2.1744871139526367,3.7754087448120117
0.6576929688453674,1.562981128692627,2.2029623985290527,-3.0847327709198,-0.11881955713033676,0.9524375200271606,2.2029623985290527,-2.3484718799591064
0.43667101860046387,1.5428680181503296,2.229811429977417,-2.997241973876953,-0.2858525812625885,0.7500990629196167,2.229811429977417,-2.1733310222625732
0.21753692626953125,1.5015870332717896,2.224789619445801,-2.8908755779266357,-0.4040754735469818,0.5453523397445679,2.224789619445801,-2.0155491828918457
0.008490719832479954,1.431042194366455,2.2117490768432617,-2.737854480743408,-0.48768851161003113,0.3278454542160034,2.2117490768432617,-1.8600430488586426
-0.18298092484474182,1.3289146423339844,2.1736443042755127,-2.578716993331909,-0.5326972603797913,0.12717580795288086,2.1736443042755127,-1.7228318452835083
-0.35213378071784973,1.1976805925369263,2.1359798908233643,-2.415154218673706,-0.5492413640022278,-0.05229990929365158,2.1359798908233643,-1.6026017665863037
-0.4963394105434418,1.042244553565979,2.125526189804077,-2.250624656677246,-0.5440642833709717,-0.2333114743232727,2.125526189804077,-1.481804609298706
-0.6091483235359192,0.8675488829612732,2.079387664794922,-2.0802102088928223,-0.5227236747741699,-0.38475409150123596,2.079387664794922,-1.3798011541366577
-0.6900033950805664,0.6796743869781494,2.01599383354187,-1.9063501358032227,-0.48588353395462036,-0.5338645577430725,2.01599383354187,-1.2773603200912476
-0.73613440990448,0.47982561588287354,2.073559522628784,-1.7427135705947876,-0.4423941373825073,-0.6578876376152039,2.073559522628784,-1.1897143125534058
-0.7494018077850342,0.27557650208473206,2.0550191402435303,-1.5792046785354614,-0.40027090907096863,-0.7532752156257629,2.0550191402435303,-1.120184063911438
-0.7284053564071655,0.07224899530410767,2.0433924198150635,-1.4200084209442139,-0.36436113715171814,-0.8228103518486023,2.0433924198150635,-1.0680047273635864
-0.6752457618713379,-0.12545014917850494,2.0236432552337646,-1.2580112218856812,-0.3245660066604614,-0.8908738493919373,2.0236432552337646,-1.0154362916946411
-0.5925084948539734,-0.31423187255859375,2.0863261222839355,-1.111754059791565,-0.3374592959880829,-0.8697068095207214,2.0863261222839355,-1.0319596529006958
-0.4875296950340271,-0.4939655363559723,2.056432008743286,-0.985897958278656,-0.43126219511032104,-0.6849057674407959,2.056432008743286,-1.1702330112457275
-0.3612431287765503,-0.6632937788963318,2.139461040496826,-0.8886277079582214,-0.3348251283168793,-0.8740958571434021,2.139461040496826,-1.0285470485687256
-0.22480043768882751,-0.827040433883667,2.1338961124420166,-0.8349318504333496,-0.1966831535100937,-1.0670148134231567,2.1338961124420166,-0.8701962232589722
-0.08289442956447601,-0.9898268580436707,2.1611328125,-0.8121114373207092,-0.029161669313907623,-1.2363284826278687,2.1611328125,-0.7112410664558411
0.06668049842119217,-1.1485167741775513,2.1822824478149414,-0.7745906114578247,0.1624545007944107,-1.3766252994537354,2.1822824478149414,-0.5527507662773132
0.22654956579208374,-1.3025285005569458,2.217888593673706,-0.7195097804069519,0.37547266483306885,-1.4856112003326416,2.217888593673706,-0.39306148886680603
0.3995403051376343,-1.4443391561508179,2.227809429168701,-0.642285168170929,0.600957989692688,-1.5588247776031494,2.227809429168701,-0.23484750092029572
0.585374653339386,-1.5684891939163208,2.2447516918182373,-0.5268259048461914,1.0163882970809937,-1.5985301733016968,2.2447516918182373,0.044273365288972855
0.7859297394752502,-1.6691601276397705,2.2182400226593018,-0.3962559103965759,1.477066159248352,-1.5043509006500244,2.2182400226593018,0.3590419292449951
0.9987608790397644,-1.7395408153533936,2.2696962356567383,-0.251222163438797,1.8009577989578247,-1.3352614641189575,2.2696962356567383,0.603229820728302
1.2194610834121704,-1.7773089408874512,2.2093260288238525,-0.0990014374256134,2.0208418369293213,-1.1503798961639404,2.2093260288238525,0.7950441241264343
1.4407436847686768,-1.7771104574203491,2.2426323890686035,0.07510737329721451,2.1854827404022217,-0.9506365656852722,2.2426323890686035,0.9678265452384949
1.6584829092025757,-1.7413175106048584,2.205644369125366,0.30574268102645874,2.303072690963745,-0.7474521398544312,2.205644369125366,1.1244920492172241
1.6584829092025757,-1.7413175106048584,0.0,0.30574268102645874,2.193556308746338,-0.9387893676757812,0.0,0.9773843884468079
2.055849313735962,-1.5674399137496948,4.325970649719238,0.581013023853302,2.449531316757202,-0.13749143481254578,4.325970649719238,1.5457994937896729
2.228529691696167,-1.433615803718567,2.2003955841064453,0.7194501757621765,2.449374198913574,-0.14332732558250427,2.2003955841064453,1.5419074296951294
2.396533250808716,-1.291703701019287,2.2040605545043945,0.7483704090118408,2.4433422088623047,0.0411696657538414,2.2040605545043945,1.6650489568710327
2.5461792945861816,-1.133797287940979,2.1748573780059814,0.8731353282928467,2.4097089767456055,0.24532505869865417,2.1748573780059814,1.8030966520309448
2.671536684036255,-0.955357015132904,2.185792922973633,1.0262798070907593,2.356563091278076,0.4211335778236389,2.185792922973633,1.9256172180175781
2.7639901638031006,-0.7594080567359924,2.163792133331299,1.189890742301941,2.2832140922546387,0.5874156355857849,2.163792133331299,2.0468521118164062
2.8224093914031982,-0.5531725883483887,2.1500110626220703,1.3590891361236572,2.205324649810791,0.7210723757743835,2.1500110626220703,2.1500284671783447
2.8442838191986084,-0.339740514755249,2.1368470191955566,1.5291615724563599,2.1124958992004395,0.8479467630386353,2.1368470191955566,2.2548818588256836
2.8311190605163574,-0.12605184316635132,2.148608684539795,1.688646674156189,2.025771379470825,0.9453305602073669,2.148608684539795,2.341844081878662
2.7836475372314453,0.08471979945898056,2.1623518466949463,1.8426848649978638,1.9290889501571655,1.0363911390304565,2.1623518466949463,2.430415630340576
2.7095091342926025,0.2862774431705475,2.147707462310791,1.9864234924316406,1.8273677825927734,1.116645336151123,2.147707462310791,2.5168213844299316
2.607682704925537,0.4762880802154541,2.151859998703003,2.117650270462036,1.7396689653396606,1.175312876701355,2.151859998703003,2.5871777534484863
2.484614372253418,0.6567692756652832,2.1664905548095703,2.2252933979034424,1.6229474544525146,1.2405751943588257,2.1664905548095703,2.676358938217163
2.3452088832855225,0.8256789445877075,2.2135374546051025,2.3171427249908447,1.503027081489563,1.2943317890167236,2.2135374546051025,2.7639989852905273
2.190436363220215,0.9832131266593933,2.2041945457458496,2.3996782302856445,1.3524826765060425,1.344994068145752,2.2041945457458496,2.8699421882629395
2.0240495204925537,1.1292283535003662,2.2168335914611816,2.477376937866211,1.1987141370773315,1.3792366981506348,2.2168335914611816,2.9750139713287354
1.8445252180099487,1.2629300355911255,2.2382166385650635,2.5581448078155518,0.9879536032676697,1.3995198011398315,2.2382166385650635,3.1162874698638916
1.6521018743515015,1.3812627792358398,2.254509210586548,2.6398439407348633,0.7768499255180359,1.3899728059768677,2.254509210586548,3.257283926010132
1.4496439695358276,1.4871649742126465,2.2925333976745605,2.7148821353912354,0.5182719826698303,1.3365273475646973,2.2925333976745605,3.4335410594940186
1.2382172346115112,1.5756651163101196,2.2957382202148438,2.802328109741211,0.27473849058151245,1.2394109964370728,2.2957382202148438,3.608553171157837
1.0169392824172974,1.643030047416687,2.2759037017822266,2.9054224491119385,0.05072693154215813,1.100544810295105,2.2759037017822266,3.7844882011413574
0.7885754108428955,1.6842807531356812,2.3257555961608887,3.028118133544922,-0.14459969103336334,0.92559814453125,2.3257555961608887,3.959524154663086
0.5555858612060547,1.6948602199554443,2.3366661071777344,-3.115919828414917,-0.3067026734352112,0.718961775302887,2.3366661071777344,-2.148348093032837
0.3247750401496887,1.6719768047332764,2.3448917865753174,-2.9708175659179688,-0.40790361166000366,0.5372580289840698,2.3448917865753174,-2.00957989692688
0.10022440552711487,1.614799976348877,2.3110103607177734,-2.822178363800049,-0.49081164598464966,0.31720712780952454,2.3110103607177734,-1.8526514768600464
-0.10878409445285797,1.5258662700653076,2.2763614654541016,-2.656280994415283,-0.5301827788352966,0.1430203914642334,2.2763614654541016,-1.7335271835327148
-0.2969934642314911,1.4046889543533325,2.22878360748291,-2.4906747341156006,-0.5495198369026184,-0.06204994022846222,2.22878360748291,-1.5960990190505981
-0.4575803875923157,1.2576509714126587,2.1818575859069824,-2.320607900619507,-0.5457445383071899,-0.21290789544582367,2.1818575859069824,-1.495453119277954
-0.5912293791770935,1.0871636867523193,2.1668930053710938,-2.1583681106567383,-0.5259462594985962,-0.3675491511821747,2.1668930053710938,-1.3914706707000732
-0.6912243366241455,0.9000093340873718,2.13325572013855,-1.9949017763137817,-0.49817371368408203,-0.49088728427886963,2.13325572013855,-1.3071614503860474
-0.7531188726425171,0.7199260592460632,1.9009233713150024,-1.8437731266021729,-0.4659295082092285,-0.5951197743415833,1.9009233713150024,-1.2344081401824951
-0.789257824420929,0.4978933036327362,2.2203688621520996,-1.6668003797531128,-0.4139344394207001,-0.7242457866668701,2.2203688621520996,-1.1415739059448242
-0.7869303822517395,0.29006677865982056,2.1063902378082275,-1.5087652206420898,-0.3751717805862427,-0.8027942776679993,2.1063902378082275,-1.083170771598816
-0.7518065571784973,0.08597943186759949,2.052382707595825,-1.347418189048767,-0.3369606137275696,-0.8705403208732605,2.052382707595825,-1.031312108039856
-0.6839638948440552,-0.11017452925443649,2.0685372352600098,-1.1854177713394165,-0.32306987047195435,-0.8932799696922302,2.0685372352600098,-1.013547420501709
-0.5877346992492676,-0.2942888140678406,2.1078906059265137,-1.0415606498718262,-0.34988436102867126,-0.8485323190689087,2.1078906059265137,-1.0483269691467285
-0.46931272745132446,-0.4681953191757202,2.0998647212982178,-0.9201642274856567,-0.43038254976272583,-0.6869786977767944,2.0998647212982178,-1.168731689453125
-0.33314988017082214,-0.634780764579773,2.156926393508911,-0.8437393307685852,-0.33279868960380554,-0.8774493336677551,2.156926393508911,-1.0259349346160889
-0.1916089504957199,-0.7963424921035767,2.1483569145202637,-0.810087263584137,-0.21234247088432312,-1.0481350421905518,2.1483569145202637,-0.8865489363670349
-0.0455600842833519,-0.9590792059898376,2.1868457794189453,-0.7984567284584045,-0.027108924463391304,-1.2380940914154053,2.1868457794189453,-0.7094359993934631
0.10577396303415298,-1.1191376447677612,2.205146312713623,-0.7670581340789795,0.16433005034923553,-1.3777804374694824,2.205146312713623,-0.5512822866439819
0.2671450972557068,-1.2740471363067627,2.2323334217071533,-0.7150893807411194,0.4013288915157318,-1.496051549911499,2.2323334217071533,-0.3744715452194214
0.4419337809085846,-1.418289303779602,2.2611887454986572,-0.6453715562820435,0.629335880279541,-1.565324068069458,2.2611887454986572,-0.21543875336647034
0.6286266446113586,-1.545447826385498,2.2672462463378906,-0.5328102111816406,0.835655689239502,-1.5956354141235352,2.2672462463378906,-0.07630356401205063
0.8298501968383789,-1.6487149000167847,2.264146089553833,-0.40500515699386597,1.4541449546813965,-1.512741208076477,2.264146089553833,0.3427693545818329
1.044362187385559,-1.7233511209487915,2.2699196338653564,-0.26464366912841797,1.803393006324768,-1.3335802555084229,2.2699196338653564,0.6052025556564331
1.2672489881515503,-1.7661385536193848,2.2405033111572266,-0.11754061281681061,2.0589020252227783,-1.110116958618164,2.2405033111572266,0.8319827914237976
1.4931867122650146,-1.774202823638916,2.284571886062622,0.11481150984764099,2.2308125495910645,-0.8807169795036316,2.284571886062622,1.0233856439590454
1.4931867122650146,-1.774202823638916,0.0,0.11481150984764099,2.099066734313965,-1.0641814470291138,0.0,0.8726646304130554
1.4931867122650146,-1.774202823638916,0.0,0.11481150984764099,2.099066734313965,-1.0641814470291138,0.0,0.8726646304130554
1.4931867122650146,-1.774202823638916,0.0,0.11481150984764099,2.099066734313965,-1.0641814470291138,0.0,0.8726646304130554
2.310859203338623,-1.461317777633667,8.781702041625977,0.5260558128356934,2.2812249660491943,0.5912597179412842,8.781702041625977,2.0497374534606934
2.501708745956421,-1.3365479707717896,2.300328493118286,0.6975341439247131,2.423872709274292,0.1787455677986145,2.300328493118286,1.7577131986618042
2.6978745460510254,-1.2335474491119385,2.192086696624756,0.5875158309936523,2.3642845153808594,0.39979907870292664,2.192086696624756,1.9104911088943481
2.6978745460510254,-1.2335474491119385,0.0,0.5875158309936523,2.422440767288208,0.18621349334716797,0.0,1.7627825736999512
3.0175275802612305,-0.9275699853897095,4.508795738220215,1.0173660516738892,2.048778772354126,0.9211195707321167,4.508795738220215,2.31957745552063
3.1356804370880127,-0.7515593767166138,2.0915398597717285,1.1801648139953613,2.0974254608154297,0.8661339282989502,2.0915398597717285,2.2706284523010254
3.2422499656677246,-0.5675055980682373,2.1560373306274414,1.12458336353302,1.9706250429153442,0.999238133430481,2.1560373306274414,2.393261432647705
3.326586961746216,-0.3682955205440521,2.1638553142547607,1.2488991022109985,1.8472124338150024,1.1020855903625488,2.1638553142547607,2.5004124641418457
3.3764703273773193,-0.1591348797082901,2.126873016357422,1.402009129524231,1.7401350736618042,1.175024151802063,2.126873016357422,2.5868122577667236
3.389408826828003,0.05221589654684067,2.1403019428253174,1.5787677764892578,1.6054824590682983,1.2492008209228516,2.1403019428253174,2.689344882965088
3.3632779121398926,0.25915127992630005,2.0853068828582764,1.7485384941101074,1.4883555173873901,1.3000619411468506,2.0853068828582764,2.7744996547698975
3.3043854236602783,0.4612848460674286,2.0787343978881836,1.913096308708191,1.3875068426132202,1.3347779512405396,2.0787343978881836,2.8456192016601562
3.2126593589782715,0.6453335285186768,2.0813119411468506,2.0930445194244385,1.291128158569336,1.3606956005096436,2.0813119411468506,2.9121665954589844
3.0909647941589355,0.8106924295425415,2.066823720932007,2.270712375640869,1.1887272596359253,1.3808813095092773,2.066823720932007,2.9817614555358887
2.9427316188812256,0.9531457424163818,2.0558671951293945,2.431321620941162,1.1106235980987549,1.391375184059143,2.0558671951293945,3.034304618835449
2.77130389213562,1.074967622756958,2.0981359481811523,2.56001877784729,1.0276399850845337,1.397989273071289,2.0981359481811523,3.0898094177246094
2.589482069015503,1.172248125076294,2.063216209411621,2.702721118927002,0.9532292485237122,1.3999965190887451,2.063216209411621,3.139439821243286
2.3940439224243164,1.2502110004425049,2.1100332736968994,2.8043673038482666,0.8966763019561768,1.3990519046783447,2.1100332736968994,3.1771492958068848
2.190929651260376,1.3130385875701904,2.1143593788146973,2.887394905090332,0.8422034382820129,1.396121621131897,2.1143593788146973,3.2135190963745117
1.982664704322815,1.3637628555297852,2.1506755352020264,2.9479167461395264,0.7883214950561523,1.3912612199783325,2.1506755352020264,3.2495880126953125
1.7675693035125732,1.4063773155212402,2.1734402179718018,2.980858087539673,0.7315040230751038,1.3840011358261108,2.1734402179718018,3.2877767086029053
1.5504599809646606,1.4447362422943115,2.204342842102051,3.004638910293579,0.6273496747016907,1.3648879528045654,2.204342842102051,3.358386993408203
1.3298683166503906,1.479062795639038,2.249603271484375,3.017949104309082,0.49825751781463623,1.330359697341919,2.249603271484375,3.4475033283233643
1.1062216758728027,1.5118969678878784,2.246112108230591,3.037827491760254,0.3010629415512085,1.2523611783981323,2.246112108230591,3.5889947414398193
0.8794048428535461,1.5383784770965576,2.279587984085083,3.0659162998199463,0.09559404850006104,1.1328788995742798,2.279587984085083,3.7476165294647217
0.6486014127731323,1.5564086437225342,2.340604305267334,3.107746124267578,-0.12614862620830536,0.9449421763420105,2.340604305267334,3.941702127456665
0.4161827862262726,1.5590641498565674,2.3203017711639404,-3.1025679111480713,-0.30626797676086426,0.7196283936500549,2.3203017711639404,-2.148878812789917
0.18446120619773865,1.5400946140289307,2.3361146450042725,-2.991868734359741,-0.43960297107696533,0.4648039937019348,2.3361146450042725,-1.956850528717041
-0.04303920641541481,1.492807149887085,2.3130104541778564,-2.858822822570801,-0.5165408849716187,0.21505212783813477,2.3130104541778564,-1.7824068069458008
-0.2581940293312073,1.4129129648208618,2.2975802421569824,-2.7057812213897705,-0.5476121306419373,-0.015395306050777435,2.2975802421569824,-1.6272294521331787
-0.4531526565551758,1.3026255369186401,2.247354030609131,-2.540907382965088,-0.5452606081962585,-0.21914608776569366,2.247354030609131,-1.4912818670272827
-0.6249790787696838,1.1643431186676025,2.2044479846954346,-2.381483554840088,-0.5202786326408386,-0.3971208930015564,2.2044479846954346,-1.3713970184326172
-0.7686870694160461,1.0013197660446167,2.1500818729400635,-2.2205989360809326,-0.47412943840026855,-0.5710151791572571,2.1500818729400635,-1.2513824701309204
-0.8803329467773438,0.8226431012153625,2.133929967880249,-2.057696580886841,-0.4198092222213745,-0.7112468481063843,2.133929967880249,-1.1510838270187378
-0.9575796723365784,0.6302418112754822,2.0401766300201416,-1.8836625814437866,-0.3500920832157135,-0.8481714725494385,2.0401766300201416,-1.0486046075820923
-1.0021991729736328,0.42850011587142944,2.0923879146575928,-1.7251641750335693,-0.28034478425979614,-0.9580511450767517,2.0923879146575928,-0.9618127346038818
-1.011940836906433,0.22379571199417114,2.0573630332946777,-1.5660319328308105,-0.20195624232292175,-1.0607272386550903,2.0573630332946777,-0.8756669163703918
-0.9894660711288452,0.023037228733301163,2.0178041458129883,-1.3953970670700073,-0.13415563106536865,-1.1366323232650757,2.0178041458129883,-0.8078027367591858
-0.9307867884635925,-0.16967478394508362,2.0129432678222656,-1.2288455963134766,-0.07882782816886902,-1.1915645599365234,2.0129432678222656,-0.7558194398880005
-0.8425402641296387,-0.3522334694862366,2.027707815170288,-1.072582721710205,-0.019282042980194092,-1.2447673082351685,2.027707815170288,-0.7025789618492126
-0.7260774374008179,-0.5173712372779846,2.0081732273101807,-0.9192526936531067,0.020715175196528435,-1.2774674892425537,2.0081732273101807,-0.6681351661682129
-0.5879310369491577,-0.6687737703323364,2.036973714828491,-0.7772103548049927,0.022979233413934708,-1.2792508602142334,2.036973714828491,-0.6662138104438782
-0.4295826852321625,-0.8019766211509705,2.1006765365600586,-0.6480817794799805,-0.03598625957965851,-1.2304118871688843,2.1006765365600586,-0.7172625660896301
-0.2570660412311554,-0.9189441800117493,2.0856826305389404,-0.547922670841217,-0.1653919368982315,-1.1029460430145264,2.0856826305389404,-0.8384305238723755
-0.07494690269231796,-1.0256236791610718,2.085092067718506,-0.4850996434688568,-0.012936628423631191,-1.2501100301742554,2.085092067718506,-0.6970489025115967
0.11398637294769287,-1.1286829710006714,2.184314489364624,-0.4624173045158386,0.18239817023277283,-1.388715386390686,2.184314489364624,-0.5372025370597839
0.3049817681312561,-1.2340282201766968,2.180164098739624,-0.46769478917121887,0.39614900946617126,-1.494004726409912,2.180164098739624,-0.37818464636802673
0.49953174591064453,-1.3387655019760132,2.207991123199463,-0.4631168842315674,0.6494020223617554,-1.569571614265442,2.207991123199463,-0.2017648071050644
0.6962940692901611,-1.4409313201904297,2.219654083251953,-0.4353554844856262,0.8837475776672363,-1.5985361337661743,2.219654083251953,-0.04418264329433441
0.901156485080719,-1.532254934310913,2.215639114379883,-0.35949182510375977,1.121559739112854,-1.5901567935943604,2.215639114379883,0.11462395638227463
1.1145596504211426,-1.6026999950408936,2.2630698680877686,-0.24954946339130402,1.5017982721328735,-1.4948184490203857,2.2630698680877686,0.3767125606536865
1.3350350856781006,-1.6444953680038452,2.254255533218384,-0.1206519603729248,1.9647650718688965,-1.2046500444412231,2.254255533218384,0.743013322353363
1.5593093633651733,-1.6555672883987427,2.2422258853912354,0.01830422505736351,2.2019412517547607,-0.926222026348114,2.2422258853912354,0.9874563217163086
1.5593093633651733,-1.6555672883987427,0.0,0.01830422505736351,2.0647172927856445,-1.1036958694458008,0.0,0.8377580642700195
1.5593093633651733,-1.6555672883987427,0.0,0.01830422505736351,2.0647172927856445,-1.1036958694458008,0.0,0.8377580642700195
2.20402193069458,-1.477020025253296,6.766657829284668,0.6105760931968689,2.4018726348876953,0.2769164741039276,6.766657829284668,1.8247963190078735
2.4075260162353516,-1.3922560214996338,2.212815523147583,0.48821741342544556,2.44059157371521,0.06774000078439713,2.212815523147583,1.6828573942184448
2.610626220703125,-1.2929353713989258,2.2568297386169434,0.501246452331543,2.39449143409729,0.3042823374271393,2.2568297386169434,1.8436925411224365
2.8022775650024414,-1.1762127876281738,2.2307958602905273,0.6146056652069092,2.3248441219329834,0.4998365640640259,2.2307958602905273,1.9821943044662476
2.9580063819885254,-1.0219401121139526,2.206434488296509,0.9260293245315552,2.2306933403015137,0.6809126734733582,2.206434488296509,2.1183598041534424
3.108645439147949,-0.8657590746879578,2.167039394378662,1.1345592737197876,2.127352714538574,0.829430341720581,2.167039394378662,2.2390551567077637
3.108645439147949,-0.8657590746879578,0.0,1.1345592737197876,2.2490382194519043,0.6499999761581421,0.0,2.094395160675049
3.285203218460083,-0.4881921708583832,4.182929515838623,1.274688720703125,1.7686941623687744,1.156877040863037,4.182929515838623,2.564253807067871
3.3257954120635986,-0.2825649380683899,2.0817573070526123,1.4303109645843506,1.8102368116378784,1.1288175582885742,2.0817573070526123,2.5308313369750977
3.354313850402832,-0.07141771912574768,2.15142560005188,1.4805032014846802,1.696858525276184,1.200846791267395,2.15142560005188,2.620410442352295
3.3628909587860107,0.1404828429222107,2.105811357498169,1.595281720161438,1.5815386772155762,1.2605730295181274,2.105811357498169,2.707016706466675
3.3355162143707275,0.34994786977767944,2.1343612670898438,1.7445096969604492,1.4366436004638672,1.3188650608062744,2.1343612670898438,2.8111846446990967
3.277749538421631,0.5525409579277039,2.103250741958618,1.9113924503326416,1.337041974067688,1.3492062091827393,2.103250741958618,2.8806121349334717
3.185530424118042,0.7383168339729309,2.0483059883117676,2.089756965637207,1.2124751806259155,1.376857042312622,2.0483059883117676,2.9657037258148193
3.0626261234283447,0.9028903841972351,2.0821478366851807,2.272637128829956,1.1368108987808228,1.3883217573165894,2.0821478366851807,3.016727924346924
2.914402961730957,1.0485213994979858,2.072845458984375,2.437478542327881,1.0301467180252075,1.3978573083877563,2.072845458984375,3.0881359577178955
2.7434773445129395,1.1689914464950562,2.10422945022583,2.578486442565918,0.9503256678581238,1.399999976158142,2.10422945022583,3.1413755416870117
2.557190418243408,1.2613193988800049,2.045670509338379,2.730158567428589,0.8730218410491943,1.3980234861373901,2.045670509338379,3.192934036254883
2.3588333129882812,1.3312954902648926,2.134458065032959,2.848764181137085,0.818371057510376,1.3942134380340576,2.134458065032959,3.2294583320617676
2.1536002159118652,1.3838547468185425,2.09083890914917,2.930112600326538,0.7647974491119385,1.388522744178772,2.09083890914917,3.2653768062591553
1.9432588815689087,1.426169514656067,2.1758413314819336,2.9908642768859863,0.7102967500686646,1.3807235956192017,2.1758413314819336,3.3020827770233154
1.7266058921813965,1.459650993347168,2.190934181213379,3.024820566177368,0.6285676956176758,1.3651556968688965,2.190934181213379,3.357555627822876
1.5082862377166748,1.4886733293533325,2.2061126232147217,3.0534636974334717,0.5261724591255188,1.3388781547546387,2.2061126232147217,3.4280457496643066
1.2860530614852905,1.5124741792678833,2.233163356781006,3.069607734680176,0.39934152364730835,1.2952688932418823,2.233163356781006,3.5174882411956787
1.061394453048706,1.5336202383041382,2.2368762493133545,3.0915305614471436,0.2315196394920349,1.2167330980300903,2.2368762493133545,3.6410930156707764
0.8439095616340637,1.546603798866272,2.191582202911377,3.1153459548950195,0.061513982713222504,1.1085498332977295,2.191582202911377,3.7755329608917236
0.6322334408760071,1.555496096611023,2.1261324882507324,3.1321191787719727,-0.13069166243076324,0.9402430057525635,2.1261324882507324,3.9460597038269043
0.4292968213558197,1.5609450340270996,2.0328426361083984,-3.135695457458496,-0.2899494767189026,0.7441121339797974,2.0328426361083984,-2.168494701385498
0.23480132222175598,1.562475562095642,1.9488177299499512,-3.117786169052124,-0.4030812978744507,0.5474341511726379,1.9488177299499512,-2.01708722114563
0.04715704545378685,1.5613621473312378,1.8562829494476318,-3.0979950428009033,-0.48573392629623413,0.33435940742492676,1.8562829494476318,-1.8645769357681274
-0.13194328546524048,1.5566625595092773,1.8054128885269165,-3.082799196243286,-0.5308859944343567,0.13869796693325043,1.8054128885269165,-1.7306076288223267
-0.3037775754928589,1.5492494106292725,1.723678469657898,-3.069321393966675,-0.5486508011817932,-0.036393750458955765,1.723678469657898,-1.6132131814956665
-0.4675487279891968,1.5405426025390625,1.6437057256698608,-3.054049491882324,-0.5475660562515259,-0.18541638553142548,1.6437057256698608,-1.5138212442398071
-0.6223404407501221,1.5278208255767822,1.5518463850021362,-3.027970314025879,-0.5356468558311462,-0.307010680437088,1.5518463850021362,-1.432347297668457
-0.7703280448913574,1.5133775472640991,1.4831712245941162,-3.0145864486694336,-0.5134193301200867,-0.4292474687099457,1.4831712245941162,-1.3494961261749268
-0.9107921123504639,1.4970544576644897,1.4193737506866455,-3.00579833984375,-0.48134922981262207,-0.5485970973968506,1.4193737506866455,-1.2670838832855225
-1.0444341897964478,1.4811427593231201,1.3448222875595093,-2.9957690238952637,-0.45827388763427734,-0.6164926290512085,1.3448222875595093,-1.2192729711532593
-1.1705788373947144,1.464485764503479,1.26418137550354,-2.985219717025757,-0.4218027889728546,-0.706759512424469,1.26418137550354,-1.1543573141098022
-1.2892239093780518,1.4476101398468018,1.2038698196411133,-2.9722280502319336,-0.3914947509765625,-0.7711123824119568,1.2038698196411133,-1.1069310903549194
-1.389473795890808,1.4321894645690918,0.9955512881278992,-2.9355695247650146,-0.37596312165260315,-0.801300048828125,0.9955512881278992,-1.084298014640808
-1.389473795890808,1.4321894645690918,0.0,-2.9355695247650146,-0.4203181862831116,-0.7101049423217773,0.0,-1.1519173383712769
-1.389473795890808,1.4321894645690918,0.0,-2.9355695247650146,-0.4203181862831116,-0.7101049423217773,0.0,-1.1519173383712769
-1.5993794202804565,1.3862813711166382,2.159165620803833,-2.966268539428711,-0.24467894434928894,-1.0070513486862183,2.159165620803833,-0.9214060306549072
-1.6113383769989014,1.385376214981079,0.12026607990264893,-2.982339859008789,-0.3560732901096344,-0.8376805186271667,0.12026607990264893,-1.0566554069519043
-1.5995091199874878,1.3839190006256104,0.11832641065120697,-2.975928544998169,-0.3561099171638489,-0.8376156687736511,0.11832641065120697,-1.056705117225647
-1.599671721458435,1.3857383728027344,0.01832931488752365,-2.978862762451172,-0.3610430359840393,-0.8288114666938782,0.01832931488752365,-1.063433051109314
-1.6004612445831299,1.3855252265930176,0.008220304735004902,-2.9787514209747314,-0.36153289675712585,-0.8279295563697815,0.008220304735004902,-1.0641056299209595
-1.5993785858154297,1.3870370388031006,0.0183122381567955,-2.9859375953674316,-0.3610270619392395,-0.8288401961326599,0.0183122381567955,-1.0634112358093262
-1.6004810333251953,1.3853110074996948,0.02078263647854328,-2.978945732116699,-0.36093541979789734,-0.8290050029754639,0.02078263647854328,-1.06328547000885
-1.6000218391418457,1.3845056295394897,0.009257275611162186,-2.9784581661224365,-0.36147984862327576,-0.8280251622200012,0.009257275611162186,-1.064032793045044
-1.6017498970031738,1.386149525642395,0.02361084334552288,-2.9811909198760986,-0.3607715964317322,-0.8292995691299438,0.02361084334552288,-1.0630607604980469
-1.5991804599761963,1.384222388267517,0.03254495933651924,-2.977651357650757,-0.36036941409111023,-0.8300219178199768,0.03254495933651924,-1.0625096559524536
-1.6006401777267456,1.3853814601898193,0.018431171774864197,-2.9790985584259033,-0.3610248863697052,-0.8288440704345703,0.018431171774864197,-1.0634082555770874
-1.6006226539611816,1.3852436542510986,0.0013846285874024034,-2.9795420169830322,-0.3618622124195099,-0.8273359537124634,0.0013846285874024034,-1.0645582675933838
-1.600135087966919,1.385574460029602,0.005980174522846937,-2.9786570072174072,-0.36164382100105286,-0.8277297019958496,0.005980174522846937,-1.064258098602295
-1.6001309156417847,1.3856408596038818,0.0006624236702919006,-2.978644371032715,-0.3618973195552826,-0.8272725939750671,0.0006624236702919006,-1.0646065473556519
-1.6004878282546997,1.3851512670516968,0.006076033692806959,-2.978161096572876,-0.3616357147693634,-0.8277443051338196,0.006076033692806959,-1.0642468929290771
-1.600425362586975,1.3852262496948242,0.0009646707330830395,-2.9781978130340576,-0.3618822395801544,-0.8272997736930847,0.0009646707330830395,-1.06458580493927
-1.6003202199935913,1.3855171203613281,0.003126045921817422,-2.978240728378296,-0.3617796003818512,-0.8274849057197571,0.003126045921817422,-1.064444661140442
-1.6011611223220825,1.385623812675476,0.008514834567904472,-2.9805121421813965,-0.36151841282844543,-0.8279556632041931,0.008514834567904472,-1.0640857219696045
-1.6002594232559204,1.3852876424789429,0.009572422131896019,-2.9782328605651855,-0.3614627420902252,-0.8280559778213501,0.009572422131896019,-1.0640093088150024
-1.5989437103271484,1.3842042684555054,0.017098892480134964,-2.977114200592041,-0.361102432012558,-0.8287045955657959,0.017098892480134964,-1.0635145902633667
