0.0,0.0,0.0,0.0,-0.5417828559875488,0.056792695075273514,0.0,-1.675516128540039
0.0,0.0,0.0,0.0,-0.5417828559875488,0.056792695075273514,0.0,-1.675516128540039
0.0,0.0,0.0,0.0,-0.5417828559875488,0.056792695075273514,0.0,-1.675516128540039
0.0,0.0,0.0,0.0,-0.5417828559875488,0.056792695075273514,0.0,-1.675516128540039
0.0,0.0,0.0,0.0,-0.5417828559875488,0.056792695075273514,0.0,-1.675516128540039
0.0,0.0,0.0,0.0,-0.5417828559875488,0.056792695075273514,0.0,-1.675516128540039
0.0,0.0,0.0,0.0,-0.5417828559875488,0.056792695075273514,0.0,-1.675516128540039
0.0,0.0,0.0,0.0,-0.5417828559875488,0.056792695075273514,0.0,-1.675516128540039
0.0,0.0,0.0,0.0,-0.5417828559875488,0.056792695075273514,0.0,-1.675516128540039
0.0,0.0,0.0,0.0,-0.5417828559875488,0.056792695075273514,0.0,-1.675516128540039
0.0,0.0,0.0,0.0,-0.5417828559875488,0.056792695075273514,0.0,-1.675516128540039
0.0,0.0,0.0,0.0,-0.5417828559875488,0.056792695075273514,0.0,-1.675516128540039
0.0,0.0,0.0,0.0,-0.5417828559875488,0.056792695075273514,0.0,-1.675516128540039
0.0,0.0,0.0,0.0,-0.5417828559875488,0.056792695075273514,0.0,-1.675516128540039
0.0,0.0,0.0,0.0,-0.5417828559875488,0.056792695075273514,0.0,-1.675516128540039
0.0,0.0,0.0,0.0,-0.5417828559875488,0.056792695075273514,0.0,-1.675516128540039
0.0,0.0,0.0,0.0,-0.5417828559875488,0.056792695075273514,0.0,-1.675516128540039
0.0,0.0,0.0,0.0,-0.5417828559875488,0.056792695075273514,0.0,-1.675516128540039
0.0,0.0,0.0,0.0,-0.5417828559875488,0.056792695075273514,0.0,-1.675516128540039
0.0,0.0,0.0,0.0,-0.5417828559875488,0.056792695075273514,0.0,-1.675516128540039
0.0,0.0,0.0,0.0,-0.5417828559875488,0.056792695075273514,0.0,-1.675516128540039
0.0,0.0,0.0,0.0,-0.5417828559875488,0.056792695075273514,0.0,-1.675516128540039
0.0,0.0,0.0,0.0,-0.5417828559875488,0.056792695075273514,0.0,-1.675516128540039
0.0,0.0,0.0,0.0,-0.5417828559875488,0.056792695075273514,0.0,-1.675516128540039
0.0,0.0,0.0,0.0,-0.5417828559875488,0.056792695075273514,0.0,-1.675516128540039
0.0,0.0,0.0,0.0,-0.5417828559875488,0.056792695075273514,0.0,-1.675516128540039
0.0,0.0,0.0,0.0,-0.5417828559875488,0.056792695075273514,0.0,-1.675516128540039
0.0,0.0,0.0,0.0,-0.5417828559875488,0.056792695075273514,0.0,-1.675516128540039
0.0,0.0,0.0,0.0,-0.5417828559875488,0.056792695075273514,0.0,-1.675516128540039
0.0,0.0,0.0,0.0,-0.5417828559875488,0.056792695075273514,0.0,-1.675516128540039
0.0,0.0,0.0,0.0,-0.5417828559875488,0.056792695075273514,0.0,-1.675516128540039
0.0,0.0,0.0,0.0,-0.5417828559875488,0.056792695075273514,0.0,-1.675516128540039
0.0,0.0,0.0,0.0,-0.5417828559875488,0.056792695075273514,0.0,-1.675516128540039
0.0,0.0,0.0,0.0,-0.5417828559875488,0.056792695075273514,0.0,-1.675516128540039
0.0,0.0,0.0,0.0,-0.5417828559875488,0.056792695075273514,0.0,-1.675516128540039
0.0,0.0,0.0,0.0,-0.5417828559875488,0.056792695075273514,0.0,-1.675516128540039
0.0,0.0,0.0,0.0,-0.5417828559875488,0.056792695075273514,0.0,-1.675516128540039
0.0,0.0,0.0,0.0,-0.5417828559875488,0.056792695075273514,0.0,-1.675516128540039
0.0,0.0,0.0,0.0,-0.5417828559875488,0.056792695075273514,0.0,-1.675516128540039
0.0,0.0,0.0,0.0,-0.5417828559875488,0.056792695075273514,0.0,-1.675516128540039
0.0,0.0,0.0,0.0,-0.5417828559875488,0.056792695075273514,0.0,-1.675516128540039
0.0,0.0,0.0,0.0,-0.5417828559875488,0.056792695075273514,0.0,-1.675516128540039
0.0,0.0,0.0,0.0,-0.5417828559875488,0.056792695075273514,0.0,-1.675516128540039
0.0,0.0,0.0,0.0,-0.5417828559875488,0.056792695075273514,0.0,-1.675516128540039
0.0,0.0,0.0,0.0,-0.5417828559875488,0.056792695075273514,0.0,-1.675516128540039
0.0,0.0,0.0,0.0,-0.5417828559875488,0.056792695075273514,0.0,-1.675516128540039
0.0,0.0,0.0,0.0,-0.5417828559875488,0.056792695075273514,0.0,-1.675516128540039
0.0,0.0,0.0,0.0,-0.5417828559875488,0.056792695075273514,0.0,-1.675516128540039
0.0,0.0,0.0,0.0,-0.5417828559875488,0.056792695075273514,0.0,-1.675516128540039
0.0,0.0,0.0,0.0,-0.5417828559875488,0.056792695075273514,0.0,-1.675516128540039
0.0,0.0,0.0,0.0,-0.5417828559875488,0.056792695075273514,0.0,-1.675516128540039
0.0,0.0,0.0,0.0,-0.5417828559875488,0.056792695075273514,0.0,-1.675516128540039
0.0,0.0,0.0,0.0,-0.5417828559875488,0.056792695075273514,0.0,-1.675516128540039
0.0,0.0,0.0,0.0,-0.5417828559875488,0.056792695075273514,0.0,-1.675516128540039
0.0,0.0,0.0,0.0,-0.5417828559875488,0.056792695075273514,0.0,-1.675516128540039
0.0,0.0,0.0,0.0,-0.5417828559875488,0.056792695075273514,0.0,-1.675516128540039
0.0,0.0,0.0,0.0,-0.5417828559875488,0.056792695075273514,0.0,-1.675516128540039
0.0,0.0,0.0,0.0,-0.5417828559875488,0.056792695075273514,0.0,-1.675516128540039
0.0,0.0,0.0,0.0,-0.5417828559875488,0.056792695075273514,0.0,-1.675516128540039
0.0,0.0,0.0,0.0,-0.5417828559875488,0.056792695075273514,0.0,-1.675516128540039
0.0,0.0,0.0,0.0,-0.5417828559875488,0.056792695075273514,0.0,-1.675516128540039
0.0,0.0,0.0,0.0,-0.5417828559875488,0.056792695075273514,0.0,-1.675516128540039
0.0,0.0,0.0,0.0,-0.5417828559875488,0.056792695075273514,0.0,-1.675516128540039
0.0,0.0,0.0,0.0,-0.5417828559875488,0.056792695075273514,0.0,-1.675516128540039
0.0,0.0,0.0,0.0,-0.5417828559875488,0.056792695075273514,0.0,-1.675516128540039
0.0,0.0,0.0,0.0,-0.5417828559875488,0.056792695075273514,0.0,-1.675516128540039
0.0,0.0,0.0,0.0,-0.5417828559875488,0.056792695075273514,0.0,-1.675516128540039
0.0,0.0,0.0,0.0,-0.5417828559875488,0.056792695075273514,0.0,-1.675516128540039
0.0,0.0,0.0,0.0,-0.5417828559875488,0.056792695075273514,0.0,-1.675516128540039
0.0,0.0,0.0,0.0,-0.5417828559875488,0.056792695075273514,0.0,-1.675516128540039
0.0,0.0,0.0,0.0,-0.5417828559875488,0.056792695075273514,0.0,-1.675516128540039
0.0,0.0,0.0,0.0,-0.5417828559875488,0.056792695075273514,0.0,-1.675516128540039
0.0,0.0,0.0,0.0,-0.5417828559875488,0.056792695075273514,0.0,-1.675516128540039
0.0,0.0,0.0,0.0,-0.5417828559875488,0.056792695075273514,0.0,-1.675516128540039
0.0,0.0,0.0,0.0,-0.5417828559875488,0.056792695075273514,0.0,-1.675516128540039
0.0,0.0,0.0,0.0,-0.5417828559875488,0.056792695075273514,0.0,-1.675516128540039
0.0,0.0,0.0,0.0,-0.5417828559875488,0.056792695075273514,0.0,-1.675516128540039
0.0,0.0,0.0,0.0,-0.5417828559875488,0.056792695075273514,0.0,-1.675516128540039
0.0,0.0,0.0,0.0,-0.5417828559875488,0.056792695075273514,0.0,-1.675516128540039
0.0,0.0,0.0,0.0,-0.5417828559875488,0.056792695075273514,0.0,-1.675516128540039
0.0,0.0,0.0,0.0,-0.5417828559875488,0.056792695075273514,0.0,-1.675516128540039
0.0,0.0,0.0,0.0,-0.5417828559875488,0.056792695075273514,0.0,-1.675516128540039
0.0,0.0,0.0,0.0,-0.5417828559875488,0.056792695075273514,0.0,-1.675516128540039
0.0,0.0,0.0,0.0,-0.5417828559875488,0.056792695075273514,0.0,-1.675516128540039
0.0,0.0,0.0,0.0,-0.5417828559875488,0.056792695075273514,0.0,-1.675516128540039
0.0,0.0,0.0,0.0,-0.5417828559875488,0.056792695075273514,0.0,-1.675516128540039
0.0,0.0,0.0,0.0,-0.5417828559875488,0.056792695075273514,0.0,-1.675516128540039
0.0,0.0,0.0,0.0,-0.5417828559875488,0.056792695075273514,0.0,-1.675516128540039
0.0,0.0,0.0,0.0,-0.5417828559875488,0.056792695075273514,0.0,-1.675516128540039
0.0,0.0,0.0,0.0,-0.5417828559875488,0.056792695075273514,0.0,-1.675516128540039
0.0,0.0,0.0,0.0,-0.5417828559875488,0.056792695075273514,0.0,-1.675516128540039
0.0,0.0,0.0,0.0,-0.5417828559875488,0.056792695075273514,0.0,-1.675516128540039
0.0,0.0,0.0,0.0,-0.5417828559875488,0.056792695075273514,0.0,-1.675516128540039
0.0,0.0,0.0,0.0,-0.5417828559875488,0.056792695075273514,0.0,-1.675516128540039
0.0,0.0,0.0,0.0,-0.5417828559875488,0.056792695075273514,0.0,-1.675516128540039
0.0,0.0,0.0,0.0,-0.5417828559875488,0.056792695075273514,0.0,-1.675516128540039
0.0,0.0,0.0,0.0,-0.5417828559875488,0.056792695075273514,0.0,-1.675516128540039
0.0,0.0,0.0,0.0,-0.5417828559875488,0.056792695075273514,0.0,-1.675516128540039
0.0,0.0,0.0,0.0,-0.5417828559875488,0.056792695075273514,0.0,-1.675516128540039
0.0,0.0,0.0,0.0,-0.5417828559875488,0.056792695075273514,0.0,-1.675516128540039
0.0,0.0,0.0,0.0,-0.5417828559875488,0.056792695075273514,0.0,-1.675516128540039
0.0,0.0,0.0,0.0,-0.5417828559875488,0.056792695075273514,0.0,-1.675516128540039
0.0,0.0,0.0,0.0,-0.5417828559875488,0.056792695075273514,0.0,-1.675516128540039
0.0,0.0,0.0,0.0,-0.5417828559875488,0.056792695075273514,0.0,-1.675516128540039
0.0,0.0,0.0,0.0,-0.5417828559875488,0.056792695075273514,0.0,-1.675516128540039
0.0,0.0,0.0,0.0,-0.5417828559875488,0.056792695075273514,0.0,-1.675516128540039
0.0,0.0,0.0,0.0,-0.5417828559875488,0.056792695075273514,0.0,-1.675516128540039
0.0,0.0,0.0,0.0,-0.5417828559875488,0.056792695075273514,0.0,-1.675516128540039
0.0,0.0,0.0,0.0,-0.5417828559875488,0.056792695075273514,0.0,-1.675516128540039
0.0,0.0,0.0,0.0,-0.5417828559875488,0.056792695075273514,0.0,-1.675516128540039
0.0,0.0,0.0,0.0,-0.5417828559875488,0.056792695075273514,0.0,-1.675516128540039
0.0,0.0,0.0,0.0,-0.5417828559875488,0.056792695075273514,0.0,-1.675516128540039
0.0,0.0,0.0,0.0,-0.5417828559875488,0.056792695075273514,0.0,-1.675516128540039
0.0,0.0,0.0,0.0,-0.5417828559875488,0.056792695075273514,0.0,-1.675516128540039
0.0,0.0,0.0,0.0,-0.5417828559875488,0.056792695075273514,0.0,-1.675516128540039
0.0,0.0,0.0,0.0,-0.5417828559875488,0.056792695075273514,0.0,-1.675516128540039
0.0,0.0,0.0,0.0,-0.5417828559875488,0.056792695075273514,0.0,-1.675516128540039
0.0,0.0,0.0,0.0,-0.5417828559875488,0.056792695075273514,0.0,-1.675516128540039
0.0,0.0,0.0,0.0,-0.5417828559875488,0.056792695075273514,0.0,-1.675516128540039
0.0,0.0,0.0,0.0,-0.5417828559875488,0.056792695075273514,0.0,-1.675516128540039
0.0,0.0,0.0,0.0,-0.5417828559875488,0.056792695075273514,0.0,-1.675516128540039
0.0,0.0,0.0,0.0,-0.5417828559875488,0.056792695075273514,0.0,-1.675516128540039
0.0,0.0,0.0,0.0,-0.5417828559875488,0.056792695075273514,0.0,-1.675516128540039
0.0,0.0,0.0,0.0,-0.5417828559875488,0.056792695075273514,0.0,-1.675516128540039
0.0,0.0,0.0,0.0,-0.5417828559875488,0.056792695075273514,0.0,-1.675516128540039
0.0,0.0,0.0,0.0,-0.5417828559875488,0.056792695075273514,0.0,-1.675516128540039
0.0,0.0,0.0,0.0,-0.5417828559875488,0.056792695075273514,0.0,-1.675516128540039
0.0,0.0,0.0,0.0,-0.5417828559875488,0.056792695075273514,0.0,-1.675516128540039
0.0,0.0,0.0,0.0,-0.5417828559875488,0.056792695075273514,0.0,-1.675516128540039
0.0,0.0,0.0,0.0,-0.5417828559875488,0.056792695075273514,0.0,-1.675516128540039
0.0,0.0,0.0,0.0,-0.5417828559875488,0.056792695075273514,0.0,-1.675516128540039
0.0,0.0,0.0,0.0,-0.5417828559875488,0.056792695075273514,0.0,-1.675516128540039
0.0,0.0,0.0,0.0,-0.5417828559875488,0.056792695075273514,0.0,-1.675516128540039
0.0,0.0,0.0,0.0,-0.5417828559875488,0.056792695075273514,0.0,-1.675516128540039
0.0,0.0,0.0,0.0,-0.5417828559875488,0.056792695075273514,0.0,-1.675516128540039
0.0,0.0,0.0,0.0,-0.5417828559875488,0.056792695075273514,0.0,-1.675516128540039
0.0,0.0,0.0,0.0,-0.5417828559875488,0.056792695075273514,0.0,-1.675516128540039
0.0,0.0,0.0,0.0,-0.5417828559875488,0.056792695075273514,0.0,-1.675516128540039
0.0,0.0,0.0,0.0,-0.5417828559875488,0.056792695075273514,0.0,-1.675516128540039
0.0,0.0,0.0,0.0,-0.5417828559875488,0.056792695075273514,0.0,-1.675516128540039
0.0,0.0,0.0,0.0,-0.5417828559875488,0.056792695075273514,0.0,-1.675516128540039
0.0,0.0,0.0,0.0,-0.5417828559875488,0.056792695075273514,0.0,-1.675516128540039
0.0,0.0,0.0,0.0,-0.5417828559875488,0.056792695075273514,0.0,-1.675516128540039
0.0,0.0,0.0,0.0,-0.5417828559875488,0.056792695075273514,0.0,-1.675516128540039
0.0,0.0,0.0,0.0,-0.5417828559875488,0.056792695075273514,0.0,-1.675516128540039
0.0,0.0,0.0,0.0,-0.5417828559875488,0.056792695075273514,0.0,-1.675516128540039
0.0,0.0,0.0,0.0,-0.5417828559875488,0.056792695075273514,0.0,-1.675516128540039
0.0,0.0,0.0,0.0,-0.5417828559875488,0.056792695075273514,0.0,-1.675516128540039
0.0,0.0,0.0,0.0,-0.5417828559875488,0.056792695075273514,0.0,-1.675516128540039
0.0,0.0,0.0,0.0,-0.5417828559875488,0.056792695075273514,0.0,-1.675516128540039
0.0,0.0,0.0,0.0,-0.5417828559875488,0.056792695075273514,0.0,-1.675516128540039
0.0,0.0,0.0,0.0,-0.5417828559875488,0.056792695075273514,0.0,-1.675516128540039
0.0,0.0,0.0,0.0,-0.5417828559875488,0.056792695075273514,0.0,-1.675516128540039
0.0,0.0,0.0,0.0,-0.5417828559875488,0.056792695075273514,0.0,-1.675516128540039
0.0,0.0,0.0,0.0,-0.5417828559875488,0.056792695075273514,0.0,-1.675516128540039
0.0,0.0,0.0,0.0,-0.5417828559875488,0.056792695075273514,0.0,-1.675516128540039
0.0,0.0,0.0,0.0,-0.5417828559875488,0.056792695075273514,0.0,-1.675516128540039
0.0,0.0,0.0,0.0,-0.5417828559875488,0.056792695075273514,0.0,-1.675516128540039
0.0,0.0,0.0,0.0,-0.5417828559875488,0.056792695075273514,0.0,-1.675516128540039
0.0,0.0,0.0,0.0,-0.5417828559875488,0.056792695075273514,0.0,-1.675516128540039
0.0,0.0,0.0,0.0,-0.5417828559875488,0.056792695075273514,0.0,-1.675516128540039
0.0,0.0,0.0,0.0,-0.5417828559875488,0.056792695075273514,0.0,-1.675516128540039
0.0,0.0,0.0,0.0,-0.5417828559875488,0.056792695075273514,0.0,-1.675516128540039
0.0,0.0,0.0,0.0,-0.5417828559875488,0.056792695075273514,0.0,-1.675516128540039
0.0,0.0,0.0,0.0,-0.5417828559875488,0.056792695075273514,0.0,-1.675516128540039
0.0,0.0,0.0,0.0,-0.5417828559875488,0.056792695075273514,0.0,-1.675516128540039
0.0,0.0,0.0,0.0,-0.5417828559875488,0.056792695075273514,0.0,-1.675516128540039
0.0,0.0,0.0,0.0,-0.5417828559875488,0.056792695075273514,0.0,-1.675516128540039
0.0,0.0,0.0,0.0,-0.5417828559875488,0.056792695075273514,0.0,-1.675516128540039
0.0,0.0,0.0,0.0,-0.5417828559875488,0.056792695075273514,0.0,-1.675516128540039
0.0,0.0,0.0,0.0,-0.5417828559875488,0.056792695075273514,0.0,-1.675516128540039
0.0,0.0,0.0,0.0,-0.5417828559875488,0.056792695075273514,0.0,-1.675516128540039
0.0,0.0,0.0,0.0,-0.5417828559875488,0.056792695075273514,0.0,-1.675516128540039
0.0,0.0,0.0,0.0,-0.5417828559875488,0.056792695075273514,0.0,-1.675516128540039
0.0,0.0,0.0,0.0,-0.5417828559875488,0.056792695075273514,0.0,-1.675516128540039
0.0,0.0,0.0,0.0,-0.5417828559875488,0.056792695075273514,0.0,-1.675516128540039
0.0,0.0,0.0,0.0,-0.5417828559875488,0.056792695075273514,0.0,-1.675516128540039
0.0,0.0,0.0,0.0,-0.5417828559875488,0.056792695075273514,0.0,-1.675516128540039
0.0,0.0,0.0,0.0,-0.5417828559875488,0.056792695075273514,0.0,-1.675516128540039
0.0,0.0,0.0,0.0,-0.5417828559875488,0.056792695075273514,0.0,-1.675516128540039
0.0,0.0,0.0,0.0,-0.5417828559875488,0.056792695075273514,0.0,-1.675516128540039
0.0,0.0,0.0,0.0,-0.5417828559875488,0.056792695075273514,0.0,-1.675516128540039
0.0,0.0,0.0,0.0,-0.5417828559875488,0.056792695075273514,0.0,-1.675516128540039
0.0,0.0,0.0,0.0,-0.5417828559875488,0.056792695075273514,0.0,-1.675516128540039
0.0,0.0,0.0,0.0,-0.5417828559875488,0.056792695075273514,0.0,-1.675516128540039
0.0,0.0,0.0,0.0,-0.5417828559875488,0.056792695075273514,0.0,-1.675516128540039
0.0,0.0,0.0,0.0,-0.5417828559875488,0.056792695075273514,0.0,-1.675516128540039
0.0,0.0,0.0,0.0,-0.5417828559875488,0.056792695075273514,0.0,-1.675516128540039
0.0,0.0,0.0,0.0,-0.5417828559875488,0.056792695075273514,0.0,-1.675516128540039
0.0,0.0,0.0,0.0,-0.5417828559875488,0.056792695075273514,0.0,-1.675516128540039
0.0,0.0,0.0,0.0,-0.5417828559875488,0.056792695075273514,0.0,-1.675516128540039
0.0,0.0,0.0,0.0,-0.5417828559875488,0.056792695075273514,0.0,-1.675516128540039
0.0,0.0,0.0,0.0,-0.5417828559875488,0.056792695075273514,0.0,-1.675516128540039
0.0,0.0,0.0,0.0,-0.5417828559875488,0.056792695075273514,0.0,-1.675516128540039
0.0,0.0,0.0,0.0,-0.5417828559875488,0.056792695075273514,0.0,-1.675516128540039
0.0,0.0,0.0,0.0,-0.5417828559875488,0.056792695075273514,0.0,-1.675516128540039
0.0,0.0,0.0,0.0,-0.5417828559875488,0.056792695075273514,0.0,-1.675516128540039
0.0,0.0,0.0,0.0,-0.5417828559875488,0.056792695075273514,0.0,-1.675516128540039
0.0,0.0,0.0,0.0,-0.5417828559875488,0.056792695075273514,0.0,-1.675516128540039
0.0,0.0,0.0,0.0,-0.5417828559875488,0.056792695075273514,0.0,-1.675516128540039
0.0,0.0,0.0,0.0,-0.5417828559875488,0.056792695075273514,0.0,-1.675516128540039
0.0,0.0,0.0,0.0,-0.5417828559875488,0.056792695075273514,0.0,-1.675516128540039
0.0,0.0,0.0,0.0,-0.5417828559875488,0.056792695075273514,0.0,-1.675516128540039
0.0,0.0,0.0,0.0,-0.5417828559875488,0.056792695075273514,0.0,-1.675516128540039
0.0,0.0,0.0,0.0,-0.5417828559875488,0.056792695075273514,0.0,-1.675516128540039
0.0,0.0,0.0,0.0,-0.5417828559875488,0.056792695075273514,0.0,-1.675516128540039
0.0,0.0,0.0,0.0,-0.5417828559875488,0.056792695075273514,0.0,-1.675516128540039
0.0,0.0,0.0,0.0,-0.5417828559875488,0.056792695075273514,0.0,-1.675516128540039
0.0,0.0,0.0,0.0,-0.5417828559875488,0.056792695075273514,0.0,-1.675516128540039
0.0,0.0,0.0,0.0,-0.5417828559875488,0.056792695075273514,0.0,-1.675516128540039
0.0,0.0,0.0,0.0,-0.5417828559875488,0.056792695075273514,0.0,-1.675516128540039
0.0,0.0,0.0,0.0,-0.5417828559875488,0.056792695075273514,0.0,-1.675516128540039
0.0,0.0,0.0,0.0,-0.5417828559875488,0.056792695075273514,0.0,-1.675516128540039
0.0,0.0,0.0,0.0,-0.5417828559875488,0.056792695075273514,0.0,-1.675516128540039
0.0,0.0,0.0,0.0,-0.5417828559875488,0.056792695075273514,0.0,-1.675516128540039
0.0,0.0,0.0,0.0,-0.5417828559875488,0.056792695075273514,0.0,-1.675516128540039
0.0,0.0,0.0,0.0,-0.5417828559875488,0.056792695075273514,0.0,-1.675516128540039
0.0,0.0,0.0,0.0,-0.5417828559875488,0.056792695075273514,0.0,-1.675516128540039
0.0,0.0,0.0,0.0,-0.5417828559875488,0.056792695075273514,0.0,-1.675516128540039
0.0,0.0,0.0,0.0,-0.5417828559875488,0.056792695075273514,0.0,-1.675516128540039
0.0,0.0,0.0,0.0,-0.5417828559875488,0.056792695075273514,0.0,-1.675516128540039
0.0,0.0,0.0,0.0,-0.5417828559875488,0.056792695075273514,0.0,-1.675516128540039
0.0,0.0,0.0,0.0,-0.5417828559875488,0.056792695075273514,0.0,-1.675516128540039
0.0,0.0,0.0,0.0,-0.5417828559875488,0.056792695075273514,0.0,-1.675516128540039
0.0,0.0,0.0,0.0,-0.5417828559875488,0.056792695075273514,0.0,-1.675516128540039
0.0,0.0,0.0,0.0,-0.5417828559875488,0.056792695075273514,0.0,-1.675516128540039
0.0,0.0,0.0,0.0,-0.5417828559875488,0.056792695075273514,0.0,-1.675516128540039
0.0,0.0,0.0,0.0,-0.5417828559875488,0.056792695075273514,0.0,-1.675516128540039
0.0,0.0,0.0,0.0,-0.5417828559875488,0.056792695075273514,0.0,-1.675516128540039
0.0,0.0,0.0,0.0,-0.5417828559875488,0.056792695075273514,0.0,-1.675516128540039
0.0,0.0,0.0,0.0,-0.5417828559875488,0.056792695075273514,0.0,-1.675516128540039
0.0,0.0,0.0,0.0,-0.5417828559875488,0.056792695075273514,0.0,-1.675516128540039
0.0,0.0,0.0,0.0,-0.5417828559875488,0.056792695075273514,0.0,-1.675516128540039
0.0,0.0,0.0,0.0,-0.5417828559875488,0.056792695075273514,0.0,-1.675516128540039
0.0,0.0,0.0,0.0,-0.5417828559875488,0.056792695075273514,0.0,-1.675516128540039
0.0,0.0,0.0,0.0,-0.5417828559875488,0.056792695075273514,0.0,-1.675516128540039
0.0,0.0,0.0,0.0,-0.5417828559875488,0.056792695075273514,0.0,-1.675516128540039
0.0,0.0,0.0,0.0,-0.5417828559875488,0.056792695075273514,0.0,-1.675516128540039
0.0,0.0,0.0,0.0,-0.5417828559875488,0.056792695075273514,0.0,-1.675516128540039
0.0,0.0,0.0,0.0,-0.5417828559875488,0.056792695075273514,0.0,-1.675516128540039
0.0,0.0,0.0,0.0,-0.5417828559875488,0.056792695075273514,0.0,-1.675516128540039
0.0,0.0,0.0,0.0,-0.5417828559875488,0.056792695075273514,0.0,-1.675516128540039
0.0,0.0,0.0,0.0,-0.5417828559875488,0.056792695075273514,0.0,-1.675516128540039
0.0,0.0,0.0,0.0,-0.5417828559875488,0.056792695075273514,0.0,-1.675516128540039
0.0,0.0,0.0,0.0,-0.5417828559875488,0.056792695075273514,0.0,-1.675516128540039
0.0,0.0,0.0,0.0,-0.5417828559875488,0.056792695075273514,0.0,-1.675516128540039
0.0,0.0,0.0,0.0,-0.5417828559875488,0.056792695075273514,0.0,-1.675516128540039
0.0,0.0,0.0,0.0,-0.5417828559875488,0.056792695075273514,0.0,-1.675516128540039
0.0,0.0,0.0,0.0,-0.5417828559875488,0.056792695075273514,0.0,-1.675516128540039
0.0,0.0,0.0,0.0,-0.5417828559875488,0.056792695075273514,0.0,-1.675516128540039
0.0,0.0,0.0,0.0,-0.5417828559875488,0.056792695075273514,0.0,-1.675516128540039
0.0,0.0,0.0,0.0,-0.5417828559875488,0.056792695075273514,0.0,-1.675516128540039
0.0,0.0,0.0,0.0,-0.5417828559875488,0.056792695075273514,0.0,-1.675516128540039
0.0,0.0,0.0,0.0,-0.5417828559875488,0.056792695075273514,0.0,-1.675516128540039
0.0,0.0,0.0,0.0,-0.5417828559875488,0.056792695075273514,0.0,-1.675516128540039
0.0,0.0,0.0,0.0,-0.5417828559875488,0.056792695075273514,0.0,-1.675516128540039
0.0,0.0,0.0,0.0,-0.5417828559875488,0.056792695075273514,0.0,-1.675516128540039
0.0,0.0,0.0,0.0,-0.5417828559875488,0.056792695075273514,0.0,-1.675516128540039
0.0,0.0,0.0,0.0,-0.5417828559875488,0.056792695075273514,0.0,-1.675516128540039
0.0,0.0,0.0,0.0,-0.5417828559875488,0.056792695075273514,0.0,-1.675516128540039
0.0,0.0,0.0,0.0,-0.5417828559875488,0.056792695075273514,0.0,-1.675516128540039
0.0,0.0,0.0,0.0,-0.5417828559875488,0.056792695075273514,0.0,-1.675516128540039
0.0,0.0,0.0,0.0,-0.5417828559875488,0.056792695075273514,0.0,-1.675516128540039
0.0,0.0,0.0,0.0,-0.5417828559875488,0.056792695075273514,0.0,-1.675516128540039
0.0,0.0,0.0,0.0,-0.5417828559875488,0.056792695075273514,0.0,-1.675516128540039
0.0,0.0,0.0,0.0,-0.5417828559875488,0.056792695075273514,0.0,-1.675516128540039
0.0,0.0,0.0,0.0,-0.5417828559875488,0.056792695075273514,0.0,-1.675516128540039
0.0,0.0,0.0,0.0,-0.5417828559875488,0.056792695075273514,0.0,-1.675516128540039
0.0,0.0,0.0,0.0,-0.5417828559875488,0.056792695075273514,0.0,-1.675516128540039
0.0,0.0,0.0,0.0,-0.5417828559875488,0.056792695075273514,0.0,-1.675516128540039
0.0,0.0,0.0,0.0,-0.5417828559875488,0.056792695075273514,0.0,-1.675516128540039
0.0,0.0,0.0,0.0,-0.5417828559875488,0.056792695075273514,0.0,-1.675516128540039
0.0,0.0,0.0,0.0,-0.5417828559875488,0.056792695075273514,0.0,-1.675516128540039
0.0,0.0,0.0,0.0,-0.5417828559875488,0.056792695075273514,0.0,-1.675516128540039
2.7199273109436035,-2.194955825805664,35.158912658691406,-0.07697229087352753,-0.2074967622756958,0.8540446758270264,35.158912658691406,4.023046493530273
2.8993074893951416,-2.2073867321014404,1.7970473766326904,-0.02757367305457592,2.3776469230651855,0.36024388670921326,1.7970473766326904,1.8826560974121094
3.0794644355773926,-2.2473504543304443,1.8416407108306885,-0.17310720682144165,2.340296983718872,0.4630934000015259,1.8416407108306885,1.9556199312210083
3.0794644355773926,-2.2473504543304443,0.0,-0.17310720682144165,2.3988888263702393,0.2882285714149475,0.0,1.832595705986023
3.4521422386169434,-2.2672369480133057,3.740046501159668,-0.1797242909669876,2.1595818996429443,0.7870805263519287,3.740046501159668,2.2035741806030273
3.6376845836639404,-2.1889700889587402,2.02189302444458,0.17414435744285583,2.1980483531951904,0.7320910096168518,2.02189302444458,2.1588315963745117
3.6376845836639404,-2.1889700889587402,0.0,0.17414435744285583,2.2981910705566406,0.5575567483901978,0.0,2.0245819091796875
3.6376845836639404,-2.1889700889587402,0.0,0.17414435744285583,2.2981910705566406,0.5575567483901978,0.0,2.0245819091796875
3.6376845836639404,-2.1889700889587402,0.0,0.17414435744285583,2.2981910705566406,0.5575567483901978,0.0,2.0245819091796875
3.6376845836639404,-2.1889700889587402,0.0,0.17414435744285583,2.2981910705566406,0.5575567483901978,0.0,2.0245819091796875
3.6376845836639404,-2.1889700889587402,0.0,0.17414435744285583,2.2981910705566406,0.5575567483901978,0.0,2.0245819091796875
3.6376845836639404,-2.1889700889587402,0.0,0.17414435744285583,2.2981910705566406,0.5575567483901978,0.0,2.0245819091796875
3.6376845836639404,-2.1889700889587402,0.0,0.17414435744285583,2.2981910705566406,0.5575567483901978,0.0,2.0245819091796875
3.6506295204162598,-2.1838252544403076,0.14086773991584778,0.10853223502635956,2.2920265197753906,0.5700482726097107,0.14086773991584778,2.0338685512542725
3.623180627822876,-2.187929630279541,0.2766168415546417,0.10461799055337906,2.285794496536255,0.5823879241943359,0.2766168415546417,2.0430846214294434
3.6008188724517822,-2.190822124481201,0.2270674854516983,0.10796227306127548,2.299779176712036,0.5542904734611511,0.2270674854516983,2.022160768508911
3.5870141983032227,-2.180685520172119,0.1716863512992859,0.22195322811603546,2.3021352291107178,0.5494076609611511,0.1716863512992859,2.0185463428497314
3.574418306350708,-2.1949613094329834,0.18774302303791046,0.10001645237207413,2.3013064861297607,0.5511303544044495,0.18774302303791046,2.0198206901550293
3.569199562072754,-2.1949191093444824,0.052155252546072006,0.10051937401294708,2.3072478771209717,0.5386534929275513,0.052155252546072006,2.010607957839966
3.567843437194824,-2.1953036785125732,0.014279053546488285,0.0955866351723671,2.3088653087615967,0.5352046489715576,0.014279053546488285,2.008068323135376
3.570578098297119,-2.195101737976074,0.027460116893053055,0.10082694888114929,2.308300495147705,0.5364115238189697,0.027460116893053055,2.0089566707611084
3.5724985599517822,-2.1947813034057617,0.019514186307787895,0.10162875801324844,2.3086376190185547,0.5356914401054382,0.019514186307787895,2.0084266662597656
3.5729422569274902,-2.194688320159912,0.0044883801601827145,0.09976484626531601,2.309270143508911,0.5343382358551025,0.0044883801601827145,2.0074307918548584
3.572232723236084,-2.1948721408843994,0.007385711185634136,0.09830261021852493,2.3091516494750977,0.5345916152000427,0.007385711185634136,2.007617235183716
3.571342945098877,-2.1948206424713135,0.008924894034862518,0.10102832317352295,2.309084892272949,0.5347350239753723,0.008924894034862518,2.007722854614258
3.5709245204925537,-2.194901943206787,0.004233083222061396,0.09970537573099136,2.309281587600708,0.5343136787414551,0.004233083222061396,2.007412910461426
3.5711281299591064,-2.1947009563446045,0.002880287589505315,0.10123323649168015,2.309340715408325,0.5341866612434387,0.002880287589505315,2.007319450378418
3.571493625640869,-2.1950244903564453,0.004905933514237404,0.09982462972402573,2.309255361557007,0.5343697667121887,0.004905933514237404,2.0074541568756104
3.5715622901916504,-2.1948885917663574,0.0015221015783026814,0.1006823256611824,2.3093972206115723,0.5340653657913208,0.0015221015783026814,2.007230043411255
3.5714619159698486,-2.1949622631073,0.0012450865469872952,0.10229508578777313,2.3094091415405273,0.5340402126312256,0.0012450865469872952,2.007211685180664
3.5713019371032715,-2.1947758197784424,0.002458431990817189,0.10258707404136658,2.3093578815460205,0.5341500639915466,0.002458431990817189,2.0072925090789795
3.5713765621185303,-2.195040464401245,0.002747784135863185,0.10121886432170868,2.3093454837799072,0.5341765880584717,0.002747784135863185,2.007312059402466
3.5714426040649414,-2.195084571838379,0.0007922877557575703,0.09985923022031784,2.3094282150268555,0.5339993834495544,0.0007922877557575703,2.0071816444396973
3.571403980255127,-2.1948752403259277,0.0021328108850866556,0.10077095031738281,2.3093717098236084,0.5341203212738037,0.0021328108850866556,2.007270574569702
3.5713837146759033,-2.1948769092559814,0.000203268849872984,0.10220874100923538,2.309453010559082,0.5339457988739014,0.000203268849872984,2.0071423053741455
3.571377754211426,-2.1949117183685303,0.0003547044761944562,0.10064493864774704,2.3094468116760254,0.5339593887329102,0.0003547044761944562,2.0071520805358887
3.5713868141174316,-2.194890022277832,0.00023262412287294865,0.1016632616519928,2.3094518184661865,0.5339487195014954,0.00023262412287294865,2.0071442127227783
3.571406364440918,-2.1948792934417725,0.00022310124768409878,0.10160466283559799,2.3094522953033447,0.5339475870132446,0.00022310124768409878,2.007143497467041
3.57131290435791,-2.194715738296509,0.0018995695281773806,0.10066360235214233,2.3093819618225098,0.5340980887413025,0.0018995695281773806,2.007254123687744
3.571366548538208,-2.194819927215576,0.0011735684238374233,0.1016114354133606,2.3094122409820557,0.5340335965156555,0.0011735684238374233,2.007206678390503
3.5714104175567627,-2.194927215576172,0.001145021291449666,0.10144085437059402,2.309412717819214,0.5340324640274048,0.001145021291449666,2.0072059631347656
3.571383237838745,-2.1947484016418457,0.001831000205129385,0.10228097438812256,2.309385299682617,0.5340912938117981,0.001831000205129385,2.007249116897583
3.571286201477051,-2.1945409774780273,0.002293136902153492,0.10207122564315796,2.3093647956848145,0.5341349244117737,0.002293136902153492,2.0072813034057617
3.5714259147644043,-2.19508957862854,0.005658402107656002,0.1002303883433342,2.3092222213745117,0.5344403982162476,0.005658402107656002,2.0075061321258545
3.571345329284668,-2.194868803024292,0.002351927338168025,0.1000044047832489,2.3093624114990234,0.534140408039093,0.002351927338168025,2.0072853565216064
3.5714058876037598,-2.1950173377990723,0.0016052265418693423,0.10033204406499863,2.309393882751465,0.534072756767273,0.0016052265418693423,2.007235527038574
3.5713512897491455,-2.1949520111083984,0.0008523107971996069,0.09984306246042252,2.3094255924224854,0.5340045690536499,0.0008523107971996069,2.007185459136963
3.5713770389556885,-2.1950442790985107,0.0009541464387439191,0.09948132187128067,2.3094213008880615,0.5340142250061035,0.0009541464387439191,2.007192611694336
3.571394681930542,-2.1951215267181396,0.0007818993763066828,0.10020159184932709,2.3094282150268555,0.5339992046356201,0.0007818993763066828,2.007181406021118
3.571366786956787,-2.1950204372406006,0.0010664110304787755,0.10122090578079224,2.309417247772217,0.5340224504470825,0.0010664110304787755,2.0071985721588135
3.5713188648223877,-2.1948390007019043,0.0018714386969804764,0.10073843598365784,2.309382438659668,0.5340974926948547,0.0018714386969804764,2.007253646850586
3.571375846862793,-2.1949543952941895,0.0012924850452691317,0.10010382533073425,2.3094072341918945,0.5340440273284912,0.0012924850452691317,2.0072145462036133
3.571387529373169,-2.19498610496521,0.0003332671767566353,0.10153824836015701,2.3094472885131836,0.5339580178260803,0.0003332671767566353,2.0071511268615723
3.571342706680298,-2.1948540210723877,0.001413778169080615,0.10114029049873352,2.3094027042388916,0.5340538024902344,0.001413778169080615,2.0072216987609863
3.571361780166626,-2.1949338912963867,0.0008225264609791338,0.10125754773616791,2.30942702293396,0.5340018272399902,0.0008225264609791338,2.007183313369751
3.5713748931884766,-2.194827079772949,0.0010728613706305623,0.10186126828193665,2.3094162940979004,0.5340248942375183,0.0010728613706305623,2.0072004795074463
3.571371555328369,-2.19480037689209,0.00026754182181321084,0.1018543615937233,2.309450387954712,0.5339517593383789,0.00026754182181321084,2.0071465969085693
3.571354627609253,-2.194904088973999,0.0010466781677678227,0.10085224360227585,2.309417247772217,0.5340226292610168,0.0010466781677678227,2.0071988105773926
3.571319818496704,-2.19472336769104,0.0018593796994537115,0.10111333429813385,2.3093838691711426,0.5340942144393921,0.0018593796994537115,2.007251262664795
3.571396827697754,-2.1949877738952637,0.0027665395755320787,0.10162004828453064,2.309345245361328,0.5341769456863403,0.0027665395755320787,2.007312297821045
3.571352958679199,-2.194753408432007,0.002355367410928011,0.1016230657696724,2.309360980987549,0.5341435074806213,0.002355367410928011,2.0072875022888184
3.5713744163513184,-2.194873571395874,0.0012348503805696964,0.10153570771217346,2.3094100952148438,0.5340380072593689,0.0012348503805696964,2.0072100162506104
3.571321964263916,-2.1948509216308594,0.0005717455642297864,0.09939158707857132,2.3094375133514404,0.5339791774749756,0.0005717455642297864,2.007166624069214
3.5713508129119873,-2.1949124336242676,0.0006795314257033169,0.1008976623415947,2.3094329833984375,0.5339889526367188,0.0006795314257033169,2.007174015045166
3.5714027881622314,-2.1949422359466553,0.0005975736421532929,0.10098947584629059,2.309436321258545,0.5339816808700562,0.0005975736421532929,2.0071685314178467
3.5713887214660645,-2.194963216781616,0.0002525797171983868,0.0998816043138504,2.309451103210449,0.5339502692222595,0.0002525797171983868,2.007145404815674
3.5714449882507324,-2.195084810256958,0.001333674998022616,0.10159024596214294,2.3094050884246826,0.5340487957000732,0.001333674998022616,2.0072178840637207
3.5714712142944336,-2.1949574947357178,0.0012936880812048912,0.1044989600777626,2.3094067573547363,0.5340452194213867,0.0012936880812048912,2.0072152614593506
3.5714712142944336,-2.1949574947357178,0.0,0.1044989600777626,2.3094615936279297,0.5339273810386658,0.0,2.0071287155151367
3.5714712142944336,-2.1949574947357178,0.0,0.1044989600777626,2.3094615936279297,0.5339273810386658,0.0,2.0071287155151367
3.5714712142944336,-2.1949574947357178,0.0,0.1044989600777626,2.3094615936279297,0.5339273810386658,0.0,2.0071287155151367
3.5714712142944336,-2.1949574947357178,0.0,0.1044989600777626,2.3094615936279297,0.5339273810386658,0.0,2.0071287155151367
3.5714712142944336,-2.1949574947357178,0.0,0.1044989600777626,2.3094615936279297,0.5339273810386658,0.0,2.0071287155151367
3.5714712142944336,-2.1949574947357178,0.0,0.1044989600777626,2.3094615936279297,0.5339273810386658,0.0,2.0071287155151367
3.5714712142944336,-2.1949574947357178,0.0,0.1044989600777626,2.3094615936279297,0.5339273810386658,0.0,2.0071287155151367
3.5714712142944336,-2.1949574947357178,0.0,0.1044989600777626,2.3094615936279297,0.5339273810386658,0.0,2.0071287155151367
3.5714712142944336,-2.1949574947357178,0.0,0.1044989600777626,2.3094615936279297,0.5339273810386658,0.0,2.0071287155151367
3.5714712142944336,-2.1949574947357178,0.0,0.1044989600777626,2.3094615936279297,0.5339273810386658,0.0,2.0071287155151367
3.5714712142944336,-2.1949574947357178,0.0,0.1044989600777626,2.3094615936279297,0.5339273810386658,0.0,2.0071287155151367
3.5714712142944336,-2.1949574947357178,0.0,0.1044989600777626,2.3094615936279297,0.5339273810386658,0.0,2.0071287155151367
3.5714712142944336,-2.1949574947357178,0.0,0.1044989600777626,2.3094615936279297,0.5339273810386658,0.0,2.0071287155151367
3.5714712142944336,-2.1949574947357178,0.0,0.1044989600777626,2.3094615936279297,0.5339273810386658,0.0,2.0071287155151367
3.5714712142944336,-2.1949574947357178,0.0,0.1044989600777626,2.3094615936279297,0.5339273810386658,0.0,2.0071287155151367
3.5714712142944336,-2.1949574947357178,0.0,0.1044989600777626,2.3094615936279297,0.5339273810386658,0.0,2.0071287155151367
3.5714712142944336,-2.1949574947357178,0.0,0.1044989600777626,2.3094615936279297,0.5339273810386658,0.0,2.0071287155151367
3.5714712142944336,-2.1949574947357178,0.0,0.1044989600777626,2.3094615936279297,0.5339273810386658,0.0,2.0071287155151367
3.5714712142944336,-2.1949574947357178,0.0,0.1044989600777626,2.3094615936279297,0.5339273810386658,0.0,2.0071287155151367
3.5714712142944336,-2.1949574947357178,0.0,0.1044989600777626,2.3094615936279297,0.5339273810386658,0.0,2.0071287155151367
3.5714712142944336,-2.1949574947357178,0.0,0.1044989600777626,2.3094615936279297,0.5339273810386658,0.0,2.0071287155151367
3.5714712142944336,-2.1949574947357178,0.0,0.1044989600777626,2.3094615936279297,0.5339273810386658,0.0,2.0071287155151367
3.5714712142944336,-2.1949574947357178,0.0,0.1044989600777626,2.3094615936279297,0.5339273810386658,0.0,2.0071287155151367
3.5714712142944336,-2.1949574947357178,0.0,0.1044989600777626,2.3094615936279297,0.5339273810386658,0.0,2.0071287155151367
3.5714712142944336,-2.1949574947357178,0.0,0.1044989600777626,2.3094615936279297,0.5339273810386658,0.0,2.0071287155151367
3.5714712142944336,-2.1949574947357178,0.0,0.1044989600777626,2.3094615936279297,0.5339273810386658,0.0,2.0071287155151367
3.5714712142944336,-2.1949574947357178,0.0,0.1044989600777626,2.3094615936279297,0.5339273810386658,0.0,2.0071287155151367
3.5714712142944336,-2.1949574947357178,0.0,0.1044989600777626,2.3094615936279297,0.5339273810386658,0.0,2.0071287155151367
3.5714712142944336,-2.1949574947357178,0.0,0.1044989600777626,2.3094615936279297,0.5339273810386658,0.0,2.0071287155151367
3.5714712142944336,-2.1949574947357178,0.0,0.1044989600777626,2.3094615936279297,0.5339273810386658,0.0,2.0071287155151367
3.5714712142944336,-2.1949574947357178,0.0,0.1044989600777626,2.3094615936279297,0.5339273810386658,0.0,2.0071287155151367
3.5714712142944336,-2.1949574947357178,0.0,0.1044989600777626,2.3094615936279297,0.5339273810386658,0.0,2.0071287155151367
3.5714712142944336,-2.1949574947357178,0.0,0.1044989600777626,2.3094615936279297,0.5339273810386658,0.0,2.0071287155151367
3.5714712142944336,-2.1949574947357178,0.0,0.1044989600777626,2.3094615936279297,0.5339273810386658,0.0,2.0071287155151367
3.5714712142944336,-2.1949574947357178,0.0,0.1044989600777626,2.3094615936279297,0.5339273810386658,0.0,2.0071287155151367
3.5714712142944336,-2.1949574947357178,0.0,0.1044989600777626,2.3094615936279297,0.5339273810386658,0.0,2.0071287155151367
3.5714712142944336,-2.1949574947357178,0.0,0.1044989600777626,2.3094615936279297,0.5339273810386658,0.0,2.0071287155151367
3.5714712142944336,-2.1949574947357178,0.0,0.1044989600777626,2.3094615936279297,0.5339273810386658,0.0,2.0071287155151367
3.5714712142944336,-2.1949574947357178,0.0,0.1044989600777626,2.3094615936279297,0.5339273810386658,0.0,2.0071287155151367
3.5714712142944336,-2.1949574947357178,0.0,0.1044989600777626,2.3094615936279297,0.5339273810386658,0.0,2.0071287155151367
3.5714712142944336,-2.1949574947357178,0.0,0.1044989600777626,2.3094615936279297,0.5339273810386658,0.0,2.0071287155151367
3.5714712142944336,-2.1949574947357178,0.0,0.1044989600777626,2.3094615936279297,0.5339273810386658,0.0,2.0071287155151367
3.5714712142944336,-2.1949574947357178,0.0,0.1044989600777626,2.3094615936279297,0.5339273810386658,0.0,2.0071287155151367
3.5714712142944336,-2.1949574947357178,0.0,0.1044989600777626,2.3094615936279297,0.5339273810386658,0.0,2.0071287155151367
3.5714712142944336,-2.1949574947357178,0.0,0.1044989600777626,2.3094615936279297,0.5339273810386658,0.0,2.0071287155151367
3.5714712142944336,-2.1949574947357178,0.0,0.1044989600777626,2.3094615936279297,0.5339273810386658,0.0,2.0071287155151367
3.5714712142944336,-2.1949574947357178,0.0,0.1044989600777626,2.3094615936279297,0.5339273810386658,0.0,2.0071287155151367
3.5714712142944336,-2.1949574947357178,0.0,0.1044989600777626,2.3094615936279297,0.5339273810386658,0.0,2.0071287155151367
3.5714712142944336,-2.1949574947357178,0.0,0.1044989600777626,2.3094615936279297,0.5339273810386658,0.0,2.0071287155151367
3.5714712142944336,-2.1949574947357178,0.0,0.1044989600777626,2.3094615936279297,0.5339273810386658,0.0,2.0071287155151367
3.5714712142944336,-2.1949574947357178,0.0,0.1044989600777626,2.3094615936279297,0.5339273810386658,0.0,2.0071287155151367
3.5714712142944336,-2.1949574947357178,0.0,0.1044989600777626,2.3094615936279297,0.5339273810386658,0.0,2.0071287155151367
3.5714712142944336,-2.1949574947357178,0.0,0.1044989600777626,2.3094615936279297,0.5339273810386658,0.0,2.0071287155151367
3.5714712142944336,-2.1949574947357178,0.0,0.1044989600777626,2.3094615936279297,0.5339273810386658,0.0,2.0071287155151367
3.5714712142944336,-2.1949574947357178,0.0,0.1044989600777626,2.3094615936279297,0.5339273810386658,0.0,2.0071287155151367
3.5714712142944336,-2.1949574947357178,0.0,0.1044989600777626,2.3094615936279297,0.5339273810386658,0.0,2.0071287155151367
3.5714712142944336,-2.1949574947357178,0.0,0.1044989600777626,2.3094615936279297,0.5339273810386658,0.0,2.0071287155151367
3.5714712142944336,-2.1949574947357178,0.0,0.1044989600777626,2.3094615936279297,0.5339273810386658,0.0,2.0071287155151367
3.5714712142944336,-2.1949574947357178,0.0,0.1044989600777626,2.3094615936279297,0.5339273810386658,0.0,2.0071287155151367
3.5714712142944336,-2.1949574947357178,0.0,0.1044989600777626,2.3094615936279297,0.5339273810386658,0.0,2.0071287155151367
3.5714712142944336,-2.1949574947357178,0.0,0.1044989600777626,2.3094615936279297,0.5339273810386658,0.0,2.0071287155151367
3.5714712142944336,-2.1949574947357178,0.0,0.1044989600777626,2.3094615936279297,0.5339273810386658,0.0,2.0071287155151367
3.5714712142944336,-2.1949574947357178,0.0,0.1044989600777626,2.3094615936279297,0.5339273810386658,0.0,2.0071287155151367
3.5714712142944336,-2.1949574947357178,0.0,0.1044989600777626,2.3094615936279297,0.5339273810386658,0.0,2.0071287155151367
3.5714712142944336,-2.1949574947357178,0.0,0.1044989600777626,2.3094615936279297,0.5339273810386658,0.0,2.0071287155151367
3.5714712142944336,-2.1949574947357178,0.0,0.1044989600777626,2.3094615936279297,0.5339273810386658,0.0,2.0071287155151367
3.5714712142944336,-2.1949574947357178,0.0,0.1044989600777626,2.3094615936279297,0.5339273810386658,0.0,2.0071287155151367
3.5714712142944336,-2.1949574947357178,0.0,0.1044989600777626,2.3094615936279297,0.5339273810386658,0.0,2.0071287155151367
3.5714712142944336,-2.1949574947357178,0.0,0.1044989600777626,2.3094615936279297,0.5339273810386658,0.0,2.0071287155151367
3.5714712142944336,-2.1949574947357178,0.0,0.1044989600777626,2.3094615936279297,0.5339273810386658,0.0,2.0071287155151367
3.5714712142944336,-2.1949574947357178,0.0,0.1044989600777626,2.3094615936279297,0.5339273810386658,0.0,2.0071287155151367
3.5714712142944336,-2.1949574947357178,0.0,0.1044989600777626,2.3094615936279297,0.5339273810386658,0.0,2.0071287155151367
3.5714712142944336,-2.1949574947357178,0.0,0.1044989600777626,2.3094615936279297,0.5339273810386658,0.0,2.0071287155151367
3.5714712142944336,-2.1949574947357178,0.0,0.1044989600777626,2.3094615936279297,0.5339273810386658,0.0,2.0071287155151367
3.5714712142944336,-2.1949574947357178,0.0,0.1044989600777626,2.3094615936279297,0.5339273810386658,0.0,2.0071287155151367
3.5714712142944336,-2.1949574947357178,0.0,0.1044989600777626,2.3094615936279297,0.5339273810386658,0.0,2.0071287155151367
3.5714712142944336,-2.1949574947357178,0.0,0.1044989600777626,2.3094615936279297,0.5339273810386658,0.0,2.0071287155151367
3.5714712142944336,-2.1949574947357178,0.0,0.1044989600777626,2.3094615936279297,0.5339273810386658,0.0,2.0071287155151367
3.5714712142944336,-2.1949574947357178,0.0,0.1044989600777626,2.3094615936279297,0.5339273810386658,0.0,2.0071287155151367
3.5714712142944336,-2.1949574947357178,0.0,0.1044989600777626,2.3094615936279297,0.5339273810386658,0.0,2.0071287155151367
3.5714712142944336,-2.1949574947357178,0.0,0.1044989600777626,2.3094615936279297,0.5339273810386658,0.0,2.0071287155151367
3.5714712142944336,-2.1949574947357178,0.0,0.1044989600777626,2.3094615936279297,0.5339273810386658,0.0,2.0071287155151367
3.5714712142944336,-2.1949574947357178,0.0,0.1044989600777626,2.3094615936279297,0.5339273810386658,0.0,2.0071287155151367
3.5714712142944336,-2.1949574947357178,0.0,0.1044989600777626,2.3094615936279297,0.5339273810386658,0.0,2.0071287155151367
3.5714712142944336,-2.1949574947357178,0.0,0.1044989600777626,2.3094615936279297,0.5339273810386658,0.0,2.0071287155151367
3.5714712142944336,-2.1949574947357178,0.0,0.1044989600777626,2.3094615936279297,0.5339273810386658,0.0,2.0071287155151367
3.5714712142944336,-2.1949574947357178,0.0,0.1044989600777626,2.3094615936279297,0.5339273810386658,0.0,2.0071287155151367
3.2080471515655518,-1.5462881326675415,7.5032782554626465,1.9006545543670654,1.8857976198196411,1.0722981691360474,7.5032782554626465,2.46791410446167
3.187086820602417,-1.436310052871704,1.111429214477539,1.9134080410003662,2.271008014678955,0.6105898022651672,1.111429214477539,2.0643138885498047
3.187086820602417,-1.436310052871704,0.0,1.9134080410003662,2.3203182220458984,0.5101049542427063,0.0,1.9896754026412964
3.187086820602417,-1.436310052871704,0.0,1.9134080410003662,2.3203182220458984,0.5101049542427063,0.0,1.9896754026412964
3.187086820602417,-1.436310052871704,0.0,1.9134080410003662,2.3203182220458984,0.5101049542427063,0.0,1.9896754026412964
3.187086820602417,-1.436310052871704,0.0,1.9134080410003662,2.3203182220458984,0.5101049542427063,0.0,1.9896754026412964
3.11370587348938,-0.7786336541175842,6.75551700592041,1.8446276187896729,1.782761573791504,1.1476010084152222,6.75551700592041,2.5530200004577637
3.1004080772399902,-0.6253810524940491,1.5432384014129639,1.8422448635101318,2.10115385055542,0.8616886138916016,1.5432384014129639,2.2667605876922607
3.0969979763031006,-0.45896878838539124,1.6652239561080933,1.6894418001174927,2.0406205654144287,0.9298285245895386,1.6652239561080933,2.327533006668091
3.0836446285247803,-0.292813777923584,1.6670559644699097,1.6928720474243164,1.9850525856018066,0.9856639504432678,1.6670559644699097,2.3800551891326904
3.044975757598877,-0.13360106945037842,1.6376608610153198,1.8887683153152466,1.9289754629135132,1.0364888906478882,1.6376608610153198,2.4305155277252197
3.0118939876556396,0.04376039281487465,1.7880057096481323,1.862399697303772,1.8339732885360718,1.1118544340133667,1.7880057096481323,2.5113813877105713
2.948047399520874,0.21163369715213776,1.8125606775283813,1.9501382112503052,1.7479760646820068,1.1701315641403198,1.8125606775283813,2.580650568008423
2.857027769088745,0.37455400824546814,1.8618935346603394,2.170501947402954,1.6742721796035767,1.213556170463562,1.8618935346603394,2.637688398361206
2.773916482925415,0.5350492000579834,1.7930723428726196,2.1435043811798096,1.586211919784546,1.2583940029144287,1.7930723428726196,2.7035791873931885
2.665494441986084,0.6898727416992188,1.9062137603759766,2.2180542945861816,1.4821772575378418,1.3024219274520874,1.9062137603759766,2.7789087295532227
2.548354148864746,0.8434358239173889,1.937199592590332,2.263979911804199,1.3539484739303589,1.3445849418640137,1.937199592590332,2.8689277172088623
2.4183926582336426,0.9876244068145752,1.9386990070343018,2.34264874458313,1.2512420415878296,1.369439721107483,1.9386990070343018,2.93938946723938
2.276381492614746,1.126487135887146,1.9758507013320923,2.423696994781494,1.091508150100708,1.3933101892471313,1.9758507013320923,3.0471134185791016
2.1211509704589844,1.2543861865997314,2.0220296382904053,2.498809814453125,0.9583059549331665,1.3999769687652588,2.0220296382904053,3.1360552310943604
1.9535373449325562,1.3688441514968872,2.0313024520874023,2.5825512409210205,0.7996473908424377,1.392445683479309,2.0313024520874023,3.2419962882995605
1.7737733125686646,1.4725795984268188,2.075664520263672,2.6612050533294678,0.614416778087616,1.3619794845581055,2.075664520263672,3.3672244548797607
1.583893895149231,1.5619391202926636,2.100635051727295,2.7425992488861084,0.4365789294242859,1.3093966245651245,2.100635051727295,3.490935802459717
1.3856779336929321,1.6373649835586548,2.0941615104675293,2.8234269618988037,0.266661137342453,1.2353081703186035,2.0941615104675293,3.614593029022217
1.1790761947631836,1.696706771850586,2.1759233474731445,2.9155678749084473,0.08512300252914429,1.1255561113357544,2.1759233474731445,3.7561349868774414
0.9645175933837891,1.7354586124420166,2.159848690032959,3.0117828845977783,-0.07926344871520996,0.99115389585495,2.159848690032959,3.8978111743927
0.7451145052909851,1.753546118736267,2.2256195545196533,3.1173155307769775,-0.2224278748035431,0.8356350064277649,2.2256195545196533,4.038849353790283
0.5239721536636353,1.7463691234588623,2.2182435989379883,-3.0459022521972656,-0.341798335313797,0.6624021530151367,2.2182435989379883,-2.103968858718872
0.3018743395805359,1.6996415853500366,2.261752128601074,-2.797557830810547,-0.42735081911087036,0.494057834148407,2.261752128601074,-1.9779949188232422
0.0899515226483345,1.6509320735931396,2.174985885620117,-2.79416561126709,-0.49407958984375,0.30575132369995117,2.174985885620117,-1.8447096347808838
-0.1097894087433815,1.5600303411483765,2.1937358379364014,-2.6334097385406494,-0.533065915107727,0.12475645542144775,2.1937358379364014,-1.7212003469467163
-0.28693050146102905,1.4373072385787964,2.157989025115967,-2.4637858867645264,-0.5482492446899414,-0.02754812501370907,2.157989025115967,-1.6191164255142212
-0.43779370188713074,1.2891067266464233,2.114316701889038,-2.289156675338745,-0.547836184501648,-0.18053992092609406,2.114316701889038,-1.5170772075653076
-0.5601438879966736,1.118566632270813,2.100236415863037,-2.122276544570923,-0.5353394746780396,-0.30920499563217163,2.100236415863037,-1.4308701753616333
-0.6494103670120239,0.9312323331832886,2.0456392765045166,-1.9509251117706299,-0.5119867324829102,-0.4355515241622925,2.0456392765045166,-1.3451862335205078
-0.7046090364456177,0.7352905869483948,2.0631027221679688,-1.7827413082122803,-0.4861627221107483,-0.5329395532608032,2.0631027221679688,-1.27800452709198
-0.7249006032943726,0.5327948331832886,2.01387357711792,-1.6159230470657349,-0.46155595779418945,-0.6074541807174683,2.01387357711792,-1.225683569908142
-0.7120702862739563,0.327488511800766,2.089982509613037,-1.457664966583252,-0.4322114884853363,-0.6826589107513428,2.089982509613037,-1.1718590259552002
-0.6684392690658569,0.12578797340393066,2.0657858848571777,-1.3072178363800049,-0.4319554269313812,-0.6832659244537354,2.0657858848571777,-1.1714198589324951
-0.6000815033912659,-0.06984324753284454,2.0710597038269043,-1.1891915798187256,-0.4416019022464752,-0.6598608493804932,2.0710597038269043,-1.1882967948913574
-0.5128698348999023,-0.260566383600235,2.0976715087890625,-1.0892153978347778,-0.5053764581680298,-0.4631520211696625,2.0976715087890625,-1.3262653350830078
-0.40841144323349,-0.44496455788612366,2.113419771194458,-1.0059767961502075,-0.43984097242355347,-0.6642180681228638,2.113419771194458,-1.1851637363433838
-0.2921583652496338,-0.626559317111969,2.16375732421875,-0.9642543792724609,-0.3325575292110443,-0.8778471350669861,2.16375732421875,-1.0256247520446777
-0.17293576896190643,-0.8071885108947754,2.1642322540283203,-0.944348156452179,-0.19456231594085693,-1.0695241689682007,2.1642322540283203,-0.8680058717727661
-0.04814711585640907,-0.9883752465248108,2.2001943588256836,-0.9241739511489868,-0.006066308356821537,-1.25582754611969,2.2001943588256836,-0.6910901069641113
0.08497204631567001,-1.1659165620803833,2.1841628551483154,-0.8802201747894287,0.18815407156944275,-1.392126441001892,2.1841628551483154,-0.5327420234680176
0.23179543018341064,-1.3358995914459229,2.2788145542144775,-0.8087047934532166,0.40218794345855713,-1.4963889122009277,2.2788145542144775,-0.3738562762737274
0.39499276876449585,-1.4935468435287476,2.2430806159973145,-0.7082328200340271,0.6040883660316467,-1.5595701932907104,2.2430806159973145,-0.23270221054553986
0.5739643573760986,-1.6308611631393433,2.254462718963623,-0.586979329586029,1.2776362895965576,-1.5637809038162231,2.254462718963623,0.22019942104816437
0.7711191177368164,-1.74233877658844,2.294210195541382,-0.45251980423927307,1.6461325883865356,-1.4286832809448242,2.294210195541382,0.4826052188873291
0.9818639159202576,-1.8262619972229004,2.2696542739868164,-0.3047989010810852,1.9074395895004272,-1.254690170288086,2.2696542739868164,0.6922788619995117
1.2012932300567627,-1.875113606452942,2.2193849086761475,-0.15107734501361847,2.092083215713501,-1.0724433660507202,2.2193849086761475,0.8654526472091675
1.4236570596694946,-1.8911749124526978,2.2657508850097656,0.08507096767425537,2.2426536083221436,-0.8609511256217957,2.2657508850097656,1.03874671459198
1.652381181716919,-1.9004020690917969,2.2688887119293213,0.016547586768865585,2.347952365875244,-0.6438101530075073,2.2688887119293213,1.1998043060302734
1.8692649602890015,-1.8447058200836182,2.2552034854888916,0.1382981538772583,2.408879041671753,-0.4488147497177124,2.2552034854888916,1.3361046314239502
2.051492929458618,-1.7128310203552246,2.231330156326294,0.5177198052406311,2.4374799728393555,-0.2933991551399231,2.231330156326294,1.441503643989563
2.2304506301879883,-1.588708758354187,2.1958367824554443,0.6728304624557495,2.4498939514160156,-0.11782969534397125,2.1958367824554443,1.55890953540802
2.3786723613739014,-1.4363164901733398,2.1283955574035645,0.8562867641448975,2.444014549255371,0.033868491649627686,2.1283955574035645,1.6601608991622925
2.502213954925537,-1.2643154859542847,2.0924320220947266,1.0121586322784424,2.426805019378662,0.16276782751083374,2.0924320220947266,1.7468833923339844
2.594815731048584,-1.0725927352905273,2.150546073913574,1.1776580810546875,2.390930652618408,0.31679555773735046,2.150546073913574,1.8523658514022827
2.6566219329833984,-0.8684541583061218,2.13439679145813,1.3330254554748535,2.358217477798462,0.41664665937423706,2.13439679145813,1.922429084777832
2.6880924701690674,-0.6563493609428406,2.1202681064605713,1.470259428024292,2.3073463439941406,0.5384438633918762,2.1202681064605713,2.010453462600708
2.695812463760376,-0.4415276050567627,2.1524853706359863,1.5911540985107422,2.259244203567505,0.6320381760597229,2.1524853706359863,2.080622434616089
2.6783180236816406,-0.2247316986322403,2.1993281841278076,1.6933166980743408,2.189030647277832,0.7454601526260376,2.1993281841278076,2.1695823669433594
2.6291940212249756,-0.017444653436541557,2.1151418685913086,1.8989161252975464,2.12980318069458,0.8263176083564758,2.1151418685913086,2.2364139556884766
2.5925211906433105,0.2063310295343399,2.2561686038970947,1.8567432165145874,1.998341679573059,0.9728371500968933,2.2561686038970947,2.3677420616149902
2.5287587642669678,0.41749173402786255,2.214813470840454,1.9096462726593018,1.864689826965332,1.0888408422470093,2.214813470840454,2.485792875289917
2.4560048580169678,0.6301254630088806,2.2672646045684814,1.9555083513259888,1.6867141723632812,1.2066186666488647,2.2672646045684814,2.6281914710998535
2.369642972946167,0.8390526175498962,2.2705342769622803,2.021942377090454,1.4473687410354614,1.3151410818099976,2.2705342769622803,2.8036158084869385
2.2654879093170166,1.039934515953064,2.261630058288574,2.1099460124969482,1.2196664810180664,1.3755608797073364,2.261630058288574,2.960832118988037
2.1406190395355225,1.2284940481185913,2.264129638671875,2.215696334838867,0.9594625234603882,1.3999701738357544,2.264129638671875,3.135284185409546
1.9936277866363525,1.399606466293335,2.2561042308807373,2.3457608222961426,0.7252703309059143,1.3830699920654297,2.2561042308807373,3.291978597640991
1.8237203359603882,1.5523879528045654,2.286407947540283,2.4744865894317627,0.4932538866996765,1.3287698030471802,2.286407947540283,3.451003313064575
1.6343129873275757,1.6805400848388672,2.2859647274017334,2.612497091293335,0.2986803948879242,1.2512153387069702,2.2859647274017334,3.590757131576538
1.4295427799224854,1.7812517881393433,2.2757771015167236,2.7558610439300537,0.1173747181892395,1.1476919651031494,2.2757771015167236,3.730056047439575
1.2113796472549438,1.8496230840682983,2.294126272201538,2.904310703277588,-0.04848777502775192,1.019384741783142,2.294126272201538,3.8699686527252197
0.984144389629364,1.887126088142395,2.2946691513061523,3.0460829734802246,-0.17857345938682556,0.8880900740623474,2.2946691513061523,3.9932637214660645
0.7537651658058167,1.892392635345459,2.3126282691955566,-3.0973618030548096,-0.2906523048877716,0.7430787682533264,2.3126282691955566,-2.167661666870117
0.5238314270973206,1.8645957708358765,2.3082056045532227,-2.9547204971313477,-0.3846837878227234,0.5845577120780945,2.3082056045532227,-2.0447096824645996
0.3008635342121124,1.8064398765563965,2.3053810596466064,-2.8155529499053955,-0.4577547013759613,0.4179060459136963,2.3053810596466064,-1.9233235120773315
0.09170302748680115,1.7154250144958496,2.287956714630127,-2.6592702865600586,-0.5036073923110962,0.2701696455478668,2.287956714630127,-1.8201521635055542
-0.0969248041510582,1.5944026708602905,2.237067699432373,-2.492302417755127,-0.5337570905685425,0.12014736235141754,2.237067699432373,-1.7180932760238647
-0.2574373483657837,1.4460662603378296,2.1931986808776855,-2.320122480392456,-0.5469545722007751,-0.004464284982532263,2.1931986808776855,-1.634529948234558
-0.38962432742118835,1.2767122983932495,2.1499686241149902,-2.1570959091186523,-0.5496676564216614,-0.13157328963279724,2.1499686241149902,-1.5497459173202515
-0.4914039075374603,1.0874290466308594,2.1141324043273926,-1.9964561462402344,-0.5438051223754883,-0.23618455231189728,2.1141324043273926,-1.4798814058303833
-0.5599536895751953,0.8865452408790588,2.1486239433288574,-1.8388404846191406,-0.5310890078544617,-0.33743488788604736,2.1486239433288574,-1.4118378162384033
-0.5959341526031494,0.6801174879074097,2.0772459506988525,-1.6820615530014038,-0.5224215984344482,-0.3863121271133423,2.0772459506988525,-1.3787431716918945
-0.59928959608078,0.468529611825943,2.1365480422973633,-1.5295616388320923,-0.516767680644989,-0.4139946401119232,2.1365480422973633,-1.359906792640686
-0.5728129744529724,0.2571345567703247,2.138120174407959,-1.3920191526412964,-0.5217482447624207,-0.3897535502910614,2.138120174407959,-1.3764053583145142
-0.5224499702453613,0.04938458278775215,2.136794328689575,-1.279193639755249,-0.54892897605896,-0.15667423605918884,2.136794328689575,-1.5330045223236084
-0.45315349102020264,-0.15556783974170685,2.163846492767334,-1.1852896213531494,-0.5259959101676941,-0.3672753870487213,2.163846492767334,-1.3916561603546143
-0.36795035004615784,-0.3559262156486511,2.1719651222229004,-1.1317691802978516,-0.46555960178375244,-0.5961763858795166,2.1719651222229004,-1.2336617708206177
-0.27698028087615967,-0.5575553774833679,2.1869683265686035,-1.1107912063598633,-0.36885905265808105,-0.8145703673362732,2.1869683265686035,-1.0742632150650024
-0.18027862906455994,-0.7583083510398865,2.253739356994629,-1.0877578258514404,-0.22372546792030334,-1.0340067148208618,2.253739356994629,-0.8986445665359497
-0.07704243808984756,-0.9577552080154419,2.2260875701904297,-1.0396955013275146,-0.04239242151379585,-1.2247921228408813,2.2260875701904297,-0.7229437828063965
0.04268646985292435,-1.1494323015213013,2.2895636558532715,-0.9585285782814026,0.14697811007499695,-1.3669474124908447,2.2895636558532715,-0.564919650554657
0.1802976280450821,-1.331012487411499,2.2795674800872803,-0.8580358028411865,0.3567444086074829,-1.4776965379714966,2.2795674800872803,-0.4066162407398224
0.34022068977355957,-1.4977474212646484,2.3122878074645996,-0.7462649345397949,0.840789794921875,-1.5960191488265991,2.3122878074645996,-0.07287126779556274
0.5187188982963562,-1.641737937927246,2.292304754257202,-0.6179297566413879,1.306782603263855,-1.5569509267807007,2.292304754257202,0.24015694856643677
0.7154170870780945,-1.7588942050933838,2.273331880569458,-0.4703601598739624,1.6250319480895996,-1.4395266771316528,2.273331880569458,0.466789186000824
0.9257842302322388,-1.8461211919784546,2.2928202152252197,-0.3081809878349304,1.8878395557403564,-1.270665168762207,2.2928202152252197,0.6754215955734253
1.1475118398666382,-1.8938324451446533,2.265944480895996,-0.1516278088092804,2.076260566711426,-1.0907255411148071,2.265944480895996,0.8493335247039795
1.3704437017440796,-1.9100534915924072,2.2345163822174072,0.05954902619123459,2.2156198024749756,-0.9051128029823303,2.2345163822174072,1.004225492477417
1.590566873550415,-1.8834034204483032,2.2043421268463135,0.17706619203090668,2.314610481262207,-0.7227667570114136,2.2043421268463135,1.142657995223999
1.8049472570419312,-1.826337456703186,2.2176122665405273,0.34082406759262085,2.388035297393799,-0.5266786813735962,2.2176122665405273,1.2823610305786133
1.99811851978302,-1.7188329696655273,2.2320027351379395,0.6310915350914001,2.429187059402466,-0.34900984168052673,2.2320027351379395,1.404017686843872
2.1823172569274902,-1.6093559265136719,2.122203826904297,0.6601440906524658,2.4481897354125977,-0.17367322742938995,2.122203826904297,1.5216610431671143
2.336595058441162,-1.459075927734375,2.145536422729492,0.8337807059288025,2.447622060775757,-0.015570899471640587,2.145536422729492,1.6271121501922607
2.4678609371185303,-1.2867820262908936,2.193804979324341,0.985845685005188,2.4303953647613525,0.14172214269638062,2.193804979324341,1.7326501607894897
2.56935977935791,-1.0960043668746948,2.1630966663360596,1.1453081369400024,2.4038186073303223,0.2693394720554352,2.1630966663360596,1.8195810317993164
2.640056610107422,-0.8905107378959656,2.1767401695251465,1.2991682291030884,2.365694522857666,0.39579159021377563,2.1767401695251465,1.9076590538024902
2.679629325866699,-0.6762484312057495,2.177424669265747,1.4330053329467773,2.3168609142303467,0.5178115367889404,2.177424669265747,1.995306372642517
2.695380449295044,-0.4583904445171356,2.184664487838745,1.5609052181243896,2.2575490474700928,0.6350616812705994,2.184664487838745,2.082933187484741
2.6856956481933594,-0.23835419118404388,2.1998305320739746,1.6656910181045532,2.187479257583618,0.7477291822433472,2.1998305320739746,2.171414852142334
2.6568706035614014,-0.018111536279320717,2.19895601272583,1.7558265924453735,2.107696771621704,0.8538020253181458,2.19895601272583,2.2599289417266846
2.6095898151397705,0.2007332444190979,2.266544818878174,1.8369412422180176,2.0003902912139893,0.9708316326141357,2.266544818878174,2.365830898284912
2.5466713905334473,0.4150618314743042,2.2122018337249756,1.9114289283752441,1.8624728918075562,1.090543270111084,2.2122018337249756,2.487656593322754
2.4673428535461426,0.6279948949813843,2.275623321533203,1.9818193912506104,1.6616036891937256,1.2204620838165283,2.275623321533203,2.6473076343536377
2.3727777004241943,0.8344640135765076,2.2858779430389404,2.059809446334839,1.4464044570922852,1.3154796361923218,2.2858779430389404,2.8042969703674316
2.2599923610687256,1.0331230163574219,2.291961669921875,2.1496987342834473,1.2175372838974,1.375948429107666,2.291961669921875,2.9622750282287598
2.1274189949035645,1.2181675434112549,2.273365020751953,2.253575086593628,0.9841625690460205,1.3996108770370483,2.273365020751953,3.1188156604766846
1.973251223564148,1.3869712352752686,2.284269094467163,2.3716094493865967,0.7481841444969177,1.3863614797592163,2.284269094467163,3.276545763015747
1.798611044883728,1.5380439758300781,2.3155267238616943,2.4922540187835693,0.5159425735473633,1.3358252048492432,2.3155267238616943,3.4351630210876465
1.6053894758224487,1.6644614934921265,2.2817342281341553,2.624800443649292,0.2966860830783844,1.2502521276474,2.2817342281341553,3.592233657836914
1.3973454236984253,1.765150785446167,2.3371593952178955,2.759488344192505,0.11493706703186035,1.1460617780685425,2.3371593952178955,3.732011079788208
1.1770801544189453,1.8353880643844604,2.314357042312622,2.9014217853546143,-0.050401829183101654,1.017674446105957,2.314357042312622,3.8716797828674316
0.9472411274909973,1.8748345375061035,2.3306190967559814,3.0386571884155273,-0.19750964641571045,0.8660339713096619,2.3306190967559814,4.012643814086914
0.7146708965301514,1.882123589515686,2.3281731605529785,-3.1015660762786865,-0.3064049184322357,0.7194185256958008,2.3281731605529785,-2.148711681365967
0.48210594058036804,1.8555889129638672,2.3340182304382324,-2.9611241817474365,-0.3975127935409546,0.5589455962181091,2.3340182304382324,-2.0256123542785645
0.2568145990371704,1.7986161708831787,2.320357322692871,-2.817417860031128,-0.4672210216522217,0.391410768032074,2.320357322692871,-1.9045661687850952
0.045826997607946396,1.7090258598327637,2.279174327850342,-2.6606502532958984,-0.5158777236938477,0.21812346577644348,2.279174327850342,-1.784501552581787
-0.14239183068275452,1.5873295068740845,2.265132188796997,-2.491157293319702,-0.5405386090278625,0.06820989400148392,2.265132188796997,-1.683172583580017
-0.30452364683151245,1.4401272535324097,2.196211338043213,-2.3205618858337402,-0.5493890643119812,-0.057193249464035034,2.196211338043213,-1.5993380546569824
-0.4368252158164978,1.2698942422866821,2.149224281311035,-2.1551194190979004,-0.5476093292236328,-0.18465442955493927,2.149224281311035,-1.5143300294876099
-0.5389655828475952,1.0806026458740234,2.1541385650634766,-1.9984649419784546,-0.5381199717521667,-0.2884116768836975,2.1541385650634766,-1.4448559284210205
-0.6068101525306702,0.8792815804481506,2.107323408126831,-1.835326075553894,-0.5218642354011536,-0.389163613319397,2.107323408126831,-1.3768061399459839
-0.6415116190910339,0.6734001040458679,2.087791919708252,-1.6713882684707642,-0.505601704120636,-0.46224820613861084,2.087791919708252,-1.3268862962722778
-0.6415380835533142,0.46241846680641174,2.127004623413086,-1.5182996988296509,-0.4914667010307312,-0.5149381756782532,2.127004623413086,-1.2905155420303345
-0.6114415526390076,0.252639502286911,2.1008636951446533,-1.3692009449005127,-0.4912049472332001,-0.5158464908599854,2.1008636951446533,-1.289885401725769
-0.5546711683273315,0.04774362966418266,2.1525423526763916,-1.2519828081130981,-0.5266568660736084,-0.3635990619659424,2.1525423526763916,-1.3941463232040405
-0.47845658659935,-0.15338869392871857,2.143655776977539,-1.1455583572387695,-0.5262203216552734,-0.366033136844635,2.143655776977539,-1.3924976587295532
-0.3845192790031433,-0.34906771779060364,2.1795482635498047,-1.0793339014053345,-0.46577900648117065,-0.595550000667572,2.1795482635498047,-1.2341042757034302
-0.28293490409851074,-0.5448037981987,2.181766986846924,-1.0544849634170532,-0.36918017268180847,-0.8139773607254028,2.181766986846924,-1.0747127532958984
-0.176895871758461,-0.7396394610404968,2.2381198406219482,-1.039113163948059,-0.22435222566127777,-1.033218502998352,2.2381198406219482,-0.8993158936500549
-0.06717377156019211,-0.9345747232437134,2.2170655727386475,-1.0096958875656128,-0.06252694129943848,-1.2067019939422607,2.2170655727386475,-0.7409890294075012
0.054320864379405975,-1.1251615285873413,2.2831952571868896,-0.95534747838974,0.14699521660804749,-1.3669582605361938,2.2831952571868896,-0.564906120300293
0.19116909801959991,-1.306915283203125,2.2802305221557617,-0.8676387071609497,0.35644927620887756,-1.4775694608688354,2.2802305221557617,-0.40683045983314514
0.3478582501411438,-1.4760780334472656,2.305464267730713,-0.7653858661651611,0.6332057118415833,-1.566165566444397,2.305464267730713,-0.2127985805273056
0.5227623581886292,-1.6251264810562134,2.298804759979248,-0.6427906155586243,1.2561705112457275,-1.5684207677841187,2.298804759979248,0.20555821061134338
0.716225266456604,-1.7473034858703613,2.2882626056671143,-0.49707406759262085,1.6249136924743652,-1.4395864009857178,2.2882626056671143,0.46670088171958923
0.9251062870025635,-1.8399970531463623,2.251185178756714,-0.3408699929714203,1.888456106185913,-1.2701709270477295,2.251185178756714,0.6759483218193054
1.144944429397583,-1.897201418876648,2.298664093017578,-0.1872052252292633,2.07649564743042,-1.0904581546783447,2.298664093017578,0.8495709300041199
1.3669759035110474,-1.920559048652649,2.2349562644958496,0.030595118179917336,2.215477705001831,-0.9053359627723694,2.2349562644958496,1.0040491819381714
1.59522545337677,-1.9360202550888062,2.2974674701690674,-0.027290834113955498,2.3381965160369873,-0.6682522892951965,2.2974674701690674,1.1822593212127686
1.59522545337677,-1.9360202550888062,0.0,-0.027290834113955498,2.235750913619995,-0.8725571036338806,0.0,1.029744267463684
1.59522545337677,-1.9360202550888062,0.0,-0.027290834113955498,2.235750913619995,-0.8725571036338806,0.0,1.029744267463684
1.59522545337677,-1.9360202550888062,0.0,-0.027290834113955498,2.235750913619995,-0.8725571036338806,0.0,1.029744267463684
2.3573644161224365,-1.5139013528823853,8.739825248718262,0.7009274959564209,2.2583792209625244,0.6335827708244324,8.739825248718262,2.0818026065826416
2.529852867126465,-1.3785475492477417,2.200167179107666,0.6955428123474121,2.4205362796783447,0.19584281742572784,2.200167179107666,1.7693264484405518
2.701293468475342,-1.229015588760376,2.2730376720428467,0.851067304611206,2.3622987270355225,0.40538349747657776,2.2730376720428467,1.914442539215088
2.8570315837860107,-1.0752607583999634,2.196441888809204,0.9807285666465759,2.294039726257324,0.5660009980201721,2.196441888809204,2.0308549404144287
2.8570315837860107,-1.0752607583999634,0.0,0.9807285666465759,2.376584768295288,0.36352548003196716,0.0,1.884955644607544
2.8570315837860107,-1.0752607583999634,0.0,0.9807285666465759,2.376584768295288,0.36352548003196716,0.0,1.884955644607544
3.150702714920044,-0.5121280550956726,6.489428997039795,1.3042460680007935,1.6712695360183716,1.2152073383331299,6.489428997039795,2.6399729251861572
3.208284854888916,-0.3023659288883209,2.17248272895813,1.3425426483154297,1.8876855373382568,1.0707885026931763,2.17248272895813,2.4663026332855225
3.2620108127593994,-0.09019873291254044,2.1910908222198486,1.375914216041565,1.7368708848953247,1.1770411729812622,2.1910908222198486,2.5893702507019043
3.289633274078369,0.1258459985256195,2.1790544986724854,1.5089774131774902,1.6000291109085083,1.2518365383148193,2.1790544986724854,2.693382978439331
3.2666800022125244,0.3340434432029724,2.0849573612213135,1.7851520776748657,1.4875338077545166,1.300377607345581,2.0849573612213135,2.7750864028930664
3.238372564315796,0.5518742203712463,2.1765329837799072,1.8344166278839111,1.3283450603485107,1.3515009880065918,2.1765329837799072,2.886608600616455
3.162490129470825,0.7498286962509155,2.142759084701538,2.008880376815796,1.2079499959945679,1.3776541948318481,2.142759084701538,2.968766927719116
3.053724765777588,0.9308050870895386,2.1213178634643555,2.178377151489258,1.1050961017608643,1.3919601440429688,2.1213178634643555,3.0380101203918457
2.9177446365356445,1.093315601348877,2.1181418895721436,2.3414466381073,0.9737216234207153,1.3998124599456787,2.1181418895721436,3.12577748298645
2.757051706314087,1.2336890697479248,2.127897024154663,2.4750308990478516,0.8675708174705505,1.397733449935913,2.127897024154663,3.19657301902771
2.5782527923583984,1.3472275733947754,2.1170871257781982,2.618551254272461,0.7908580303192139,1.3915340900421143,2.1170871257781982,3.247887372970581
2.385211944580078,1.4388457536697388,2.1108224391937256,2.747337818145752,0.6853538155555725,1.376469612121582,2.1108224391937256,3.3189518451690674
2.1823019981384277,1.510090947151184,2.1792876720428467,2.851191997528076,0.6071049571037292,1.3602818250656128,2.1792876720428467,3.3722286224365234
1.9721739292144775,1.5651532411575317,2.1737465858459473,2.9321951866149902,0.5290679931640625,1.3397278785705566,2.1737465858459473,3.4260339736938477
1.755176305770874,1.6082245111465454,2.209681987762451,2.9934895038604736,0.4259054958820343,1.3054624795913696,2.209681987762451,3.4985194206237793
1.5351992845535278,1.6427617073059082,2.2353909015655518,3.0331265926361084,0.3041049540042877,1.2538167238235474,2.2353909015655518,3.5867464542388916
1.3113341331481934,1.6685709953308105,2.2538206577301025,3.0708844661712646,0.1862652748823166,1.1910109519958496,2.2538206577301025,3.6757969856262207
1.084491491317749,1.6865431070327759,2.2693848609924316,3.1069185733795166,0.03287718817591667,1.0869649648666382,2.2693848609924316,3.799440383911133
0.8541468381881714,1.6955503225326538,2.29437255859375,-3.1376965045928955,-0.12546157836914062,0.945649266242981,2.29437255859375,-2.3421404361724854
0.6212652325630188,1.6946351528167725,2.3467912673950195,-3.086681842803955,-0.26191526651382446,0.783889889717102,2.3467912673950195,-2.2009389400482178
0.38831627368927,1.6769286394119263,2.3378000259399414,-2.9974472522735596,-0.385601282119751,0.5827658176422119,2.3378000259399414,-2.043367624282837
0.16368316113948822,1.6273832321166992,2.302096366882324,-2.850095748901367,-0.46644896268844604,0.3936317563056946,2.302096366882324,-1.906133770942688
-0.04686509445309639,1.5450114011764526,2.23254656791687,-2.6888256072998047,-0.5205923318862915,0.19556419551372528,2.23254656791687,-1.7691370248794556
-0.23553217947483063,1.4310882091522217,2.2315502166748047,-2.518779993057251,-0.5452069640159607,0.019816860556602478,2.2315502166748047,-1.6507594585418701
-0.40009862184524536,1.289325475692749,2.165440797805786,-2.351048231124878,-0.5496158599853516,-0.1339443176984787,2.165440797805786,-1.5481648445129395
-0.5369654297828674,1.124546766281128,2.1512508392333984,-2.1879165172576904,-0.5382307171821594,-0.28753483295440674,2.1512508392333984,-1.4454450607299805
-0.6426628828048706,0.940285861492157,2.1042513847351074,-2.0219500064849854,-0.5108808279037476,-0.4403340816497803,2.1042513847351074,-1.3419137001037598
-0.7136887311935425,0.7455294132232666,2.0838730335235596,-1.8558140993118286,-0.4772433936595917,-0.5614935755729675,2.0838730335235596,-1.2580610513687134
-0.7508770227432251,0.5414299964904785,2.0806314945220947,-1.693092703819275,-0.4415162205696106,-0.6600737571716309,2.0806314945220947,-1.1881437301635742
-0.7550241947174072,0.3334338665008545,2.075374126434326,-1.536580204963684,-0.4100536108016968,-0.7326564192771912,2.075374126434326,-1.1353987455368042
-0.7268165349960327,0.12747842073440552,2.0560624599456787,-1.3818317651748657,-0.37515369057655334,-0.8028283715248108,2.0560624599456787,-1.083145022392273
-0.6668236255645752,-0.07210458070039749,2.115696430206299,-1.2341750860214233,-0.3624309301376343,-0.8263092041015625,2.115696430206299,-1.0653407573699951
-0.5826688408851624,-0.26426148414611816,2.101743698120117,-1.1042667627334595,-0.3863566219806671,-0.7812862396240234,2.101743698120117,-1.099332571029663
-0.4765091836452484,-0.44760140776634216,2.1173455715179443,-0.9928139448165894,-0.43986836075782776,-0.6641506552696228,2.1173455715179443,-1.185212254524231
-0.35289841890335083,-0.6243160367012024,2.1469886302948,-0.9184134006500244,-0.3459185063838959,-0.8553774952888489,2.1469886302948,-1.0430529117584229
-0.22257499396800995,-0.7969990968704224,2.1509804725646973,-0.8805829286575317,-0.2113630622625351,-1.0493344068527222,2.1509804725646973,-0.8855165839195251
-0.08674081414937973,-0.9699519872665405,2.224172830581665,-0.8565933108329773,-0.045884959399700165,-1.2217010259628296,2.224172830581665,-0.7260530591011047
0.056860387325286865,-1.139588713645935,2.224656343460083,-0.8218953013420105,0.14382031559944153,-1.3649404048919678,2.224656343460083,-0.5674140453338623
0.21098066866397858,-1.3029084205627441,2.2387306690216064,-0.7674607634544373,0.35373741388320923,-1.4763977527618408,2.2387306690216064,-0.4087998867034912
0.3795059323310852,-1.455964207649231,2.2746386528015137,-0.6897991299629211,0.579394519329071,-1.5534963607788086,2.2746386528015137,-0.24965566396713257
0.5603541135787964,-1.5933260917663574,2.247716188430786,-0.5888823866844177,1.1503196954727173,-1.5865638256072998,2.247716188430786,0.13394662737846375
0.7566027045249939,-1.7079613208770752,2.307568311691284,-0.4660765826702118,1.5524741411209106,-1.4736902713775635,2.307568311691284,0.4133172631263733
0.9665183424949646,-1.795897126197815,2.2509806156158447,-0.32284969091415405,1.8462971448898315,-1.3027682304382324,2.2509806156158447,0.6404189467430115
1.1867960691452026,-1.8508896827697754,2.2954962253570557,-0.16641031205654144,2.076416254043579,-1.0905485153198242,2.2954962253570557,0.8494906425476074
1.4102823734283447,-1.867757797241211,2.217556953430176,-0.006243188865482807,2.215942144393921,-0.9046058654785156,2.217556953430176,1.0046260356903076
1.4102823734283447,-1.867757797241211,0.0,-0.006243188865482807,2.082064390182495,-1.0840885639190674,0.0,0.8552113175392151
1.853770136833191,-1.8218142986297607,4.481245040893555,0.15097010135650635,2.441866397857666,-0.2559948265552521,4.481245040893555,1.466611385345459
2.0472068786621094,-1.7027357816696167,2.2725987434387207,0.4717637002468109,2.4377634525299072,-0.29120662808418274,2.2725987434387207,1.4429774284362793
2.2461555004119873,-1.6017881631851196,2.222053289413452,0.471673846244812,2.4499378204345703,-0.0863456055521965,2.222053289413452,1.5798994302749634
2.4292805194854736,-1.4699785709381104,2.248734712600708,0.7594866156578064,2.4367594718933105,0.09886208176612854,2.248734712600708,1.7037625312805176
2.600051164627075,-1.3427249193191528,2.14507794380188,0.7593336701393127,2.404585599899292,0.26630720496177673,2.14507794380188,1.8174959421157837
2.7346255779266357,-1.1636396646499634,2.2156472206115723,1.0732017755508423,2.3450820446014404,0.45113182067871094,2.2156472206115723,1.9470311403274536
2.7346255779266357,-1.1636396646499634,0.0,1.0732017755508423,2.411555051803589,0.23742657899856567,0.0,1.7976890802383423
2.7346255779266357,-1.1636396646499634,0.0,1.0732017755508423,2.411555051803589,0.23742657899856567,0.0,1.7976890802383423
2.7346255779266357,-1.1636396646499634,0.0,1.0732017755508423,2.411555051803589,0.23742657899856567,0.0,1.7976890802383423
2.9964354038238525,-0.3729490041732788,8.475532531738281,1.5377622842788696,1.5164036750793457,1.2889517545700073,8.475532531738281,2.7543869018554688
3.0546367168426514,-0.15269407629966736,2.280494451522827,1.4018008708953857,1.8796297311782837,1.077195167541504,2.280494451522827,2.4731645584106445
3.1008684635162354,0.06339658051729202,2.1959991455078125,1.390909194946289,1.7350678443908691,1.1781504154205322,2.1959991455078125,2.5907814502716064
3.1366214752197266,0.2828703820705414,2.2343249320983887,1.4643300771713257,1.5721877813339233,1.2648744583129883,2.2343249320983887,2.713878631591797
3.1467859745025635,0.5056092739105225,2.222618818283081,1.5910636186599731,1.4006378650665283,1.3307080268859863,2.222618818283081,2.836454153060913
3.118217706680298,0.7185604572296143,2.149534225463867,1.766474723815918,1.2565644979476929,1.3683385848999023,2.149534225463867,2.9357659816741943
3.0582761764526367,0.9264289140701294,2.1809871196746826,1.9354496002197266,1.0999300479888916,1.3924882411956787,2.1809871196746826,3.0414721965789795
2.9623308181762695,1.1171857118606567,2.1354169845581055,2.1034936904907227,0.945912778377533,1.3999943733215332,2.1354169845581055,3.144317388534546
2.836723566055298,1.2873821258544922,2.0811471939086914,2.268317461013794,0.8432822227478027,1.3961989879608154,2.0811471939086914,3.2127981185913086
2.6857664585113525,1.4365123510360718,2.159466028213501,2.4284579753875732,0.7126244306564331,1.3810985088348389,2.159466028213501,3.300511121749878
2.513552188873291,1.5572900772094727,2.078427314758301,2.5850441455841064,0.6116912364959717,1.3613511323928833,2.078427314758301,3.369089126586914
2.3240339756011963,1.6482865810394287,2.1298604011535645,2.745966911315918,0.510684609413147,1.3342251777648926,2.1298604011535645,3.4388270378112793
2.1215286254882812,1.7130143642425537,2.124563217163086,2.8830199241638184,0.4095001518726349,1.299235463142395,2.124563217163086,3.5102176666259766
1.911573886871338,1.7540909051895142,2.114694595336914,3.002591848373413,0.31200096011161804,1.257555603981018,2.114694595336914,3.5809221267700195
1.6948283910751343,1.7747440338134766,2.1994407176971436,3.0960772037506104,0.23848578333854675,1.2205103635787964,2.1994407176971436,3.635809898376465
1.4776334762573242,1.7801527976989746,2.1534125804901123,-3.117062568664551,0.14849787950515747,1.1679093837738037,2.1534125804901123,-2.5778720378875732
1.2678438425064087,1.7780063152313232,2.1195406913757324,-3.0924453735351562,0.06803000718355179,1.1133131980895996,2.1195406913757324,-2.513033390045166
1.0646719932556152,1.7723357677459717,2.0323081016540527,-3.078322649002075,-0.029409628361463547,1.0361148118972778,2.0323081016540527,3.8530519008636475
0.8688264489173889,1.764030933380127,1.9391169548034668,-3.0624101161956787,-0.13783575594425201,0.932769775390625,1.9391169548034668,-2.330233097076416
0.6808963418006897,1.7528870105743408,1.903484582901001,-3.0486364364624023,-0.2350882589817047,0.8195465207099915,1.903484582901001,-2.2306876182556152
0.4992520213127136,1.7389490604400635,1.8227145671844482,-3.027834892272949,-0.3214988112449646,0.6957956552505493,1.8227145671844482,-2.1300225257873535
0.327289342880249,1.723145842552185,1.7304351329803467,-3.0138492584228516,-0.40495991706848145,0.5434932708740234,1.7304351329803467,-2.014176845550537
0.16201350092887878,1.704219937324524,1.6465975046157837,-3.0013575553894043,-0.46268463134765625,0.4043036103248596,1.6465975046157837,-1.9136779308319092
0.004557087551802397,1.6850239038467407,1.5757272243499756,-2.990023612976074,-0.5058159828186035,0.26138588786125183,1.5757272243499756,-1.814113974571228
-0.14561426639556885,1.6648914813995361,1.5427961349487305,-2.981236696243286,-0.5346174240112305,0.11426882445812225,1.5427961349487305,-1.71413254737854
-0.2876569330692291,1.6449291706085205,1.4169981479644775,-2.9691226482391357,-0.5471684336662292,-0.007877095602452755,1.4169981479644775,-1.6322503089904785
-0.42335984110832214,1.6234867572784424,1.3876560926437378,-2.956303834915161,-0.5496442914009094,-0.13266418874263763,1.3876560926437378,-1.5490185022354126
-0.5497819185256958,1.6022615432739258,1.2831333875656128,-2.944180727005005,-0.5445256233215332,-0.22803547978401184,1.2831333875656128,-1.485335350036621
-0.668265700340271,1.5767139196395874,1.2136344909667969,-2.899271249771118,-0.5330178737640381,-0.3250733017921448,1.2136344909667969,-1.4201786518096924
-0.7809602618217468,1.528012752532959,1.2285493612289429,-2.7613630294799805,-0.5133629441261292,-0.42949792742729187,1.2285493612289429,-1.3493249416351318
-0.8849632740020752,1.4541279077529907,1.2737584114074707,-2.5818235874176025,-0.4928051829338074,-0.5102599263191223,1.2737584114074707,-1.2937595844268799
-0.9767197966575623,1.3588629961013794,1.3256049156188965,-2.387423515319824,-0.4590705633163452,-0.6143152117729187,1.3256049156188965,-1.2208186388015747
-1.0528109073638916,1.2441922426223755,1.363232135772705,-2.1980409622192383,-0.42811763286590576,-0.6922767758369446,1.363232135772705,-1.1648904085159302
-1.1086679697036743,1.1179977655410767,1.3896945714950562,-2.019033432006836,-0.3950617015361786,-0.7639344930648804,1.3896945714950562,-1.1122746467590332
-1.1532551050186157,0.995067298412323,1.3119308948516846,-1.9473398923873901,-0.3744838535785675,-0.8040898442268372,1.3119308948516846,-1.0821928977966309
-1.1996378898620605,0.8816647529602051,1.2087512016296387,-1.9393508434295654,-0.3400459885597229,-0.8653635382652283,1.2087512016296387,-1.035329818725586
-1.2422573566436768,0.774520218372345,1.1715972423553467,-1.9253867864608765,-0.30220675468444824,-0.9258197546005249,1.1715972423553467,-0.987777590751648
-1.281883716583252,0.6725213527679443,1.0909407138824463,-1.9139907360076904,-0.276022732257843,-0.9642153978347778,1.0909407138824463,-0.9567936658859253
-1.3176814317703247,0.5766071081161499,1.0110704898834229,-1.9067054986953735,-0.23345713317394257,-1.0216448307037354,1.0110704898834229,-0.9091331362724304
-1.3508096933364868,0.48687371611595154,0.9727692604064941,-1.899868369102478,-0.18799175322055817,-1.07722806930542,0.9727692604064941,-0.8612555861473083
-1.382104516029358,0.40231361985206604,0.8932815194129944,-1.8947993516921997,-0.1569048911333084,-1.1123050451278687,0.8932815194129944,-0.8300077319145203
-1.408628225326538,0.32490426301956177,0.8260059952735901,-1.8883144855499268,-0.12672339379787445,-1.1443499326705933,0.8260059952735901,-0.8006597757339478
-1.434226632118225,0.2527138590812683,0.7603721618652344,-1.886518955230713,-0.09338594973087311,-1.1776574850082397,0.7603721618652344,-0.7692416906356812
-1.45596444606781,0.1874222457408905,0.6871627569198608,-1.8726907968521118,-0.06090158969163895,-1.2081867456436157,0.6871627569198608,-0.7395213842391968
-1.4793145656585693,0.1271563619375229,0.6511902213096619,-1.8837881088256836,-0.024794356897473335,-1.2400771379470825,0.6511902213096619,-0.7074040174484253
-1.4954580068588257,0.07206355035305023,0.5749558806419373,-1.8667598962783813,-0.01030787080526352,-1.2523058652877808,0.5749558806419373,-0.6947653889656067
-1.5088841915130615,0.006376208271831274,0.6630096435546875,-1.802331805229187,0.03812423348426819,-1.2910007238388062,0.6630096435546875,-0.6534347534179688
-1.520819902420044,-0.07190968841314316,0.7995638847351074,-1.7452439069747925,0.09016847610473633,-1.3291012048721313,0.7995638847351074,-0.610431432723999
-1.5325729846954346,-0.1622033566236496,0.9111194014549255,-1.6889041662216187,0.14356619119644165,-1.3647783994674683,0.9111194014549255,-0.5676149725914001
-1.5397517681121826,-0.24851717054843903,0.8690385222434998,-1.6606063842773438,0.18437311053276062,-1.3898897171020508,0.8690385222434998,-0.5356706976890564
-1.5468926429748535,-0.3279329240322113,0.7956417202949524,-1.646188735961914,0.2238321453332901,-1.4125090837478638,0.7956417202949524,-0.5053479075431824
-1.5542247295379639,-0.4021950662136078,0.7453603744506836,-1.640039086341858,0.2655268609523773,-1.4347271919250488,0.7453603744506836,-0.47384995222091675
-1.5603443384170532,-0.47060427069664,0.6875259876251221,-1.6341187953948975,0.30715247988700867,-1.4552664756774902,0.6875259876251221,-0.44290393590927124
-1.56321120262146,-0.5310933589935303,0.6068320870399475,-1.6231404542922974,0.3473925292491913,-1.473631739616394,0.6068320870399475,-0.41341426968574524
-1.5668368339538574,-0.5869360566139221,0.5583067536354065,-1.6134185791015625,0.3672191798686981,-1.4821600914001465,0.5583067536354065,-0.39902547001838684
-1.5560636520385742,-0.6444839239120483,0.5852474570274353,-1.498248815536499,0.3938319981098175,-1.4930819272994995,0.5852474570274353,-0.37984731793403625
-1.5725781917572021,-0.6836747527122498,0.4260792136192322,-1.609615445137024,0.4277421534061432,-1.5061460733413696,0.4260792136192322,-0.35562026500701904
-1.5626325607299805,-0.7290830612182617,0.46597427129745483,-1.4741599559783936,0.45609647035598755,-1.5163542032241821,0.46597427129745483,-0.3355293273925781
-1.5786467790603638,-0.7588933110237122,0.3356853723526001,-1.6030148267745972,0.4688962697982788,-1.520753026008606,0.3356853723526001,-0.32650622725486755
-1.5771400928497314,-0.786121666431427,0.27188941836357117,-1.6020612716674805,0.46267858147621155,-1.518632411956787,0.27188941836357117,-0.3308858573436737
-1.5769298076629639,-0.8099804520606995,0.24088020622730255,-1.599648356437683,0.4842683970928192,-1.5258660316467285,0.24088020622730255,-0.3157060742378235
-1.5793415307998657,-0.8299045562744141,0.20136000216007233,-1.5994309186935425,0.48066702485084534,-1.5246846675872803,0.20136000216007233,-0.31823286414146423
-1.5796442031860352,-0.8420466184616089,0.12136615067720413,-1.5958428382873535,0.49804094433784485,-1.530291199684143,0.12136615067720413,-0.3060620427131653
-1.581081748008728,-0.8490748405456543,0.07148940116167068,-1.5911449193954468,0.4933024048805237,-1.528785228729248,0.07148940116167068,-0.3093767762184143
-1.5802181959152222,-0.8530465960502625,0.04048405587673187,-1.6006156206130981,0.49034181237220764,-1.5278356075286865,0.04048405587673187,-0.3114495575428009
-1.5811738967895508,-0.84930419921875,0.03881864249706268,-1.5913960933685303,0.49014949798583984,-1.5277736186981201,0.03881864249706268,-0.3115842640399933
-1.5812814235687256,-0.8466751575469971,0.026356974616646767,-1.589422345161438,0.48897767066955566,-1.5273957252502441,0.026356974616646767,-0.3124051094055176
-1.5811488628387451,-0.8488578200340271,0.021851753816008568,-1.5923092365264893,0.4885546565055847,-1.5272589921951294,0.021851753816008568,-0.3127014636993408
-1.5756436586380005,-0.8806249499320984,0.32373642921447754,-1.6031112670898438,0.5423732399940491,-1.5435513257980347,0.32373642921447754,-0.27521222829818726
-1.5838866233825684,-0.926815927028656,0.46672385931015015,-1.5930038690567017,0.5818419456481934,-1.5541181564331055,0.46672385931015015,-0.24797220528125763
-1.5871069431304932,-0.9851850271224976,0.5877475738525391,-1.583563208580017,0.6185178756713867,-1.5629147291183472,0.5877475738525391,-0.2228274792432785
-1.5879040956497192,-1.0547239780426025,0.6860568523406982,-1.5590386390686035,0.680672824382782,-1.5756229162216187,0.6860568523406982,-0.18053045868873596
-1.568077564239502,-1.1392048597335815,0.8786308765411377,-1.3870337009429932,0.749399721622467,-1.5865260362625122,0.8786308765411377,-0.1341354101896286
-1.552039384841919,-1.227326512336731,0.8940114974975586,-1.3212419748306274,0.8041804432868958,-1.5928953886032104,0.8940114974975586,-0.0973668023943901
-1.5254676342010498,-1.3219592571258545,0.9769351482391357,-1.2294927835464478,0.865078330039978,-1.597594141960144,0.9769351482391357,-0.05664471909403801
-1.4834641218185425,-1.4197661876678467,1.0732150077819824,-1.1134159564971924,0.9517250061035156,-1.599998950958252,1.0732150077819824,0.0011500150430947542
-1.4258345365524292,-1.520643711090088,1.1542129516601562,-0.9887493252754211,1.0137994289398193,-1.5986425876617432,1.1542129516601562,0.04254574701189995
-1.355652093887329,-1.6191143989562988,1.2160632610321045,-0.8375371098518372,1.0707907676696777,-1.5951286554336548,1.2160632610321045,0.08061444759368896
-1.2776031494140625,-1.7101197242736816,1.200713038444519,-0.81742262840271,1.147851586341858,-1.5868943929672241,1.200713038444519,0.13228653371334076
-1.1886366605758667,-1.79336678981781,1.218612551689148,-0.7591045498847961,1.2015460729599,-1.5787577629089355,1.218612551689148,0.16849346458911896
-1.1059296131134033,-1.8744484186172485,1.149664282798767,-0.7428816556930542,1.2471035718917847,-1.5702821016311646,1.149664282798767,0.1993875652551651
-1.0263394117355347,-1.9487229585647583,1.0994669198989868,-0.718589723110199,1.291463017463684,-1.5606173276901245,1.0994669198989868,0.2296554446220398
-0.9384970664978027,-2.0134479999542236,1.0892438888549805,-0.5838464498519897,1.3424702882766724,-1.5477454662322998,1.0892438888549805,0.2647280991077423
-0.8661249876022339,-2.069920063018799,0.9210430979728699,-0.6024461984634399,1.3761839866638184,-1.5381819009780884,0.9210430979728699,0.288091242313385
-0.8118740320205688,-2.13881778717041,0.8768681287765503,-0.7032171487808228,1.4222220182418823,-1.5237298011779785,0.8768681287765503,0.3202613890171051
-0.7500187754631042,-2.1928904056549072,0.8197582364082336,-0.6892409324645996,1.4664286375045776,-1.508297324180603,0.8197582364082336,0.3514779210090637
-0.690647304058075,-2.2408692836761475,0.7657109498977661,-0.6803798675537109,1.5098644495010376,-1.4916003942489624,0.7657109498977661,0.38250216841697693
-0.6378150582313538,-2.2873246669769287,0.7034597396850586,-0.6786670684814453,1.5285507440567017,-1.483936071395874,0.7034597396850586,0.39596691727638245
-0.58784019947052,-2.3272886276245117,0.6394616365432739,-0.6674215793609619,1.570710301399231,-1.46554696559906,0.6394616365432739,0.4266318380832672
-0.5425857305526733,-2.364138603210449,0.5819589495658875,-0.6644924879074097,1.589360237121582,-1.456915020942688,0.5819589495658875,0.4403323829174042
-0.5035194754600525,-2.3985304832458496,0.520759105682373,-0.690568208694458,1.607276201248169,-1.448327898979187,0.520759105682373,0.45357754826545715
-0.4669845998287201,-2.4225170612335205,0.43867242336273193,-0.6490902304649353,1.6232631206512451,-1.4404165744781494,0.43867242336273193,0.4654691815376282
-0.43402278423309326,-2.449376106262207,0.42528653144836426,-0.6525534391403198,1.6455035209655762,-1.4290127754211426,0.42528653144836426,0.48213180899620056
-0.407196581363678,-2.4705429077148438,0.3365500271320343,-0.6494444608688354,1.6612533330917358,-1.420650839805603,0.3365500271320343,0.4940197765827179
-0.3846507966518402,-2.4889321327209473,0.2946016192436218,-0.6522161960601807,1.6797620058059692,-1.410514235496521,0.2946016192436218,0.5080883502960205
-0.3672230541706085,-2.5025980472564697,0.2206544429063797,-0.6489713191986084,1.6736843585968018,-1.4138801097869873,0.2206544429063797,0.5034567713737488
-0.35296860337257385,-2.5122241973876953,0.17129267752170563,-0.6433338522911072,1.6693477630615234,-1.4162594079971313,0.17129267752170563,0.5001590847969055
-0.34363120794296265,-2.519139289855957,0.11732880026102066,-0.6462467312812805,1.6873549222946167,-1.406257152557373,0.11732880026102066,0.5138915777206421
-0.34232792258262634,-2.520493984222412,0.018690049648284912,-0.6448670029640198,1.6788580417633057,-1.4110171794891357,0.018690049648284912,0.5073987245559692
-0.3430742919445038,-2.519869089126587,0.009786644019186497,-0.6451846361160278,1.6780656576156616,-1.4114573001861572,0.009786644019186497,0.5067944526672363
