-0.4849432110786438,-1.1817817687988281,0.0,-0.7006142735481262,0.4369697868824005,-1.5095388889312744,0.0,-0.3490658402442932
-0.48510411381721497,-1.1820698976516724,0.0033319469075649977,-0.7001455426216125,0.43727990984916687,-1.509651780128479,0.0033319469075649977,-0.34884583950042725
-0.4851169288158417,-1.1820321083068848,0.00040108946268446743,-0.7001582384109497,0.43700727820396423,-1.5095525979995728,0.00040108946268446743,-0.3490392565727234
-0.485094279050827,-1.1820824146270752,0.0005520764389075339,-0.7001899480819702,0.4370216429233551,-1.509557843208313,0.0005520764389075339,-0.3490290641784668
-0.485086590051651,-1.1822153329849243,0.0013313529780134559,-0.7004441022872925,0.43709489703178406,-1.5095844268798828,0.0013313529780134559,-0.34897708892822266
-0.4851018190383911,-1.1822664737701416,0.0005325465463101864,-0.7005876302719116,0.4370199143886566,-1.5095571279525757,0.0005325465463101864,-0.3490302860736847
-0.4850735664367676,-1.1823124885559082,0.0005406683776527643,-0.7003960609436035,0.43702051043510437,-1.5095573663711548,0.0005406683776527643,-0.3490298390388489
-0.4850628077983856,-1.1822816133499146,0.00032742141047492623,-0.7003432512283325,0.4370005130767822,-1.5095500946044922,0.00032742141047492623,-0.3490440547466278
-0.48506441712379456,-1.1821668148040771,0.001143160741776228,-0.7000386714935303,0.43707767128944397,-1.5095782279968262,0.001143160741776228,-0.3489893078804016
-0.48524904251098633,-1.1823161840438843,0.002364533953368664,-0.6998500823974609,0.4371929466724396,-1.509620189666748,0.002364533953368664,-0.3489075303077698
-0.4852697551250458,-1.1823526620864868,0.0004232157953083515,-0.7000721096992493,0.43700921535491943,-1.50955331325531,0.0004232157953083515,-0.34903788566589355
-0.4852249026298523,-1.1823123693466187,0.0006040658918209374,-0.6999932527542114,0.4370264410972595,-1.5095595121383667,0.0006040658918209374,-0.3490256667137146
-0.48515406250953674,-1.1822268962860107,0.0011063599959015846,-0.6997724175453186,0.43707409501075745,-1.5095769166946411,0.0011063599959015846,-0.34899184107780457
-0.485077440738678,-1.182199239730835,0.0008143087034113705,-0.7002953290939331,0.4370463192462921,-1.5095667839050293,0.0008143087034113705,-0.34901154041290283
-0.4850923717021942,-1.1822868585586548,0.0008826309931464493,-0.700674831867218,0.43705329298973083,-1.5095692873001099,0.0008826309931464493,-0.3490065932273865
-0.48507338762283325,-1.182296872138977,0.0002139787538908422,-0.7009185552597046,0.436989963054657,-1.5095462799072266,0.0002139787538908422,-0.3490515351295471
-0.4851146340370178,-1.1823228597640991,0.0004920964711345732,-0.7011063694953918,0.4370155930519104,-1.5095555782318115,0.0004920964711345732,-0.3490333557128906
-0.48513734340667725,-1.182355523109436,0.0003972079139202833,-0.7009918689727783,0.4370071589946747,-1.5095524787902832,0.0003972079139202833,-0.34903931617736816
-0.48508504033088684,-1.1821467876434326,0.0021559172309935093,-0.7005326747894287,0.437171995639801,-1.5096125602722168,0.0021559172309935093,-0.34892240166664124
-0.4851700961589813,-1.1821186542510986,0.0008939653052948415,-0.7004831433296204,0.43705397844314575,-1.509569525718689,0.0008939653052948415,-0.34900611639022827
-0.48524314165115356,-1.1821436882019043,0.0007678915280848742,-0.7003931999206543,0.43704235553741455,-1.5095653533935547,0.0007678915280848742,-0.34901437163352966
-0.4852261245250702,-1.1820862293243408,0.0006061567692086101,-0.7004016041755676,0.43702608346939087,-1.5095593929290771,0.0006061567692086101,-0.3490259051322937
-0.48512980341911316,-1.1821130514144897,0.0010029469849541783,-0.7004005908966064,0.4370637536048889,-1.5095731019973755,0.0010029469849541783,-0.3489992022514343
-0.4851152300834656,-1.182178258895874,0.0006679216749034822,-0.7006250619888306,0.4370325803756714,-1.5095617771148682,0.0006679216749034822,-0.349021315574646
-0.4850970506668091,-1.182169795036316,0.00019863012130372226,-0.7004530429840088,0.43698862195014954,-1.5095458030700684,0.00019863012130372226,-0.3490524888038635
-0.48510608077049255,-1.182215690612793,0.0004690728092100471,-0.7004441618919373,0.43701374530792236,-1.5095549821853638,0.0004690728092100471,-0.3490346670150757
-0.48505398631095886,-1.1820980310440063,0.001292530563659966,-0.7004165053367615,0.4370906949043274,-1.5095828771591187,0.001292530563659966,-0.3489800691604614
-0.4850882887840271,-1.1821240186691284,0.00042588228825479746,-0.7000309824943542,0.4370102286338806,-1.5095536708831787,0.00042588228825479746,-0.34903717041015625
-0.48508140444755554,-1.1821883916854858,0.0006554558640345931,-0.7000975012779236,0.4370306134223938,-1.5095610618591309,0.0006554558640345931,-0.34902268648147583
-0.48506659269332886,-1.182218074798584,0.000328101625200361,-0.7003805637359619,0.43700096011161804,-1.5095503330230713,0.000328101625200361,-0.34904372692108154
-0.48502886295318604,-1.1821843385696411,0.0005053873173892498,-0.7002243995666504,0.4370173513889313,-1.5095562934875488,0.0005053873173892498,-0.34903210401535034
-0.4850614368915558,-1.182215929031372,0.00045325123937800527,-0.7004085183143616,0.4370124340057373,-1.5095545053482056,0.00045325123937800527,-0.3490355908870697
-0.4851301312446594,-1.1822298765182495,0.0007015425362624228,-0.6997934579849243,0.4370356500148773,-1.5095628499984741,0.0007015425362624228,-0.3490191102027893
-0.48523712158203125,-1.1822469234466553,0.0010839864844456315,-0.7001771926879883,0.4370715916156769,-1.5095759630203247,0.0010839864844456315,-0.3489936292171478
-0.48516646027565,-1.1822293996810913,0.0007263476145453751,-0.7002793550491333,0.4370381832122803,-1.5095638036727905,0.0007263476145453751,-0.34901732206344604
-0.4850687086582184,-1.1821777820587158,0.0011194593971595168,-0.7003703713417053,0.43707364797592163,-1.509576678276062,0.0011194593971595168,-0.34899216890335083
-0.4850882589817047,-1.1821606159210205,0.0002595275000203401,-0.7005177736282349,0.4369942247867584,-1.5095478296279907,0.0002595275000203401,-0.3490484952926636
-0.4850756824016571,-1.1820790767669678,0.0008272255654446781,-0.7003574371337891,0.4370473027229309,-1.509567141532898,0.0008272255654446781,-0.3490108549594879
-0.48507776856422424,-1.1820327043533325,0.00046124093933030963,-0.7003500461578369,0.4370134174823761,-1.5095548629760742,0.00046124093933030963,-0.3490349054336548
-0.4851134121417999,-1.1821991205215454,0.0017194069223478436,-0.7007226347923279,0.4371297061443329,-1.5095971822738647,0.0017194069223478436,-0.34895238280296326
-0.4851745367050171,-1.1823184490203857,0.0013375176349654794,-0.7008593082427979,0.4370957612991333,-1.5095847845077515,0.0013375176349654794,-0.3489764630794525
-0.48514580726623535,-1.1823041439056396,0.00031858443981036544,-0.7006609439849854,0.43699994683265686,-1.509549856185913,0.00031858443981036544,-0.34904444217681885
-0.484967976808548,-1.1818909645080566,0.004561553709208965,-0.7008772492408752,0.4373925030231476,-1.509692668914795,0.004561553709208965,-0.3487659692764282
-0.4850839674472809,-1.1821216344833374,0.0025414221454411745,-0.7004463076591492,0.43721240758895874,-1.5096272230148315,0.0025414221454411745,-0.3488937318325043
-0.48508551716804504,-1.1820778846740723,0.0004428963584359735,-0.7005065083503723,0.43701091408729553,-1.5095539093017578,0.0004428963584359735,-0.34903666377067566
-0.48515158891677856,-1.1820664405822754,0.0006710646557621658,-0.7002723217010498,0.4370327889919281,-1.5095618963241577,0.0006710646557621658,-0.34902113676071167
-0.48516789078712463,-1.1820980310440063,0.00035487281274981797,-0.7001908421516418,0.4370031952857971,-1.5095510482788086,0.00035487281274981797,-0.349042147397995
-0.48514479398727417,-1.1821322441101074,0.0004104476538486779,-0.7000414133071899,0.4370085895061493,-1.509553074836731,0.0004104476538486779,-0.34903833270072937
-0.4851232171058655,-1.1821423768997192,0.00023697140568401664,-0.7003024816513062,0.43699219822883606,-1.5095471143722534,0.00023697140568401664,-0.34904995560646057
-0.48508384823799133,-1.1821516752243042,0.0004070184950251132,-0.700115978717804,0.4370077848434448,-1.5095527172088623,0.0004070184950251132,-0.34903886914253235
-0.48511025309562683,-1.182193636894226,0.000500946887768805,-0.7003865242004395,0.4370163679122925,-1.5095559358596802,0.000500946887768805,-0.34903278946876526
-0.48503297567367554,-1.1821842193603516,0.0007749723736196756,-0.7003887891769409,0.4370429515838623,-1.5095655918121338,0.0007749723736196756,-0.34901395440101624
-0.48504772782325745,-1.182179570198059,0.00015491242811549455,-0.7004141807556152,0.4369843304157257,-1.5095442533493042,0.00015491242811549455,-0.34905552864074707
-0.4850609302520752,-1.1821622848510742,0.00021609885152429342,-0.700287938117981,0.43699023127555847,-1.5095463991165161,0.00021609885152429342,-0.3490513563156128
-0.4851122796535492,-1.1822178363800049,0.000764375610742718,-0.7003583312034607,0.43704086542129517,-1.509564757347107,0.000764375610742718,-0.34901541471481323
-0.4852243959903717,-1.1822479963302612,0.0011610802030190825,-0.7000860571861267,0.43707889318466187,-1.5095785856246948,0.0011610802030190825,-0.34898844361305237
-0.4852520227432251,-1.1822824478149414,0.00043967366218566895,-0.7000244855880737,0.4370112717151642,-1.5095540285110474,0.00043967366218566895,-0.34903639554977417
-0.48512759804725647,-1.1821483373641968,0.0018192498246207833,-0.7001709342002869,0.43714168667793274,-1.5096014738082886,0.0018192498246207833,-0.34894388914108276
-0.4850830137729645,-1.182125210762024,0.0005074050277471542,-0.7004064917564392,0.4370169937610626,-1.5095560550689697,0.0005074050277471542,-0.34903237223625183
-0.4851260781288147,-1.1822201013565063,0.0010416600853204727,-0.7008944153785706,0.4370677173137665,-1.50957453250885,0.0010416600853204727,-0.3489963710308075
-0.485117107629776,-1.1822243928909302,9.82192432275042e-05,-0.7007657289505005,0.43697911500930786,-1.5095423460006714,9.82192432275042e-05,-0.34905922412872314
-0.48508942127227783,-1.1821820735931396,0.0005123786395415664,-0.700786292552948,0.4370173215866089,-1.5095561742782593,0.0005123786395415664,-0.34903213381767273
-0.48511043190956116,-1.182104229927063,0.0008020675741136074,-0.7006949186325073,0.43704554438591003,-1.5095665454864502,0.0008020675741136074,-0.3490121066570282
-0.48512405157089233,-1.1820932626724243,0.0001763085601851344,-0.7002890706062317,0.43698620796203613,-1.5095449686050415,0.0001763085601851344,-0.3490541875362396
-0.485001802444458,-1.1817606687545776,0.0035165268927812576,-0.7006571888923645,0.43730276823043823,-1.5096601247787476,0.0035165268927812576,-0.34882962703704834
-0.4851416349411011,-1.1820710897445679,0.0034043139312416315,-0.7003617882728577,0.4372897148132324,-1.5096553564071655,0.0034043139312416315,-0.3488388657569885
-0.4851118326187134,-1.1820470094680786,0.0003862360317725688,-0.7005128860473633,0.43700578808784485,-1.509552001953125,0.0003862360317725688,-0.34904029965400696
-0.48513180017471313,-1.1821882724761963,0.001431797631084919,-0.7007172107696533,0.43710383772850037,-1.5095877647399902,0.001431797631084919,-0.3489707410335541
-0.4851034879684448,-1.1821810007095337,0.00029158868710510433,-0.7005543112754822,0.43699726462364197,-1.5095489025115967,0.00029158868710510433,-0.34904634952545166
-0.4850715398788452,-1.1820858716964722,0.0010045471135526896,-0.7000808119773865,0.4370640814304352,-1.509573221206665,0.0010045471135526896,-0.3489989638328552
-0.48513263463974,-1.1821709871292114,0.0010469363769516349,-0.7000460028648376,0.43706825375556946,-1.5095747709274292,0.0010469363769516349,-0.34899601340293884
-0.4851159155368805,-1.1821892261505127,0.0002448927843943238,-0.7000919580459595,0.4369930326938629,-1.5095473527908325,0.0002448927843943238,-0.3490493595600128
-0.4851177930831909,-1.1821866035461426,3.2246618502540514e-05,-0.7001034617424011,0.43697282671928406,-1.50954008102417,3.2246618502540514e-05,-0.3490636944770813
-0.48511093854904175,-1.1821844577789307,7.173282210715115e-05,-0.70022052526474,0.43697652220726013,-1.509541392326355,7.173282210715115e-05,-0.3490610718727112
-0.4850858151912689,-1.1821856498718262,0.00025457123410888016,-0.7005118131637573,0.43699342012405396,-1.5095475912094116,0.00025457123410888016,-0.34904909133911133
-0.4850771725177765,-1.182176113128662,0.00012845927267335355,-0.7003277540206909,0.4369818866252899,-1.5095432996749878,0.00012845927267335355,-0.34905725717544556
-0.48510003089904785,-1.1821857690811157,0.00024782700347714126,-0.7004032731056213,0.4369930922985077,-1.509547472000122,0.00024782700347714126,-0.34904929995536804
-0.4850844740867615,-1.1821496486663818,0.00039079913403838873,-0.7006233930587769,0.43700674176216125,-1.5095523595809937,0.00039079913403838873,-0.34903964400291443
-0.4851061701774597,-1.1821494102478027,0.0002164308534702286,-0.7004335522651672,0.4369901716709137,-1.5095463991165161,0.0002164308534702286,-0.3490513861179352
-0.485154926776886,-1.182133674621582,0.0005198043654672801,-0.7003359198570251,0.43701791763305664,-1.5095564126968384,0.0005198043654672801,-0.3490316867828369
-0.4851587116718292,-1.182115912437439,0.00018041871953755617,-0.7003215551376343,0.43698686361312866,-1.509545087814331,0.00018041871953755617,-0.3490537405014038
-0.48511162400245667,-1.1820439100265503,0.0008573845261707902,-0.7002218961715698,0.43705064058303833,-1.5095683336257935,0.0008573845261707902,-0.3490085005760193
-0.4851488173007965,-1.1820536851882935,0.000388901011319831,-0.7004091739654541,0.4370059370994568,-1.5095521211624146,0.000388901011319831,-0.3490402102470398
-0.485103040933609,-1.1822112798690796,0.0016236307565122843,-0.700798749923706,0.43712401390075684,-1.5095950365066528,0.0016236307565122843,-0.348956435918808
-0.4850969910621643,-1.1822082996368408,6.764868885511532e-05,-0.7006682753562927,0.4369761347770691,-1.5095412731170654,6.764868885511532e-05,-0.34906134009361267
-0.4851129949092865,-1.1822313070297241,0.00027879708795808256,-0.7007209062576294,0.43699613213539124,-1.509548544883728,0.00027879708795808256,-0.34904715418815613
-0.4850916564464569,-1.1821454763412476,0.0008983134757727385,-0.7005220055580139,0.4370529055595398,-1.5095691680908203,0.0008983134757727385,-0.34900689125061035
-0.48510661721229553,-1.1820603609085083,0.0008553648949600756,-0.7004798054695129,0.437050998210907,-1.509568452835083,0.0008553648949600756,-0.3490082323551178
-0.4851175844669342,-1.1820526123046875,0.00013550354924518615,-0.7002370357513428,0.4369823932647705,-1.509543538093567,0.00013550354924518615,-0.3490568995475769
-0.4851246476173401,-1.1820369958877563,0.00017018787912093103,-0.7001726627349854,0.43698588013648987,-1.509544849395752,0.00017018787912093103,-0.3490544259548187
-0.4851224720478058,-1.1820993423461914,0.0006288810400292277,-0.7001768350601196,0.4370284080505371,-1.509560227394104,0.0006288810400292277,-0.3490242660045624
-0.4850904941558838,-1.1821637153625488,0.000711340457201004,-0.7001459002494812,0.43703731894493103,-1.5095635652542114,0.000711340457201004,-0.3490179181098938
-0.48510000109672546,-1.18216073513031,9.995513391913846e-05,-0.7001670598983765,0.43697914481163025,-1.5095423460006714,9.995513391913846e-05,-0.34905919432640076
-0.48508232831954956,-1.1821744441986084,0.00022274393995758146,-0.7001104950904846,0.43699079751968384,-1.5095466375350952,0.00022274393995758146,-0.34905093908309937
-0.4850929379463196,-1.182143211364746,0.0003343909338582307,-0.6998870968818665,0.4370007812976837,-1.5095502138137817,0.0003343909338582307,-0.3490438461303711
-0.4851160943508148,-1.182187557220459,0.0004946872941218317,-0.7003397941589355,0.4370167851448059,-1.5095560550689697,0.0004946872941218317,-0.3490324914455414
-0.48512503504753113,-1.182220697402954,0.0003469205985311419,-0.7002736330032349,0.437002032995224,-1.50955069065094,0.0003469205985311419,-0.34904298186302185
-0.48510873317718506,-1.1821714639663696,0.0005189176299609244,-0.7002526521682739,0.4370185136795044,-1.5095566511154175,0.0005189176299609244,-0.3490312695503235
-0.48512741923332214,-1.1821684837341309,0.00018787503358907998,-0.7004592418670654,0.43698757886886597,-1.5095454454421997,0.00018787503358907998,-0.3490532338619232
-0.4851053059101105,-1.1820883750915527,0.0008351237047463655,-0.7002454996109009,0.4370478689670563,-1.509567379951477,0.0008351237047463655,-0.3490104377269745
-0.4850860834121704,-1.1820900440216064,0.00019325516768731177,-0.7004970908164978,0.43698790669441223,-1.5095455646514893,0.00019325516768731177,-0.3490529954433441
-0.4851270616054535,-1.1820967197418213,0.0004157335206400603,-0.7005771994590759,0.437008798122406,-1.509553074836731,0.0004157335206400603,-0.34903818368911743
-0.48510557413101196,-1.1820660829544067,0.0003716882783919573,-0.7004715800285339,0.437004953622818,-1.509551763534546,0.0003716882783919573,-0.3490408957004547
-0.4851691424846649,-1.1820358037948608,0.0007021191413514316,-0.7004270553588867,0.4370359480381012,-1.5095629692077637,0.0007021191413514316,-0.3490189015865326
-0.4851498007774353,-1.1820882558822632,0.0005621208692900836,-0.7006899118423462,0.43702232837677,-1.509558081626892,0.0005621208692900836,-0.3490285873413086
-0.4851333796977997,-1.182044506072998,0.00046510534593835473,-0.7006176114082336,0.4370136857032776,-1.5095548629760742,0.00046510534593835473,-0.34903469681739807
-0.4851559102535248,-1.1820504665374756,0.00023579903063364327,-0.7004693150520325,0.43699169158935547,-1.5095468759536743,0.00023579903063364327,-0.3490503132343292
-0.4851319491863251,-1.1820751428604126,0.0003433238889556378,-0.7002184987068176,0.4370020925998688,-1.50955069065094,0.0003433238889556378,-0.3490429222583771
-0.4851268231868744,-1.1821017265319824,0.0002721269556786865,-0.7002640962600708,0.4369952380657196,-1.5095481872558594,0.0002721269556786865,-0.34904780983924866
-0.4851645231246948,-1.1822166442871094,0.0012069747317582369,-0.7004202604293823,0.4370834231376648,-1.5095802545547485,0.0012069747317582369,-0.3489852249622345
-0.4850827753543854,-1.1821177005767822,0.0012732830364257097,-0.700433611869812,0.4370903968811035,-1.5095828771591187,0.0012732830364257097,-0.34898027777671814
-0.4851357340812683,-1.1821587085723877,0.0006666507688350976,-0.7001554369926453,0.4370327293872833,-1.5095618963241577,0.0006666507688350976,-0.34902119636535645
-0.4851478636264801,-1.1822949647903442,0.0013737488770857453,-0.7020522952079773,0.43709832429885864,-1.5095857381820679,0.0013737488770857453,-0.34897464513778687
-0.48512014746665955,-1.1822795867919922,0.00031961797503754497,-0.7020435333251953,0.4369995594024658,-1.5095497369766235,0.00031961797503754497,-0.34904471039772034
-0.4851227104663849,-1.1821892261505127,0.0009053002577275038,-0.7000110149383545,0.43705472350120544,-1.5095698833465576,0.0009053002577275038,-0.3490055799484253
-0.48519831895828247,-1.1822102069854736,0.0007753503159619868,-0.7001256942749023,0.43704351782798767,-1.5095657110214233,0.0007753503159619868,-0.3490135371685028
-0.48522713780403137,-1.1821955442428589,0.0003270115703344345,-0.6997510194778442,0.4370001554489136,-1.5095499753952026,0.0003270115703344345,-0.3490442931652069
-0.48509588837623596,-1.182149887084961,0.0013875834411010146,-0.7000696063041687,0.4371003806591034,-1.5095864534378052,0.0013875834411010146,-0.34897321462631226
-0.48514536023139954,-1.1821855306625366,0.0006057497812435031,-0.7002084851264954,0.43702709674835205,-1.5095597505569458,0.0006057497812435031,-0.3490251898765564
-0.4850957691669464,-1.1821691989898682,0.0005261721089482307,-0.7002049088478088,0.43701884150505066,-1.509556770324707,0.0005261721089482307,-0.3490310311317444
-0.48507460951805115,-1.1821177005767822,0.0005589795182459056,-0.7003119587898254,0.4370220899581909,-1.5095579624176025,0.0005589795182459056,-0.34902873635292053
-0.4851202964782715,-1.1821013689041138,0.00048450962640345097,-0.7004539966583252,0.4370153844356537,-1.5095555782318115,0.00048450962640345097,-0.34903350472450256
-0.4851323664188385,-1.1820883750915527,0.0001771351817296818,-0.7004023194313049,0.43698644638061523,-1.5095449686050415,0.0001771351817296818,-0.3490540385246277
-0.48511984944343567,-1.1820656061172485,0.0002597077691461891,-0.7001893520355225,0.43699419498443604,-1.5095478296279907,0.0002597077691461891,-0.34904852509498596
-0.48510921001434326,-1.1820309162139893,0.00036340809310786426,-0.7003583312034607,0.43700388073921204,-1.5095512866973877,0.00036340809310786426,-0.3490416705608368
-0.4851393401622772,-1.182071328163147,0.0005041342810727656,-0.700485348701477,0.43701714277267456,-1.5095561742782593,0.0005041342810727656,-0.3490322530269623
-0.4851650297641754,-1.1820785999298096,0.00026688544312492013,-0.7005025148391724,0.43699488043785095,-1.5095480680465698,0.00026688544312492013,-0.34904804825782776
-0.4851788878440857,-1.1820690631866455,0.00016738292470108718,-0.7003587484359741,0.436985582113266,-1.5095447301864624,0.00016738292470108718,-0.34905463457107544
-0.48518145084381104,-1.1820483207702637,0.00021033728262409568,-0.7003235220909119,0.436989426612854,-1.5095460414886475,0.00021033728262409568,-0.34905192255973816
-0.4851462244987488,-1.1820130348205566,0.0004973338800482452,-0.7000682353973389,0.43701663613319397,-1.5095559358596802,0.0004973338800482452,-0.34903261065483093
-0.4851217567920685,-1.182102918624878,0.0009329831809736788,-0.7005762457847595,0.4370573163032532,-1.509570837020874,0.0009329831809736788,-0.34900376200675964
-0.4851261377334595,-1.1822131872177124,0.0010821729665622115,-0.7006703615188599,0.4370734989643097,-1.509576678276062,0.0010821729665622115,-0.3489922881126404
-0.48512858152389526,-1.1822489500045776,0.00036563133471645415,-0.70069819688797,0.4370034635066986,-1.5095511674880981,0.00036563133471645415,-0.3490419387817383
-0.4851030707359314,-1.1821805238723755,0.0007329508662223816,-0.7004324197769165,0.4370384216308594,-1.50956392288208,0.0007329508662223816,-0.3490171730518341
-0.4851230978965759,-1.1821606159210205,0.000281430606264621,-0.7000793814659119,0.43699631094932556,-1.509548544883728,0.000281430606264621,-0.3490470349788666
-0.4851328730583191,-1.1821718215942383,0.00014766011736355722,-0.7002124190330505,0.43698376417160034,-1.509544014930725,0.00014766011736355722,-0.3490559458732605
-0.4850849509239197,-1.1821765899658203,0.00048561394214630127,-0.700123131275177,0.43701502680778503,-1.509555459022522,0.00048561394214630127,-0.34903374314308167
-0.4851206839084625,-1.1821846961975098,0.0003630802675615996,-0.7000378966331482,0.4370042085647583,-1.5095514059066772,0.0003630802675615996,-0.3490414321422577
-0.48513263463974,-1.1821990013122559,0.00018865041784010828,-0.700304388999939,0.4369873106479645,-1.5095453262329102,0.00018865041784010828,-0.34905341267585754
-0.48508739471435547,-1.1822189092636108,0.0004917808109894395,-0.7001792192459106,0.43701621890068054,-1.5095558166503906,0.0004917808109894395,-0.3490329086780548
-0.4850824475288391,-1.1821776628494263,0.0004182227421551943,-0.7002469301223755,0.4370088279247284,-1.5095531940460205,0.0004182227421551943,-0.34903815388679504
-0.48515233397483826,-1.18211829662323,0.0009061047458089888,-0.7001188397407532,0.43705594539642334,-1.5095702409744263,0.0009061047458089888,-0.34900471568107605
-0.4852297008037567,-1.1820766925811768,0.0008822391391731799,-0.700153648853302,0.43705233931541443,-1.5095689296722412,0.0008822391391731799,-0.3490072786808014
-0.4852033257484436,-1.182025671005249,0.0005769698764197528,-0.700295090675354,0.43702375888824463,-1.5095585584640503,0.0005769698764197528,-0.3490275740623474
-0.4851400852203369,-1.1820424795150757,0.0006505497149191797,-0.7004687786102295,0.43703126907348633,-1.50956130027771,0.0006505497149191797,-0.34902223944664
-0.4851785898208618,-1.1821273565292358,0.0009390585473738611,-0.7006542682647705,0.43705737590789795,-1.509570837020874,0.0009390585473738611,-0.34900370240211487
-0.48513495922088623,-1.1822065114974976,0.0009046101476997137,-0.7007111310958862,0.43705472350120544,-1.5095698833465576,0.0009046101476997137,-0.3490056097507477
-0.48512110114097595,-1.1821709871292114,0.0003807491739280522,-0.7009274363517761,0.4370056092739105,-1.509552001953125,0.0003807491739280522,-0.3490404188632965
-0.48510780930519104,-1.1821621656417847,0.0001598058152012527,-0.7007596492767334,0.4369847774505615,-1.5095443725585938,0.0001598058152012527,-0.3490552008152008
-0.4851405918598175,-1.1820671558380127,0.0010001135524362326,-0.7004820108413696,0.4370642304420471,-1.5095733404159546,0.0010001135524362326,-0.3489988446235657
-0.4851573407649994,-1.1820460557937622,0.00026944620185531676,-0.7003365159034729,0.43699508905410767,-1.5095481872558594,0.00026944620185531676,-0.3490478992462158
-0.4851576089859009,-1.1820902824401855,0.00044463586527854204,-0.700272262096405,0.43701133131980896,-1.5095540285110474,0.00044463586527854204,-0.3490363657474518
-0.4851544499397278,-1.1821500062942505,0.0005985049647279084,-0.7003545761108398,0.4370259940624237,-1.5095593929290771,0.0005985049647279084,-0.3490259647369385
-0.48512667417526245,-1.1821624040603638,0.0003012221131939441,-0.7002053260803223,0.4369983673095703,-1.5095493793487549,0.0003012221131939441,-0.3490455746650696
-0.48511335253715515,-1.1821645498275757,0.0001362344337394461,-0.7002933621406555,0.4369824528694153,-1.509543538093567,0.0001362344337394461,-0.34905683994293213
-0.48514240980148315,-1.1821928024291992,0.0004009717085864395,-0.7003767490386963,0.437007874250412,-1.5095528364181519,0.0004009717085864395,-0.34903883934020996
-0.4851442277431488,-1.182300090789795,0.0010792657267302275,-0.7020120024681091,0.4370706081390381,-1.509575605392456,0.0010792657267302275,-0.34899431467056274
-0.48510271310806274,-1.1822617053985596,0.0005686702206730843,-0.7019462585449219,0.4370229244232178,-1.5095583200454712,0.0005686702206730843,-0.34902817010879517
-0.48510605096817017,-1.1821894645690918,0.00071544578531757,-0.7004572153091431,0.43703773617744446,-1.509563684463501,0.00071544578531757,-0.3490176498889923
-0.48512327671051025,-1.1821588277816772,0.0003552680427674204,-0.7002278566360474,0.4370028078556061,-1.509550929069519,0.0003552680427674204,-0.3490424156188965
-0.48515281081199646,-1.182131290435791,0.00039974614628590643,-0.7002529501914978,0.43700772523880005,-1.5095527172088623,0.00039974614628590643,-0.3490389287471771
-0.48514604568481445,-1.1821352243423462,7.878553151385859e-05,-0.7002577185630798,0.4369771480560303,-1.509541630744934,7.878553151385859e-05,-0.34906062483787537
-0.48515963554382324,-1.1820762157440186,0.0006039738073013723,-0.7002899050712585,0.4370266795158386,-1.5095596313476562,0.0006039738073013723,-0.3490254878997803
-0.48513296246528625,-1.1820523738861084,0.00036008202005177736,-0.7003493309020996,0.43700340390205383,-1.5095511674880981,0.00036008202005177736,-0.34904199838638306
-0.48514068126678467,-1.1820381879806519,0.00016039225738495588,-0.7004381418228149,0.43698495626449585,-1.5095444917678833,0.00016039225738495588,-0.34905508160591125
-0.4851747453212738,-1.1820498704910278,0.00036089582135900855,-0.7004870772361755,0.43700361251831055,-1.5095512866973877,0.00036089582135900855,-0.3490418493747711
-0.48511236906051636,-1.1820180416107178,0.0007042416837066412,-0.7004121541976929,0.43703559041023254,-1.5095628499984741,0.0007042416837066412,-0.3490191698074341
-0.4851683974266052,-1.1820473670959473,0.0006308992160484195,-0.7004591822624207,0.4370292127132416,-1.5095605850219727,0.0006308992160484195,-0.349023699760437
-0.4851801097393036,-1.1820995807647705,0.0005334042944014072,-0.7003573775291443,0.43702006340026855,-1.5095572471618652,0.0005334042944014072,-0.34903016686439514
-0.4850652813911438,-1.182034969329834,0.0013251074124127626,-0.7002856135368347,0.437093585729599,-1.5095839500427246,0.0013251074124127626,-0.3489780128002167
-0.4851132333278656,-1.1820582151412964,0.0005309030530042946,-0.7001907229423523,0.43701985478401184,-1.5095571279525757,0.0005309030530042946,-0.3490303158760071
-0.48510032892227173,-1.1819911003112793,0.0006806704332120717,-0.7002606987953186,0.437034010887146,-1.5095622539520264,0.0006806704332120717,-0.3490203022956848
-0.4851878881454468,-1.1821370124816895,0.0017221322050318122,-0.7004745602607727,0.4371297061443329,-1.5095971822738647,0.0017221322050318122,-0.34895241260528564
-0.48512333631515503,-1.182155966758728,0.000671032234095037,-0.7006569504737854,0.4370329976081848,-1.5095618963241577,0.000671032234095037,-0.34902098774909973
-0.48519110679626465,-1.1823042631149292,0.0016353356186300516,-0.7005009055137634,0.43712300062179565,-1.5095946788787842,0.0016353356186300516,-0.3489571511745453
-0.4850640296936035,-1.1821576356887817,0.001943012117408216,-0.7002567648887634,0.43715211749076843,-1.5096052885055542,0.001943012117408216,-0.3489364981651306
-0.4852370619773865,-1.1821799278259277,0.001743560889735818,-0.7002819776535034,0.4371337294578552,-1.5095986127853394,0.001743560889735818,-0.3489495515823364
-0.48520389199256897,-1.1822402477264404,0.000683288206346333,-0.7001984715461731,0.4370344579219818,-1.5095624923706055,0.000683288206346333,-0.34901994466781616
-0.4852396249771118,-1.182173728942871,0.0007605112623423338,-0.7000616788864136,0.4370407462120056,-1.509564757347107,0.0007605112623423338,-0.3490155041217804
-0.4851333796977997,-1.1821606159210205,0.0010637488448992372,-0.7001878619194031,0.437070369720459,-1.5095754861831665,0.0010637488448992372,-0.34899449348449707
-0.485133558511734,-1.18216872215271,8.10991259641014e-05,-0.7001680731773376,0.43697741627693176,-1.5095417499542236,8.10991259641014e-05,-0.34906044602394104
-0.4851405620574951,-1.182161808013916,9.905763727147132e-05,-0.7001658082008362,0.4369790256023407,-1.5095423460006714,9.905763727147132e-05,-0.3490592837333679
-0.4851117730140686,-1.1821507215499878,0.00030471174977719784,-0.7003341317176819,0.43699878454208374,-1.5095494985580444,0.00030471174977719784,-0.3490452766418457
-0.4851337969303131,-1.1820871829986572,0.0006765060243196785,-0.7000467777252197,0.4370329678058624,-1.5095618963241577,0.0006765060243196785,-0.3490210175514221
-0.4851546287536621,-1.1820414066314697,0.0005005621933378279,-0.7001327872276306,0.4370170533657074,-1.5095561742782593,0.0005005621933378279,-0.34903231263160706
-0.48518046736717224,-1.1820623874664307,0.00033643373171798885,-0.7001610398292542,0.4370010495185852,-1.5095503330230713,0.00033643373171798885,-0.34904366731643677
-0.48513686656951904,-1.1820435523986816,0.00047595510841347277,-0.7002639174461365,0.4370144307613373,-1.5095552206039429,0.00047595510841347277,-0.3490341901779175
-0.4851500689983368,-1.1820383071899414,0.0001405008661095053,-0.700145423412323,0.4369831383228302,-1.509543776512146,0.0001405008661095053,-0.3490563929080963
-0.48514342308044434,-1.1821593046188354,0.0012226901017129421,-0.7007108926773071,0.4370836615562439,-1.509580373764038,0.0012226901017129421,-0.34898507595062256
-0.4851782023906708,-1.1821520328521729,0.000356626114808023,-0.7007479071617126,0.43700316548347473,-1.5095510482788086,0.000356626114808023,-0.3490421772003174
-0.48511937260627747,-1.1820049285888672,0.0015847153263166547,-0.7004155516624451,0.43711867928504944,-1.50959312915802,0.0015847153263166547,-0.3489602208137512
-0.4851585328578949,-1.1820545196533203,0.000626821827609092,-0.7005296945571899,0.4370291531085968,-1.5095605850219727,0.000626821827609092,-0.3490237295627594
-0.48512929677963257,-1.1820570230484009,0.00029656532569788396,-0.7004939913749695,0.43699735403060913,-1.5095490217208862,0.00029656532569788396,-0.3490462899208069
-0.48512327671051025,-1.1820662021636963,0.00010851045954041183,-0.7002365589141846,0.43698009848594666,-1.50954270362854,0.00010851045954041183,-0.3490585386753082
-0.48399072885513306,-1.1836085319519043,0.01932642236351967,-0.7025954127311707,0.4634574055671692,-1.51889967918396,0.01932642236351967,-0.33033689856529236
-0.45712652802467346,-1.2106744050979614,0.37670111656188965,-0.7108617424964905,0.4978586435317993,-1.53023362159729,0.37670111656188965,-0.30618950724601746
-0.4153928756713867,-1.2486568689346313,0.5707565546035767,-0.710458517074585,0.5657044649124146,-1.5499368906021118,0.5707565546035767,-0.25908586382865906
-0.36603283882141113,-1.2956318855285645,0.6830050945281982,-0.7126991748809814,0.6279675364494324,-1.5650238990783691,0.6830050945281982,-0.21637269854545593
-0.306490033864975,-1.347171425819397,0.7813414931297302,-0.7038318514823914,0.6897354125976562,-1.577248215675354,0.7813414931297302,-0.17439234256744385
-0.23845133185386658,-1.4034887552261353,0.8887907266616821,-0.681143581867218,0.7509324550628662,-1.586732029914856,0.8887907266616821,-0.1331043839454651
-0.15982747077941895,-1.4628362655639648,0.9792355298995972,-0.6436477899551392,0.8391696214675903,-1.5958999395370483,0.9792355298995972,-0.07395429909229279
-0.07116080075502396,-1.52383553981781,1.0872416496276855,-0.5942471027374268,0.9267241358757019,-1.5998194217681885,1.0872416496276855,-0.015517858788371086
0.029586484655737877,-1.584228515625,1.1720058917999268,-0.5378289818763733,1.041225790977478,-1.5972234010696411,1.1720058917999268,0.060854721814394
0.142177551984787,-1.6394270658493042,1.251883625984192,-0.45986199378967285,1.153306007385254,-1.5861583948135376,1.251883625984192,0.135955810546875
0.2666318118572235,-1.6878657341003418,1.3376504182815552,-0.3752586841583252,1.2644578218460083,-1.5666683912277222,1.3376504182815552,0.21120528876781464
0.40158170461654663,-1.7257953882217407,1.4052616357803345,-0.2793525755405426,1.347184181213379,-1.546459436416626,1.4052616357803345,0.2679855525493622
0.5460643172264099,-1.7519702911376953,1.466436743736267,-0.17556940019130707,1.4533909559249878,-1.5130101442337036,1.466436743736267,0.3422357141971588
0.6989830732345581,-1.763353705406189,1.5297473669052124,-0.06512471288442612,1.5566884279251099,-1.4718341827392578,1.5297473669052124,0.4163871705532074
0.8564853668212891,-1.757178783416748,1.5673482418060303,0.048618730157613754,1.6546872854232788,-1.4241660833358765,1.5673482418060303,0.4890546202659607
1.0187506675720215,-1.736929178237915,1.6488425731658936,0.1574339121580124,1.7503366470336914,-1.368645429611206,1.6488425731658936,0.5628015398979187
1.1828680038452148,-1.6965975761413574,1.6699116230010986,0.26350298523902893,1.8412940502166748,-1.3064804077148438,1.6699116230010986,0.6362656950950623
1.3457753658294678,-1.6427491903305054,1.7289564609527588,0.36330804228782654,1.9252413511276245,-1.2396948337554932,1.7289564609527588,0.7077962160110474
1.5067745447158813,-1.5711628198623657,1.7694545984268188,0.4518369734287262,2.0056543350219727,-1.165642499923706,1.7694545984268188,0.7806897163391113
1.5067745447158813,-1.5711628198623657,0.0,0.4518369734287262,1.8734922409057617,-1.2820161581039429,0.0,0.6632251143455505
1.5067745447158813,-1.5711628198623657,0.0,0.4518369734287262,1.8734922409057617,-1.2820161581039429,0.0,0.6632251143455505
1.976590871810913,-1.2702025175094604,5.590641975402832,0.7788856029510498,2.418897867202759,-0.403873473405838,5.590641975402832,1.3668020963668823
1.976590871810913,-1.2702025175094604,0.0,0.7788856029510498,2.208005905151367,-0.9169585704803467,0.0,0.9948377013206482
2.2970335483551025,-1.0568952560424805,3.8596513271331787,0.6782898902893066,2.446866989135742,-0.0031007525976747274,3.8596513271331787,1.6354408264160156
2.4466047286987305,-0.9264463186264038,1.9896259307861328,0.7349032759666443,2.4368896484375,0.09788671880960464,1.9896259307861328,1.7031065225601196
2.6014347076416016,-0.7960723638534546,2.0300474166870117,0.7458816170692444,2.378741502761841,0.35683467984199524,2.0300474166870117,1.8802690505981445
2.736569404602051,-0.6473058462142944,2.0019097328186035,0.8761076927185059,2.278371810913086,0.596726655960083,2.0019097328186035,2.0538487434387207
2.848052978515625,-0.48068341612815857,1.9943922758102417,1.0391889810562134,2.1687710285186768,0.7744125723838806,1.9943922758102417,2.193140745162964
2.9259371757507324,-0.29696589708328247,2.0190505981445312,1.219192385673523,2.0537548065185547,0.9157387018203735,2.0190505981445312,2.3146913051605225
2.969834089279175,-0.10334891080856323,1.982648491859436,1.4034857749938965,1.922512412071228,1.0420243740081787,1.982648491859436,2.4361884593963623
2.9778172969818115,0.09534146636724472,1.9632606506347656,1.5698707103729248,1.7975468635559082,1.1376042366027832,1.9632606506347656,2.541121482849121
2.953728199005127,0.2903616726398468,1.9626293182373047,1.7447317838668823,1.6656038761138916,1.2182985544204712,1.9626293182373047,2.644275665283203
2.892411947250366,0.48083630204200745,2.028350830078125,1.9102141857147217,1.5446817874908447,1.2770816087722778,2.028350830078125,2.733941078186035
2.800590753555298,0.6560603976249695,1.9586036205291748,2.0911030769348145,1.4245578050613403,1.3229528665542603,1.9586036205291748,2.819690227508545
2.684581756591797,0.8183270692825317,2.004770278930664,2.2522683143615723,1.322547435760498,1.3529998064041138,2.004770278930664,2.8906006813049316
2.556185007095337,0.9495716691017151,1.8374863862991333,2.388488292694092,1.2358741760253906,1.3725067377090454,1.8374863862991333,2.9498369693756104
2.383941173553467,1.0854816436767578,2.187074899673462,2.529984712600708,1.0968763828277588,1.392791748046875,2.187074899673462,3.043517827987671
2.209658622741699,1.193268060684204,2.0735275745391846,2.636594772338867,1.0068655014038086,1.3989217281341553,2.0735275745391846,3.103673219680786
2.0246973037719727,1.2839914560317993,2.0549159049987793,2.727889060974121,0.9272472858428955,1.399827480316162,2.0549159049987793,3.156761646270752
1.8293780088424683,1.3647887706756592,2.1130149364471436,2.7925891876220703,0.7912862300872803,1.3915796279907227,2.1130149364471436,3.2476003170013428
1.6276670694351196,1.4339711666107178,2.1226460933685303,2.850449800491333,0.660051703453064,1.3717098236083984,2.1226460933685303,3.336116075515747
1.4209012985229492,1.4957623481750488,2.1557953357696533,2.8912956714630127,0.5053625106811523,1.332584261894226,2.1557953357696533,3.442539930343628
1.2086806297302246,1.5493977069854736,2.1850664615631104,2.9335429668426514,0.30751702189445496,1.255439281463623,2.1850664615631104,3.5842275619506836
0.9915328025817871,1.5946180820465088,2.243732452392578,2.983846426010132,0.10098668187856674,1.1365987062454224,2.243732452392578,3.7432491779327393
0.7698013186454773,1.6241916418075562,2.221865177154541,3.0594844818115234,-0.1021948754787445,0.9690584540367126,2.221865177154541,3.919041156768799
0.5439807772636414,1.6348613500595093,2.2750847339630127,-3.1263811588287354,-0.2732273042201996,0.7681676149368286,2.2750847339630127,-2.188026189804077
0.31827712059020996,1.6194055080413818,2.262254476547241,-3.007229804992676,-0.39404961466789246,0.5659809708595276,2.262254476547241,-2.0308401584625244
0.09521948546171188,1.5611903667449951,2.313878297805786,-2.7347729206085205,-0.48296064138412476,0.34342285990715027,2.313878297805786,-1.8708957433700562
-0.11099808663129807,1.4955987930297852,2.159201145172119,-2.6990716457366943,-0.5284039974212646,0.15361706912517548,2.159201145172119,-1.7406904697418213
-0.29888132214546204,1.3856552839279175,2.181148052215576,-2.532820701599121,-0.5483533143997192,-0.029733525589108467,2.181148052215576,-1.6176577806472778
-0.46217700839042664,1.2473047971725464,2.1202707290649414,-2.3654496669769287,-0.5460192561149597,-0.209207683801651,2.1202707290649414,-1.4979267120361328
-0.5986548066139221,1.0851800441741943,2.135676622390747,-2.1976070404052734,-0.5267786383628845,-0.362915962934494,2.135676622390747,-1.3946088552474976
-0.7021994590759277,0.9052988290786743,2.06945538520813,-2.030444383621216,-0.4924110770225525,-0.5116434097290039,2.06945538520813,-1.2928005456924438
-0.7722128033638,0.7145414352416992,2.0257043838500977,-1.8593589067459106,-0.4525945484638214,-0.6317222118377686,2.0257043838500977,-1.2084368467330933
-0.8069265484809875,0.5143157839775085,2.040593147277832,-1.6936379671096802,-0.4120815694332123,-0.7282784581184387,2.040593147277832,-1.1386152505874634
-0.8087219595909119,0.31111305952072144,2.027564525604248,-1.5332520008087158,-0.36493805050849915,-0.8217602968215942,2.027564525604248,-1.0688034296035767
-0.7765099406242371,0.11105912923812866,2.0157644748687744,-1.3684018850326538,-0.3392445147037506,-0.8667128682136536,2.0157644748687744,-1.0342835187911987
-0.7144802212715149,-0.08317435532808304,2.0560641288757324,-1.2078709602355957,-0.31101545691490173,-0.9123053550720215,2.0560641288757324,-0.9985321164131165
-0.622635543346405,-0.26562175154685974,2.049206256866455,-1.0522381067276,-0.32480883598327637,-0.8904824256896973,2.049206256866455,-1.015743374824524
-0.5058039426803589,-0.43551287055015564,2.0584840774536133,-0.9260988831520081,-0.45153334736824036,-0.6345131397247314,2.0584840774536133,-1.2064462900161743
-0.3721941411495209,-0.5986531972885132,2.111787796020508,-0.8440932631492615,-0.36123523116111755,-0.8284656405448914,2.111787796020508,-1.0636968612670898
-0.23021051287651062,-0.7560797929763794,2.1194963455200195,-0.7934615612030029,-0.2464127391576767,-1.0047632455825806,2.1194963455200195,-0.9233198761940002
-0.08424583077430725,-0.9138891100883484,2.130380392074585,-0.7883801460266113,-0.08800660073757172,-1.1828398704528809,2.130380392074585,-0.7642619609832764
0.0657128393650055,-1.071191668510437,2.1939280033111572,-0.7703208327293396,0.11776252090930939,-1.3479505777359009,2.1939280033111572,-0.5881525874137878
0.22151921689510345,-1.2277411222457886,2.2082552909851074,-0.7423812747001648,0.32645004987716675,-1.4642527103424072,2.2082552909851074,-0.42871227860450745
0.3890525698661804,-1.3754276037216187,2.223459243774414,-0.6822070479393005,0.5499191284179688,-1.5456608533859253,2.223459243774414,-0.2699887156486511
0.568796694278717,-1.510013222694397,2.2549855709075928,-0.5865110754966736,0.7821996212005615,-1.5905847549438477,2.2549855709075928,-0.11210156232118607
0.7622277736663818,-1.6233619451522827,2.2436611652374268,-0.4641251266002655,1.3017876148223877,-1.5581650733947754,2.2436611652374268,0.2367299646139145
0.9697557687759399,-1.71088707447052,2.241655111312866,-0.3359152674674988,1.7136330604553223,-1.391071081161499,2.241655111312866,0.5341257452964783
1.1876016855239868,-1.7655164003372192,2.22477650642395,-0.17991887032985687,1.9840264320373535,-1.1866413354873657,2.22477650642395,0.7605926990509033
1.4075347185134888,-1.8265681266784668,2.3157742023468018,-0.21997885406017303,2.203976631164551,-0.9231296181678772,2.3157742023468018,0.9899243712425232
1.6283797025680542,-1.7657864093780518,2.291163444519043,0.21807658672332764,2.3066751956939697,-0.7398692965507507,2.291163444519043,1.1300888061523438
1.8386658430099487,-1.712208867073059,2.1738274097442627,0.3249710202217102,2.378904342651367,-0.5563251972198486,2.1738274097442627,1.2616801261901855
2.0394062995910645,-1.6291934251785278,2.160964250564575,0.4887377917766571,2.428544282913208,-0.3527979552745819,2.160964250564575,1.4014561176300049
2.2204601764678955,-1.5105315446853638,2.1557562351226807,0.6119168996810913,2.449315309524536,-0.1453181356191635,2.1557562351226807,1.5405796766281128
2.37558650970459,-1.364605188369751,2.151250123977661,0.8180668950080872,2.4439797401428223,0.03425605595111847,2.151250123977661,1.660420298576355
2.503603458404541,-1.195827603340149,2.1187546253204346,0.9829623699188232,2.4219818115234375,0.1885649412870407,2.1187546253204346,1.7643797397613525
2.600493907928467,-1.0075386762619019,2.1155717372894287,1.1532000303268433,2.391252279281616,0.3156820237636566,2.1155717372894287,1.8515931367874146
2.6661431789398193,-0.805842936038971,2.124676465988159,1.3170511722564697,2.339772939682007,0.4643857777118683,2.124676465988159,1.9565496444702148
2.695948600769043,-0.5958293676376343,2.1165852546691895,1.4696370363235474,2.2970147132873535,0.5599631071090698,2.1165852546691895,2.026367664337158
2.6981120109558105,-0.38355904817581177,2.113658905029297,1.622539758682251,2.2342848777770996,0.6749916672706604,2.113658905029297,2.1137430667877197
2.6711854934692383,-0.17020751535892487,2.1624650955200195,1.7466768026351929,2.1755049228668213,0.7649495601654053,2.1624650955200195,2.1853978633880615
2.6264536380767822,0.023304099217057228,1.9933364391326904,1.8411346673965454,2.1225008964538574,0.8355433940887451,1.9933364391326904,2.244257926940918
2.5560548305511475,0.24827472865581512,2.3325366973876953,1.9296797513961792,2.0105834007263184,0.9607370495796204,2.3325366973876953,2.356266975402832
2.475222110748291,0.4514506757259369,2.2089829444885254,2.002002000808716,1.907096028327942,1.054974913597107,2.2089829444885254,2.449611186981201
2.378814935684204,0.6514952182769775,2.2134170532226562,2.069120407104492,1.7563424110412598,1.1648366451263428,2.2134170532226562,2.574049949645996
2.270023822784424,0.8455056548118591,2.215885639190674,2.1361143589019775,1.5482139587402344,1.2755508422851562,2.215885639190674,2.731374740600586
2.14670467376709,1.0315965414047241,2.2504332065582275,2.2092626094818115,1.2994742393493652,1.3587212562561035,2.2504332065582275,2.9064488410949707
2.009904623031616,1.210193395614624,2.2257864475250244,2.2871615886688232,1.039137601852417,1.3973491191864014,2.2257864475250244,3.082132577896118
1.8542596101760864,1.3728848695755005,2.271773338317871,2.3966307640075684,0.7775887846946716,1.3900585174560547,2.271773338317871,3.2567880153656006
1.6776944398880005,1.5181751251220703,2.268003225326538,2.5143861770629883,0.5181043148040771,1.3364770412445068,2.268003225326538,3.433657646179199
1.4838005304336548,1.6375386714935303,2.283834218978882,2.651089668273926,0.29957982897758484,1.2516484260559082,2.283834218978882,3.5900917053222656
1.2756011486053467,1.7307238578796387,2.2736053466796875,2.794452428817749,0.09580416977405548,1.1330245733261108,2.2736053466796875,3.747446060180664
1.0544894933700562,1.7900364398956299,2.31620454788208,2.9417223930358887,-0.06809406727552414,1.0015827417373657,2.31620454788208,3.8876237869262695
0.8271846175193787,1.818722128868103,2.2775697708129883,3.0939879417419434,-0.21161004900932312,0.8490321636199951,2.2775697708129883,4.027369499206543
0.59702068567276,1.8123570680618286,2.3008646965026855,-3.04227352142334,-0.3329782485961914,0.6771530508995056,2.3008646965026855,-2.115426778793335
0.3714649975299835,1.7713487148284912,2.287587881088257,-2.895364999771118,-0.41771647334098816,0.5159152746200562,2.287587881088257,-1.9939194917678833
0.15485022962093353,1.6987959146499634,2.304196357727051,-2.7472739219665527,-0.48234230279922485,0.3454160988330841,2.304196357727051,-1.8722870349884033
-0.0437561571598053,1.595018744468689,2.2292838096618652,-2.5820844173431396,-0.5251650810241699,0.1718234270811081,2.2292838096618652,-1.7530187368392944
-0.2191988080739975,1.4621294736862183,2.217313051223755,-2.4120354652404785,-0.5451826453208923,0.020120279863476753,2.217313051223755,-1.6509623527526855
-0.3651147484779358,1.3044979572296143,2.1252589225769043,-2.2387325763702393,-0.5499904155731201,-0.10536074638366699,2.1252589225769043,-1.5672224760055542
-0.4811353385448456,1.1254665851593018,2.1490638256073,-2.0742528438568115,-0.5439472198486328,-0.23461660742759705,2.1490638256073,-1.480931043624878
-0.565809428691864,0.9312989115715027,2.129234790802002,-1.915495753288269,-0.5311571359634399,-0.3370097577571869,2.129234790802002,-1.4121248722076416
-0.616246223449707,0.7301610708236694,2.043567180633545,-1.7515209913253784,-0.5176512598991394,-0.4098381996154785,2.043567180633545,-1.3627396821975708
-0.6316227316856384,0.5223285555839539,2.1097869873046875,-1.590218186378479,-0.49915727972984314,-0.48722490668296814,2.1097869873046875,-1.3096895217895508
-0.616426944732666,0.31267157196998596,2.0872714519500732,-1.4343740940093994,-0.4986899197101593,-0.4889698028564453,2.0872714519500732,-1.3084852695465088
-0.5692586302757263,0.10790553689002991,2.1245672702789307,-1.2951178550720215,-0.5170779824256897,-0.4125414192676544,2.1245672702789307,-1.3608975410461426
-0.49869316816329956,-0.09173683822154999,2.1055240631103516,-1.1754831075668335,-0.535079300403595,-0.3110438883304596,2.1055240631103516,-1.4296320676803589
-0.40868237614631653,-0.2857719957828522,2.147704839706421,-1.0885742902755737,-0.4906577467918396,-0.5177382230758667,2.147704839706421,-1.2885725498199463
-0.3090564012527466,-0.4790998697280884,2.172426462173462,-1.0540841817855835,-0.4060407280921936,-0.7412126064300537,2.172426462173462,-1.1290984153747559
-0.20500126481056213,-0.6719253659248352,2.1754167079925537,-1.0413165092468262,-0.2881229519844055,-0.9467889666557312,2.1754167079925537,-0.9709374904632568
-0.09663782268762589,-0.865079939365387,2.233199119567871,-1.0130950212478638,-0.12061426788568497,-1.1506117582321167,2.233199119567871,-0.7948275804519653
0.022564617916941643,-1.053985357284546,2.2143759727478027,-0.9614370465278625,0.07963056862354279,-1.3216615915298462,2.2143759727478027,-0.6190310716629028
0.15636280179023743,-1.2348182201385498,2.2749998569488525,-0.8722806572914124,0.2828703224658966,-1.4434797763824463,2.2749998569488525,-0.46089860796928406
0.31083521246910095,-1.4015660285949707,2.2785167694091797,-0.7637308835983276,0.503495991230011,-1.5320035219192505,2.2785167694091797,-0.3022504150867462
0.483963280916214,-1.549491286277771,2.2469985485076904,-0.6386514902114868,0.9682774543762207,-1.5998886823654175,2.2469985485076904,0.012185253202915192
0.6761574745178223,-1.6703431606292725,2.295182228088379,-0.4973430931568146,1.4302252531051636,-1.521050214767456,2.295182228088379,0.3258879780769348
0.8829361200332642,-1.762611746788025,2.2381680011749268,-0.3456394076347351,1.7370716333389282,-1.3769174814224243,2.2381680011749268,0.5523796081542969
1.1016168594360352,-1.8207510709762573,2.271451473236084,-0.19088107347488403,1.985247254371643,-1.1854783296585083,2.271451473236084,0.7617168426513672
1.323796033859253,-1.839689016342163,2.2290213108062744,-0.017644938081502914,2.1560561656951904,-0.9918680787086487,2.2290213108062744,0.9340547323226929
1.323796033859253,-1.839689016342163,0.0,-0.017644938081502914,2.010660171508789,-1.1606601476669312,0.0,0.7853981852531433
1.323796033859253,-1.839689016342163,0.0,-0.017644938081502914,2.010660171508789,-1.1606601476669312,0.0,0.7853981852531433
1.323796033859253,-1.839689016342163,0.0,-0.017644938081502914,2.010660171508789,-1.1606601476669312,0.0,0.7853981852531433
1.323796033859253,-1.839689016342163,0.0,-0.017644938081502914,2.010660171508789,-1.1606601476669312,0.0,0.7853981852531433
1.323796033859253,-1.839689016342163,0.0,-0.017644938081502914,2.010660171508789,-1.1606601476669312,0.0,0.7853981852531433
2.5715525150299072,-1.4096037149429321,13.494185447692871,0.4440127909183502,1.8014938831329346,1.1348919868469238,13.494185447692871,2.537928819656372
2.7810721397399902,-1.3219655752182007,2.2730090618133545,0.42963871359825134,2.3439412117004395,0.4540109932422638,2.2730090618133545,1.9490957260131836
2.7810721397399902,-1.3219655752182007,0.0,0.42963871359825134,2.411555051803589,0.23742657899856567,0.0,1.7976890802383423
3.2008345127105713,-1.1391204595565796,4.673573970794678,0.488115519285202,2.001572370529175,0.969670832157135,4.673573970794678,2.3647263050079346
3.3936386108398438,-1.0212254524230957,2.2314701080322266,0.6296870708465576,2.0535733699798584,0.9159358739852905,2.2314701080322266,2.3148701190948486
3.566138505935669,-0.8753185868263245,2.2893757820129395,0.8436018824577332,1.9413795471191406,1.0256849527359009,2.2893757820129395,2.419548988342285
3.7061245441436768,-0.7068969011306763,2.162217140197754,0.9483352899551392,1.8450671434402466,1.1036838293075562,2.162217140197754,2.5021958351135254
3.8131625652313232,-0.5250521302223206,2.1193253993988037,1.0552412271499634,1.743547797203064,1.1729029417037964,2.1193253993988037,2.5841333866119385
3.8261988162994385,-0.4227693974971771,1.0280386209487915,0.7882464528083801,1.7901233434677124,1.142655611038208,1.0280386209487915,2.547107696533203
3.7580175399780273,-0.3847789168357849,0.7900230288505554,0.5649064779281616,1.810765027999878,1.1284476518630981,0.7900230288505554,2.5304014682769775
3.7124485969543457,-0.35961049795150757,0.5219313502311707,0.4860076308250427,1.8319225311279297,1.1133476495742798,0.5219313502311707,2.5130724906921387
3.7006900310516357,-0.3572872281074524,0.1199682354927063,0.4520483613014221,1.8640178442001343,1.089357614517212,0.1199682354927063,2.486358165740967
3.699075698852539,-0.36436161398887634,0.07241983711719513,0.44153088331222534,1.8677634000778198,1.0864696502685547,0.07241983711719513,2.4832050800323486
3.702989339828491,-0.362979531288147,0.04150267317891121,0.44135260581970215,1.87021803855896,1.0845669507980347,0.04150267317891121,2.4811346530914307
3.7059600353240967,-0.3618234395980835,0.0318625271320343,0.442361056804657,1.8709781169891357,1.0839760303497314,0.0318625271320343,2.48049259185791
3.7067623138427734,-0.3615763187408447,0.008299821056425571,0.44229307770729065,1.8728305101394653,1.0825327634811401,0.008299821056425571,2.4789271354675293
3.7060680389404297,-0.36192405223846436,0.00783866923302412,0.44221922755241394,1.872880220413208,1.0824940204620361,0.00783866923302412,2.4788851737976074
3.7054009437561035,-0.3622080981731415,0.007175374776124954,0.44245409965515137,1.8729207515716553,1.0824624300003052,0.007175374776124954,2.478850841522217
3.705516815185547,-0.3621886074542999,0.0011808497365564108,0.44236886501312256,1.8733996152877808,1.0820884704589844,0.0011808497365564108,2.4784457683563232
3.7059056758880615,-0.3620434105396271,0.004155918024480343,0.44215551018714905,1.8731651306152344,1.082271695137024,0.004155918024480343,2.478644371032715
3.7059359550476074,-0.3620256781578064,0.0003536708827596158,0.4423002600669861,1.873464584350586,1.0820376873016357,0.0003536708827596158,2.47839093208313
3.705777406692505,-0.3620654344558716,0.0016376154962927103,0.4423932135105133,1.8733633756637573,1.082116723060608,0.0016376154962927103,2.4784765243530273
3.705822706222534,-0.36208733916282654,0.0005028147133998573,0.4422530233860016,1.8734525442123413,1.0820471048355103,0.0005028147133998573,2.4784011840820312
3.7059247493743896,-0.3620467185974121,0.001098551438190043,0.44202131032943726,1.8734056949615479,1.0820837020874023,0.001098551438190043,2.478440761566162
3.705892562866211,-0.36201712489128113,0.0004389975219964981,0.4421852231025696,1.8734577894210815,1.0820430517196655,0.0004389975219964981,2.4783966541290283
3.7058467864990234,-0.3620796203613281,0.0007724071620032191,0.44235730171203613,1.8734312057495117,1.0820637941360474,0.0007724071620032191,2.478419065475464
3.705883264541626,-0.3620496690273285,0.00047174247447401285,0.44215819239616394,1.8734550476074219,1.0820451974868774,0.00047174247447401285,2.4783990383148193
