-0.02163931354880333,12.0
-0.026545610278844833,12.0
-0.022081997245550156,12.0
-0.026403548195958138,12.0
-0.027018023654818535,12.0
-0.02616129443049431,12.0
-0.022537605836987495,12.0
-0.025956720113754272,12.0
-0.01385277509689331,12.0
-0.021914919838309288,12.0
-0.027018025517463684,12.0
-0.026679350063204765,12.0
-0.022378725931048393,12.0
-0.022433072328567505,12.0
-0.027315078303217888,12.0
-0.022073647007346153,12.0
-0.022675616666674614,12.0
-0.013978254050016403,12.0
-0.026670996099710464,12.0
-0.02650800347328186,12.0
-0.02679639309644699,12.0
-0.026746228337287903,12.0
-0.026194708421826363,12.0
-0.027168618515133858,12.0
-0.026867471635341644,12.0
-0.026658453047275543,12.0
-0.018776774406433105,12.0
-0.027013851329684258,12.0
-0.014505569823086262,12.0
-0.026988748461008072,12.0
-0.026537243276834488,12.0
-0.026716969907283783,12.0
-0.01774374581873417,12.0
-0.026570677757263184,12.0
-0.022341111674904823,12.0
-0.02709749899804592,12.0
-0.02659575454890728,12.0
-0.02620723843574524,12.0
-0.004670494701713324,12.0
-0.02670443430542946,12.0
-0.025664610788226128,12.0
-0.02698875591158867,12.0
-0.026416076347231865,12.0
-0.027135152369737625,12.0
-0.027059849351644516,12.0
-0.018337396904826164,12.0
-0.02640354633331299,12.0
-0.022453973069787025,12.0
-0.026445327326655388,12.0
-0.027034763246774673,12.0
-0.027018027380108833,12.0
-0.026424434036016464,12.0
-0.017159119248390198,12.0
-0.026905106380581856,12.0
-0.027390407398343086,12.0
-0.02668352983891964,12.0
-0.026792218908667564,12.0
-0.027269035577774048,12.0
-0.0266166590154171,12.0
-0.026620833203196526,12.0
-0.026449507102370262,12.0
-0.027285775169730186,12.0
-0.021889852359890938,12.0
-0.026123719289898872,12.0
-0.017513994127511978,12.0
-0.026069439947605133,12.0
-0.026629187166690826,12.0
-0.02734018675982952,12.0
-0.026520533487200737,12.0
1.06731379032135,12.0
-0.027310892939567566,12.0
-0.026173818856477737,12.0
-0.026194704696536064,12.0
-0.01778135448694229,12.0
-0.02637847699224949,12.0
0.021943822503089905,12.0
-0.014015909284353256,12.0
-0.02671278826892376,12.0
-0.026290759444236755,12.0
-0.026905102655291557,12.0
-0.022905724123120308,12.0
-0.02723138965666294,12.0
-0.02747831493616104,12.0
-0.022249147295951843,12.0
-0.026921836659312248,12.0
0.1383347511291504,12.0
-0.026754584163427353,12.0
-0.02644532173871994,12.0
-0.02717699110507965,12.0
-0.026232285425066948,12.0
-0.026633370667696,12.0
-0.022529248148202896,12.0
-0.02680894173681736,12.0
-0.02681729942560196,12.0
-0.013125612400472164,12.0
-0.02710588090121746,12.0
-0.01828719675540924,12.0
-0.02686328813433647,12.0
-0.027181169018149376,12.0
-0.02693438157439232,12.0
-0.026637544855475426,12.0
-0.022199001163244247,12.0
-0.026061084121465683,12.0
-0.026838209480047226,12.0
-0.017405416816473007,12.0
-0.02257106639444828,12.0
-0.02698875032365322,12.0
-0.02650381810963154,12.0
-0.026520531624555588,12.0
-0.02648710273206234,12.0
-0.02783425897359848,12.0
-0.02730252407491207,12.0
-0.018421059474349022,12.0
-0.02671697922050953,12.0
-0.026859117671847343,12.0
-0.026666808873414993,12.0
-0.02552279271185398,12.0
-0.026629189029335976,12.0
-0.02593168430030346,12.0
-0.027051487937569618,12.0
-0.026365946978330612,12.0
-0.018165918067097664,12.0
-0.026700250804424286,12.0
-0.026194695383310318,12.0
-0.02601933665573597,12.0
-0.02669188380241394,12.0
-0.028454601764678955,12.0
-0.026633376255631447,12.0
-0.026783863082528114,12.0
-0.022746726870536804,12.0
-0.026345063000917435,12.0
-0.026520537212491035,12.0
-0.026566507294774055,12.0
-0.017238430678844452,12.0
-0.009773900732398033,12.0
-0.026930194348096848,12.0
-0.027532735839486122,12.0
-0.01790671981871128,12.0
-0.027018025517463684,12.0
-0.022203177213668823,12.0
-0.20891694724559784,12.0
-2.342465400695801,12.0
-0.022349465638399124,12.0
-0.01844615861773491,12.0
-0.02609449066221714,12.0
-0.02246234565973282,12.0
-0.02230766788125038,12.0
-0.025985945016145706,12.0
-0.022479066625237465,12.0
-0.02243724837899208,12.0
-0.022424716502428055,12.0
-0.027264859527349472,12.0
-0.026232285425066948,12.0
-0.017714498564600945,12.0
-0.017505642026662827,12.0
-0.02689674124121666,12.0
-0.02666262537240982,12.0
-0.026520539075136185,12.0
-0.026152942329645157,12.0
-0.013071326538920403,12.0
-0.02758716605603695,12.0
0.9922128319740295,12.0
-0.026487113907933235,12.0
0.11332425475120544,12.0
0.2313358187675476,12.0
0.3066788613796234,12.0
0.2163316309452057,12.0
0.12326427549123764,12.0
0.21395854651927948,12.0
1.6764216423034668,12.0
1.4902995824813843,12.0
1.2703033685684204,12.0
1.2838473320007324,12.0
-2.8899693489074707,12.0
2.1670031547546387,12.0
1.9397804737091064,12.0
1.56886887550354,12.0
0.9392004013061523,12.0
1.5758670568466187,12.0
1.0569801330566406,12.0
0.16686055064201355,12.0
1.1732945442199707,12.0
1.6509239673614502,12.0
-0.4869740605354309,12.0
-0.3889434039592743,12.0
-0.01823039911687374,12.0
0.28698331117630005,12.0
0.3483774662017822,12.0
0.4123169779777527,12.0
0.463275283575058,12.0
0.5313707590103149,12.0
0.5361934900283813,12.0
0.5981571674346924,12.0
0.6191385388374329,12.0
0.6644349098205566,12.0
0.7008147239685059,12.0
0.708521842956543,12.0
0.7412760257720947,12.0
-0.5546532273292542,12.0
2.5763463973999023,12.0
0.951939582824707,12.0
2.6144230365753174,12.0
0.9415803551673889,12.0
0.8798723816871643,12.0
0.9167172312736511,12.0
0.9218669533729553,12.0
0.8411782383918762,12.0
0.8348448276519775,12.0
0.8150511384010315,12.0
0.7234975695610046,12.0
0.6905826926231384,12.0
0.6118524074554443,12.0
0.5590251088142395,12.0
0.5637161135673523,12.0
0.6199213862419128,12.0
0.47002944350242615,12.0
0.4831075072288513,12.0
2.627915620803833,12.0
2.6690049171447754,12.0
2.644941806793213,12.0
2.6633260250091553,12.0
2.697275161743164,12.0
2.711824417114258,12.0
2.708820104598999,12.0
2.7185518741607666,12.0
2.727531671524048,12.0
2.739938974380493,12.0
2.743764877319336,12.0
2.716763734817505,12.0
2.62882924079895,12.0
2.511871099472046,12.0
2.461151361465454,12.0
2.008972406387329,12.0
1.9579542875289917,12.0
1.9006656408309937,12.0
2.3744254112243652,12.0
2.3725039958953857,12.0
2.389979124069214,12.0
2.3942768573760986,12.0
2.4387617111206055,12.0
2.383995532989502,12.0
1.7789905071258545,12.0
1.8542789220809937,12.0
1.736778974533081,12.0
1.7745527029037476,12.0
1.8234320878982544,12.0
1.850008249282837,12.0
1.8601224422454834,12.0
1.8481792211532593,12.0
1.8365839719772339,12.0
1.853496789932251,12.0
1.7547098398208618,12.0
1.791749119758606,12.0
1.8535385131835938,12.0
1.8814246654510498,12.0
1.8637938499450684,12.0
1.8061673641204834,12.0
1.7873626947402954,12.0
1.7652215957641602,12.0
1.8520631790161133,12.0
1.8173110485076904,12.0
1.8074640035629272,12.0
1.8367549180984497,12.0
1.8508962392807007,12.0
1.846231460571289,12.0
1.8021575212478638,12.0
1.8242216110229492,12.0
1.7976473569869995,12.0
1.8238658905029297,12.0
1.8330023288726807,12.0
1.8634915351867676,12.0
1.832445740699768,12.0
1.8146135807037354,12.0
1.8393083810806274,12.0
1.8514931201934814,12.0
1.8514621257781982,12.0
1.7933998107910156,12.0
1.8602815866470337,12.0
1.84042227268219,12.0
1.8449711799621582,12.0
1.81492280960083,12.0
1.8719862699508667,12.0
1.791803240776062,12.0
1.8068467378616333,12.0
1.7773685455322266,12.0
1.837885856628418,12.0
1.9064133167266846,12.0
1.8819451332092285,12.0
1.9218002557754517,12.0
1.8465553522109985,12.0
1.9594358205795288,12.0
1.9397363662719727,12.0
1.9361461400985718,12.0
2.0573415756225586,12.0
2.0503110885620117,12.0
2.1335108280181885,12.0
2.1028554439544678,12.0
2.1655893325805664,12.0
2.2423195838928223,12.0
2.5786736011505127,12.0
0.30205991864204407,12.0
0.21239235997200012,12.0
0.535954475402832,12.0
0.8781702518463135,12.0
0.8969236016273499,12.0
0.6482197642326355,12.0
1.0165565013885498,12.0
1.2583807706832886,12.0
0.6793477535247803,12.0
0.696706235408783,12.0
0.9468080401420593,12.0
0.5841331481933594,12.0
2.743544578552246,12.0
2.72621488571167,12.0
0.3472089469432831,12.0
0.24725373089313507,12.0
0.2795666456222534,12.0
0.1812075525522232,12.0
0.1483549177646637,12.0
0.137621209025383,12.0
2.5967445373535156,12.0
0.22070777416229248,12.0
0.19328606128692627,12.0
0.14555366337299347,12.0
0.2671971023082733,12.0
0.13251559436321259,12.0
0.15578974783420563,12.0
0.18251901865005493,12.0
0.12030600011348724,12.0
0.12637093663215637,12.0
0.04775154963135719,12.0
0.06395559012889862,12.0
-0.0706937313079834,12.0
-0.11903057992458344,12.0
-0.1576579064130783,12.0
-0.20652654767036438,12.0
0.004243990406394005,12.0
-0.28932440280914307,12.0
-0.2857142686843872,12.0
-0.36985111236572266,12.0
-0.49311408400535583,12.0
-0.5327523946762085,12.0
-0.44846034049987793,12.0
-0.544561505317688,12.0
-0.3299432694911957,12.0
-0.5294833183288574,12.0
-0.3479674756526947,12.0
-0.3971670866012573,12.0
-0.47964414954185486,12.0
-0.37344542145729065,12.0
-0.6001044511795044,12.0
-0.40159326791763306,12.0
-0.5167697072029114,12.0
0.12777815759181976,12.0
0.02063329704105854,12.0
-0.1554386168718338,12.0
0.1826859712600708,12.0
0.36396631598472595,12.0
0.414169043302536,12.0
0.24052418768405914,12.0
0.55157870054245,12.0
0.751746654510498,12.0
1.0347238779067993,12.0
1.2005678415298462,12.0
2.0153820514678955,12.0
1.5224257707595825,12.0
0.3771110475063324,12.0
2.2384088039398193,12.0
1.6416563987731934,12.0
-2.7423973083496094,12.0
1.4097594022750854,12.0
1.3239390850067139,12.0
1.2955580949783325,12.0
1.2171721458435059,12.0
1.1976560354232788,12.0
1.1796538829803467,12.0
1.1829054355621338,12.0
1.0164369344711304,12.0
0.9700159430503845,12.0
0.9183439016342163,12.0
0.8530395030975342,12.0
0.8051354885101318,12.0
0.6924819946289062,12.0
0.6619783639907837,12.0
0.6581763625144958,12.0
0.6885809302330017,12.0
0.6698171496391296,12.0
0.7612633109092712,12.0
0.6887516379356384,12.0
0.7521280646324158,12.0
0.6694405674934387,12.0
0.10671177506446838,12.0
2.588777542114258,12.0
2.592663526535034,12.0
2.3753926753997803,12.0
2.389131784439087,12.0
2.453641414642334,12.0
2.2848594188690186,12.0
2.2411110401153564,12.0
2.1873743534088135,12.0
2.166139602661133,12.0
2.153803586959839,12.0
2.2127935886383057,12.0
2.3584160804748535,12.0
-0.6182059049606323,12.0
-0.3600785732269287,12.0
-0.3608427345752716,12.0
-0.3579367399215698,12.0
-0.3499061167240143,12.0
-0.37570881843566895,12.0
-0.3790857791900635,12.0
-0.4879452586174011,12.0
2.157433271408081,12.0
2.167923927307129,12.0
2.1519250869750977,12.0
2.163478374481201,12.0
2.154533624649048,12.0
2.14628529548645,12.0
2.2068822383880615,12.0
2.264646530151367,12.0
2.3443379402160645,12.0
-0.7520905137062073,12.0
-0.6971360445022583,12.0
-0.6272270083427429,12.0
-0.5115667581558228,12.0
-0.535337507724762,12.0
-0.5839871168136597,12.0
-0.6077741980552673,12.0
-0.6002224683761597,12.0
-0.6304920315742493,12.0
-0.6418137550354004,12.0
-0.6432833671569824,12.0
-0.6335345506668091,12.0
1.1501317024230957,12.0
1.1371046304702759,12.0
1.115739345550537,12.0
1.1693878173828125,12.0
1.1972880363464355,12.0
1.148072600364685,12.0
1.1959055662155151,12.0
1.1809258460998535,12.0
1.096177101135254,12.0
1.0851600170135498,12.0
1.164292573928833,12.0
1.2170326709747314,12.0
1.2014392614364624,12.0
1.1888195276260376,12.0
1.1067417860031128,12.0
1.2689694166183472,12.0
1.2392206192016602,12.0
1.108597993850708,12.0
1.0907381772994995,12.0
1.1431195735931396,12.0
1.2204399108886719,12.0
1.1150151491165161,12.0
1.1272461414337158,12.0
1.1373443603515625,12.0
1.1400808095932007,12.0
1.164629340171814,12.0
1.1848825216293335,12.0
-0.477145254611969,12.0
-0.47932785749435425,12.0
-0.4734427034854889,12.0
-0.43935662508010864,12.0
-0.4598359763622284,12.0
-0.4673486053943634,12.0
-0.46588438749313354,12.0
-0.4503786861896515,12.0
-0.45440539717674255,12.0
-0.4662283957004547,12.0
-0.44428297877311707,12.0
-0.46528422832489014,12.0
-0.46506255865097046,12.0
-0.4648623764514923,12.0
-0.46134284138679504,12.0
-0.4352487325668335,12.0
-0.46612823009490967,12.0
-0.46217992901802063,12.0
-0.4600869417190552,12.0
-0.4677603542804718,12.0
-0.4591124951839447,12.0
-0.4705490469932556,12.0
-0.4702451825141907,12.0
-0.4705507159233093,12.0
-0.48149093985557556,12.0
-0.4972503185272217,12.0
1.110256314277649,12.0
1.0241036415100098,12.0
0.9403766393661499,12.0
0.8093425035476685,12.0
0.7455716133117676,12.0
0.5924608707427979,12.0
-2.119710922241211,12.0
-2.164386749267578,12.0
-2.099592447280884,12.0
-2.189591646194458,12.0
-2.271385908126831,12.0
-2.360950231552124,12.0
-2.410860776901245,12.0
-2.5094642639160156,12.0
-2.3556036949157715,12.0
-2.380156993865967,12.0
-2.3978288173675537,12.0
-2.5026144981384277,12.0
-2.5031850337982178,12.0
-2.5251870155334473,12.0
-2.5476953983306885,12.0
-2.6218819618225098,12.0
-2.675907850265503,12.0
-2.7814781665802,12.0
-2.885472059249878,12.0
-2.9243264198303223,12.0
-2.9264564514160156,12.0
-2.926086902618408,12.0
-2.9102447032928467,12.0
-2.8405840396881104,12.0
-2.9142560958862305,12.0
-2.8838603496551514,12.0
-2.913029909133911,12.0
-2.8516716957092285,12.0
-2.923572540283203,12.0
-2.900808095932007,12.0
-2.47352933883667,12.0
-2.4205563068389893,12.0
-2.4037160873413086,12.0
-2.3391435146331787,12.0
-2.275667428970337,12.0
-2.228708267211914,12.0
-2.2495391368865967,12.0
-2.346578598022461,12.0
-2.342728853225708,12.0
-2.3291711807250977,12.0
-2.3423008918762207,12.0
-2.3510196208953857,12.0
-2.3731822967529297,12.0
-2.25614070892334,12.0
-2.2272820472717285,12.0
-2.2465107440948486,12.0
-2.1992290019989014,12.0
-2.211535692214966,12.0
-2.0835022926330566,12.0
-2.0742127895355225,12.0
-2.1173596382141113,12.0
-2.0505692958831787,12.0
-2.0535929203033447,12.0
-2.016385316848755,12.0
-2.058858871459961,12.0
-2.0013957023620605,12.0
-2.0263564586639404,12.0
-2.024198293685913,12.0
-2.0076980590820312,12.0
-2.4659006595611572,12.0
-2.493537425994873,12.0
-2.423415184020996,12.0
-2.3937504291534424,12.0
-2.373373031616211,12.0
-2.357651710510254,12.0
-2.3418328762054443,12.0
-2.3271195888519287,12.0
-2.3328940868377686,12.0
-2.3128182888031006,12.0
-2.2570018768310547,12.0
-2.273810863494873,12.0
-2.2839202880859375,12.0
-2.2587008476257324,12.0
-2.2514379024505615,12.0
-2.238915205001831,12.0
-2.232927083969116,12.0
-2.2290384769439697,12.0
-2.2472331523895264,12.0
-2.283169746398926,12.0
-2.311404228210449,12.0
-2.2792890071868896,12.0
-2.319171667098999,12.0
-2.32285737991333,12.0
-2.357893705368042,12.0
-2.3710124492645264,12.0
-2.488051414489746,12.0
-2.418072462081909,12.0
-2.4527053833007812,12.0
-2.4212405681610107,12.0
-2.5255215167999268,12.0
-2.4263670444488525,12.0
-2.430269718170166,12.0
-2.4304134845733643,12.0
-0.13017678260803223,12.0
-0.10822046548128128,12.0
-0.09494095295667648,12.0
-0.09976325929164886,12.0
-0.11263866722583771,12.0
-0.1035279706120491,12.0
-0.1298026442527771,12.0
-0.12961317598819733,12.0
-0.05587056279182434,12.0
-0.12990239262580872,12.0
-0.10834020376205444,12.0
-0.055506475269794464,12.0
-0.11225461214780807,12.0
-0.11225959658622742,12.0
-0.12865668535232544,12.0
-0.12983256578445435,12.0
-0.11687228083610535,12.0
-0.11704190075397491,12.0
-0.09940402209758759,12.0
-0.10822544991970062,12.0
-0.13029155135154724,12.0
-0.10336842387914658,12.0
-0.12994728982448578,12.0
-0.1168174147605896,12.0
-0.1295633167028427,12.0
-0.11263367533683777,12.0
-0.1297178864479065,12.0
-0.1216198056936264,12.0
-0.07746271789073944,12.0
-0.12013416737318039,12.0
-0.11688225716352463,12.0
-0.12215907126665115,12.0
-0.0818110853433609,12.0
-0.12514017522335052,12.0
-0.1254492998123169,12.0
-0.12078682333230972,12.0
-0.11241419613361359,12.0
-0.12145011872053146,12.0
-0.11734133958816528,12.0
-0.12990738451480865,12.0
-0.12074695527553558,12.0
-0.10832024365663528,12.0
-0.11691218614578247,12.0
-0.12983258068561554,12.0
-0.1298026442527771,12.0
-0.05118803679943085,12.0
-0.12967799603939056,12.0
-0.13066595792770386,12.0
-0.12142018973827362,12.0
-0.12141020596027374,12.0
-0.09067238867282867,12.0
-0.11670270562171936,12.0
-0.1297178715467453,12.0
-0.12960819900035858,12.0
-0.13012687861919403,12.0
-0.1039319783449173,12.0
-0.12967799603939056,12.0
-0.12542934715747833,12.0
-0.12564381957054138,12.0
-0.08645373582839966,12.0
-0.12110093981027603,12.0
-0.13052116334438324,12.0
-0.12976275384426117,12.0
-0.11327259242534637,12.0
-0.12984754145145416,12.0
-0.12971289455890656,12.0
-0.11657305806875229,12.0
-1.7396345138549805,12.0
-1.7268786430358887,12.0
-1.7441524267196655,12.0
-1.7005640268325806,12.0
-1.7052465677261353,12.0
-1.7051668167114258,12.0
-1.7048425674438477,12.0
-1.7050670385360718,12.0
-1.700803518295288,12.0
-1.7031522989273071,12.0
-1.7039237022399902,12.0
-1.78667151927948,12.0
-1.7632113695144653,12.0
-1.9021539688110352,12.0
-1.8514050245285034,12.0
-2.007606029510498,12.0
-2.0218427181243896,12.0
-1.977221131324768,12.0
-2.010157585144043,12.0
-2.060997247695923,12.0
-1.9969327449798584,12.0
-1.9478312730789185,12.0
-1.8947476148605347,12.0
-1.9382524490356445,12.0
-1.9842939376831055,12.0
-2.122241973876953,12.0
-2.2838382720947266,12.0
-2.401761531829834,12.0
-2.377232789993286,12.0
-2.2742183208465576,12.0
-2.265180826187134,12.0
-2.300443649291992,12.0
-2.2873992919921875,12.0
-2.3948678970336914,12.0
-2.416820764541626,12.0
-2.480573892593384,12.0
-0.5681968927383423,12.0
-0.5214866399765015,12.0
-0.5171972513198853,12.0
-0.516250729560852,12.0
-0.5199635624885559,12.0
-0.20012028515338898,12.0
-0.47432076930999756,12.0
-0.4729834496974945,12.0
-0.16542725265026093,12.0
-0.075437530875206,12.0
-0.13249114155769348,12.0
0.10227735340595245,12.0
0.21146255731582642,12.0
0.3928561508655548,12.0
0.433238685131073,12.0
0.47651949524879456,12.0
0.49845048785209656,12.0
0.44176536798477173,12.0
0.44177618622779846,12.0
0.4765393137931824,12.0
0.47649163007736206,12.0
0.44148319959640503,12.0
0.4763375222682953,12.0
0.44165995717048645,12.0
0.4418473541736603,12.0
0.441741943359375,12.0
0.4417320489883423,12.0
0.4894619882106781,12.0
0.48970404267311096,12.0
0.4764520227909088,12.0
0.44202104210853577,12.0
0.4765048325061798,12.0
0.48954930901527405,12.0
0.48080873489379883,12.0
0.47644099593162537,12.0
0.498354434967041,12.0
0.446122407913208,12.0
0.4763565957546234,12.0
0.4417590796947479,12.0
0.47660017013549805,12.0
0.48082485795021057,12.0
0.485299676656723,12.0
0.4766404330730438,12.0
0.47642192244529724,12.0
0.47651436924934387,12.0
0.48092830181121826,12.0
0.48967692255973816,12.0
0.47666171193122864,12.0
0.4418131113052368,12.0
0.47658035159111023,12.0
0.47627583146095276,12.0
0.441703200340271,12.0
0.44618454575538635,12.0
0.4460638165473938,12.0
0.44190314412117004,12.0
0.49400946497917175,12.0
0.47660601139068604,12.0
0.4763844907283783,12.0
0.4765393137931824,12.0
0.47642046213150024,12.0
0.4766089618206024,12.0
0.4765099585056305,12.0
0.48088136315345764,12.0
0.4766199588775635,12.0
0.47678452730178833,12.0
0.4895331859588623,12.0
0.4592060446739197,12.0
0.49387890100479126,12.0
0.49836546182632446,12.0
0.4765855073928833,12.0
0.47645053267478943,12.0
0.4765576422214508,12.0
0.48063766956329346,12.0
0.47662580013275146,12.0
0.47627508640289307,12.0
0.5025152564048767,12.0
0.47649821639060974,12.0
0.48526448011398315,12.0
0.5026767253875732,12.0
0.4983082413673401,12.0
0.4502549469470978,12.0
0.48102137446403503,12.0
0.4852769374847412,12.0
0.4763617515563965,12.0
0.4765525162220001,12.0
0.49826863408088684,12.0
0.48537516593933105,12.0
0.4939764738082886,12.0
0.47665658593177795,12.0
0.47642046213150024,12.0
0.4765070378780365,12.0
0.47647330164909363,12.0
0.47628462314605713,12.0
0.45477426052093506,12.0
0.48087915778160095,12.0
0.4419049620628357,12.0
0.5202634334564209,12.0
0.480837345123291,12.0
-2.0414376258850098,12.0
0.47662433981895447,12.0
0.48092830181121826,12.0
0.47649675607681274,12.0
0.4807683825492859,12.0
0.4940270483493805,12.0
-2.010105609893799,12.0
0.4764564037322998,12.0
0.441567987203598,12.0
0.4505118429660797,12.0
0.4765833020210266,12.0
0.4764828383922577,12.0
0.476433664560318,12.0
0.4462412893772125,12.0
0.4766463339328766,12.0
0.49408936500549316,12.0
0.45509660243988037,12.0
0.44612419605255127,12.0
0.48982495069503784,12.0
0.4851265549659729,12.0
0.47647109627723694,12.0
0.46360090374946594,12.0
0.4982524812221527,12.0
0.47654077410697937,12.0
0.4938495457172394,12.0
0.441780686378479,12.0
0.467860609292984,12.0
0.4764255881309509,12.0
0.4764006435871124,12.0
0.4767005443572998,12.0
0.48940399289131165,12.0
0.476537823677063,12.0
-2.008906364440918,12.0
0.4766162931919098,12.0
0.4419085681438446,12.0
0.4939676523208618,12.0
0.4763588011264801,12.0
0.45509031414985657,12.0
0.4808974862098694,12.0
0.4852578938007355,12.0
0.44201114773750305,12.0
0.45028921961784363,12.0
0.45515328645706177,12.0
0.4765084981918335,12.0
0.47642046213150024,12.0
0.4851008653640747,12.0
0.47634926438331604,12.0
0.44176536798477173,12.0
0.47647035121917725,12.0
0.476385235786438,12.0
0.47647035121917725,12.0
0.4765400290489197,12.0
0.4766214191913605,12.0
0.4669339060783386,12.0
0.450564980506897,12.0
0.49821799993515015,12.0
0.47649529576301575,12.0
0.489586740732193,12.0
0.48078012466430664,12.0
0.4897289574146271,12.0
0.4765150845050812,12.0
0.48075810074806213,12.0
0.4940204620361328,12.0
0.47662800550460815,12.0
0.494053453207016,12.0
0.45479947328567505,12.0
0.4593564569950104,12.0
0.4937731921672821,12.0
0.4853553771972656,12.0
0.4418356418609619,12.0
0.47651803493499756,12.0
0.4501277208328247,12.0
0.47665733098983765,12.0
0.4764630198478699,12.0
0.441703200340271,12.0
0.45025134086608887,12.0
0.4765664339065552,12.0
0.4417590796947479,12.0
0.454707533121109,12.0
0.47654664516448975,12.0
0.4765546917915344,12.0
0.45053794980049133,12.0
0.515747606754303,12.0
0.4764798879623413,12.0
0.47635072469711304,12.0
0.476592093706131,12.0
0.48073241114616394,12.0
0.4680425822734833,12.0
0.47652244567871094,12.0
0.4504983425140381,12.0
0.4418230354785919,12.0
0.44176536798477173,12.0
0.44161757826805115,12.0
0.4463159739971161,12.0
0.4983903765678406,12.0
0.47660601139068604,12.0
0.47668367624282837,12.0
0.47666171193122864,12.0
0.48080873489379883,12.0
0.4895625114440918,12.0
0.4854139983654022,12.0
0.4765554368495941,12.0
0.47654223442077637,12.0
0.4456578493118286,12.0
0.50281822681427,12.0
0.4765620231628418,12.0
0.47660601139068604,12.0
0.47625523805618286,12.0
0.4541521966457367,12.0
0.48529088497161865,12.0
-2.0141263008117676,12.0
-2.0021700859069824,12.0
-1.9501872062683105,12.0
-1.9679523706436157,12.0
-2.012169599533081,12.0
0.464343398809433,12.0
0.44638344645500183,12.0
0.42903560400009155,12.0
0.35000818967819214,12.0
-0.20778940618038177,12.0
-0.32435712218284607,12.0
-0.37840962409973145,12.0
-0.3839578330516815,12.0
-0.45171722769737244,12.0
-0.4949100613594055,12.0
-0.5170466899871826,12.0
-0.4550369083881378,12.0
-0.30316516757011414,12.0
-0.21203044056892395,12.0
-0.22144076228141785,12.0
-0.22835269570350647,12.0
-0.23468470573425293,12.0
-0.2389466017484665,12.0
-0.25397276878356934,12.0
-0.25846731662750244,12.0
-0.2583361566066742,12.0
-0.28300607204437256,12.0
-0.39119723439216614,12.0
-0.46401193737983704,12.0
-0.5007338523864746,12.0
-0.4762856066226959,12.0
-0.3929694592952728,12.0
-0.3332504332065582,12.0
-0.41154590249061584,12.0
-0.6094838380813599,12.0
-0.6247174739837646,12.0
-0.6477192044258118,12.0
-0.6656954288482666,12.0
-0.7079107761383057,12.0
-0.7259207963943481,12.0
-0.7329850196838379,12.0
-0.7577147483825684,12.0
2.3555595874786377,12.0
-0.8155888915061951,12.0
-0.7662679553031921,12.0
-0.7322058081626892,12.0
-0.7422130703926086,12.0
-0.762486457824707,12.0
-0.7589356303215027,12.0
-0.6141682267189026,12.0
-0.6640217304229736,12.0
-0.5960862040519714,12.0
-0.5308175086975098,12.0
-0.5015323162078857,12.0
-0.4802231788635254,12.0
-0.4402643144130707,12.0
-0.43883681297302246,12.0
-0.33338916301727295,12.0
-0.42462247610092163,12.0
-0.3153876066207886,12.0
-0.2998749017715454,12.0
-0.350192666053772,12.0
-0.4621613919734955,12.0
-0.24239878356456757,12.0
-0.3135131895542145,12.0
-0.09771576523780823,12.0
-0.21157225966453552,12.0
-0.13803787529468536,12.0
-0.2170649766921997,12.0
-0.1656871885061264,12.0
-0.16595005989074707,12.0
-0.19161969423294067,12.0
-0.07405740022659302,12.0
-0.12191478163003922,12.0
-0.2172892689704895,12.0
-0.20930495858192444,12.0
-0.1549573689699173,12.0
-0.17213986814022064,12.0
-0.05660366266965866,12.0
-0.1346866339445114,12.0
-0.12486793845891953,12.0
-0.08190089464187622,12.0
-0.02827667072415352,12.0
0.01782459393143654,12.0
-0.0024621698539704084,12.0
-0.014948435127735138,12.0
0.031143715605139732,12.0
0.04632043093442917,12.0
-0.009715608321130276,12.0
0.006432900670915842,12.0
0.07399862259626389,12.0
-0.027932068333029747,12.0
0.09486684203147888,12.0
0.13222329318523407,12.0
0.10756250470876694,12.0
-0.041839588433504105,12.0
-0.0023689933586865664,12.0
0.048853304237127304,12.0
0.007387494668364525,12.0
0.021962231025099754,12.0
-0.03448649123311043,12.0
-0.018918709829449654,12.0
0.0005334089510142803,12.0
0.17320650815963745,12.0
0.07229921966791153,12.0
0.033332522958517075,12.0
-0.07848133146762848,12.0
-0.06313508003950119,12.0
0.016833072528243065,12.0
-0.028029555454850197,12.0
-0.057364653795957565,12.0
-0.0777280330657959,12.0
-0.02778022363781929,12.0
-0.02212894707918167,12.0
-0.03948741406202316,12.0
-0.008130169473588467,12.0
0.007576191797852516,12.0
-0.01805822364985943,12.0
0.026879653334617615,12.0
0.009774303063750267,12.0
-0.01824594847857952,12.0
-0.04655032232403755,12.0
0.011692171916365623,12.0
-0.05710800737142563,12.0
-0.011955078691244125,12.0
0.011848576366901398,12.0
0.04432383552193642,12.0
0.0497562438249588,12.0
0.02640395052731037,12.0
0.019047811627388,12.0
-0.017797570675611496,12.0
0.07527446746826172,12.0
0.11805558949708939,12.0
0.014517005532979965,12.0
0.059418708086013794,12.0
0.01229428593069315,12.0
-0.04174085706472397,12.0
0.08298583328723907,12.0
-0.11748116463422775,12.0
-0.056767407804727554,12.0
-0.012848656624555588,12.0
0.015250720083713531,12.0
0.05688447505235672,12.0
0.0793595165014267,12.0
0.11040256917476654,12.0
0.2325676828622818,12.0
0.04991103708744049,12.0
-0.006915300153195858,12.0
-0.033357035368680954,12.0
-0.07659360021352768,12.0
-0.06793835759162903,12.0
-0.08154398947954178,12.0
-0.1259387880563736,12.0
-0.10544693470001221,12.0
-0.06694646924734116,12.0
-0.07906781136989594,12.0
-0.08819099515676498,12.0
-0.08050323277711868,12.0
-0.11655173450708389,12.0
-0.0877370610833168,12.0
-0.05440031737089157,12.0
-0.03318622335791588,12.0
-0.03852463141083717,12.0
-0.06825929135084152,12.0
-0.004085744731128216,12.0
-0.026013342663645744,12.0
-0.03126445412635803,12.0
-0.0879480168223381,12.0
-0.00909906905144453,12.0
-0.09136806428432465,12.0
-0.27551543712615967,12.0
-0.22175249457359314,12.0
-0.16376087069511414,12.0
-0.1663055270910263,12.0
-0.09364292770624161,12.0
-0.006487421225756407,12.0
0.11696647107601166,12.0
0.15322892367839813,12.0
0.20155851542949677,12.0
0.251259982585907,12.0
0.018400492146611214,12.0
0.005469152238219976,12.0
0.03757498413324356,12.0
0.06502410024404526,12.0
-0.04788287729024887,12.0
-0.06190096586942673,12.0
-0.0183232631534338,12.0
-0.04429695010185242,12.0
-0.06626429408788681,12.0
-0.1063988134264946,12.0
-0.08122622966766357,12.0
-0.08603373169898987,12.0
-0.026089323684573174,12.0
0.004557045642286539,12.0
-0.003400260815396905,12.0
-0.03365005552768707,12.0
-0.09454622119665146,12.0
-0.015752587467432022,12.0
-0.0027419382240623236,12.0
-0.03752955049276352,12.0
-0.0069386912509799,12.0
-0.03691878914833069,12.0
-0.027621030807495117,12.0
-0.010960947722196579,12.0
0.037979524582624435,12.0
-0.005709231365472078,12.0
-0.04029059037566185,12.0
-0.008620901964604855,12.0
-0.2231297343969345,12.0
-0.1714441180229187,12.0
-0.13675963878631592,12.0
-0.0718333050608635,12.0
-0.014434823766350746,12.0
0.10950613021850586,12.0
0.16292110085487366,12.0
0.2328929454088211,12.0
0.2732735276222229,12.0
0.07039505243301392,12.0
0.028753379359841347,12.0
-0.01832273229956627,12.0
-0.009215203113853931,12.0
-0.07000019401311874,12.0
-0.07126186043024063,12.0
-0.0626145601272583,12.0
0.0022560483776032925,12.0
0.003080715425312519,12.0
-0.05701407417654991,12.0
0.0048023853451013565,12.0
0.02131945639848709,12.0
-0.010429739020764828,12.0
-0.01093748863786459,12.0
0.015797795727849007,12.0
-0.011048553511500359,12.0
-0.06448735296726227,12.0
-0.034134481102228165,12.0
-0.05189715698361397,12.0
-0.07028651982545853,12.0
-0.06668470054864883,12.0
-0.027874864637851715,12.0
-0.0325237400829792,12.0
-0.03702190890908241,12.0
-0.05493525043129921,12.0
-0.03817201033234596,12.0
-0.31272029876708984,12.0
-0.25628265738487244,12.0
-0.2130935788154602,12.0
-0.10881003737449646,12.0
-0.027091363444924355,12.0
-0.00565520953387022,12.0
0.008758485317230225,12.0
0.07498519122600555,12.0
0.006717918440699577,12.0
0.004075092729181051,12.0
0.04844572767615318,12.0
0.03224531561136246,12.0
-0.010729719884693623,12.0
0.03985226899385452,12.0
-0.04662897810339928,12.0
-0.03662530332803726,12.0
-0.040988627821207047,12.0
-0.0002036357473116368,12.0
0.011529680341482162,12.0
-0.04962031915783882,12.0
0.0896807536482811,12.0
-0.0010604654671624303,12.0
0.08350881934165955,12.0
0.0104034673422575,12.0
0.03327539563179016,12.0
-0.06331281363964081,12.0
-0.04187706112861633,12.0
-0.04646255075931549,12.0
-0.11193620413541794,12.0
-0.05577634647488594,12.0
-0.08658937364816666,12.0
-0.11299147456884384,12.0
-0.1582273691892624,12.0
-0.04465402662754059,12.0
0.033830251544713974,12.0
-0.02938244119286537,12.0
0.02473071962594986,12.0
-0.054086774587631226,12.0
-0.021956751123070717,12.0
-0.008858844637870789,12.0
-0.02159970998764038,12.0
-0.020671404898166656,12.0
0.03256920352578163,12.0
-0.036847230046987534,12.0
0.01590145379304886,12.0
0.029816649854183197,12.0
-0.008913672529160976,12.0
0.035727329552173615,12.0
-0.02536713145673275,12.0
0.03564004227519035,12.0
0.03617170825600624,12.0
-0.033189140260219574,12.0
-0.020154720172286034,12.0
-0.0023760725744068623,12.0
0.005715740378946066,12.0
0.041344452649354935,12.0
-0.05757562816143036,12.0
-0.04524748772382736,12.0
0.025232285261154175,12.0
0.043526776134967804,12.0
-0.017575625330209732,12.0
0.018156301230192184,12.0
-0.01629793271422386,12.0
0.04233788698911667,12.0
0.024090969935059547,12.0
0.07765715569257736,12.0
-0.04465874657034874,12.0
0.021616479381918907,12.0
0.01698332279920578,12.0
-0.004619018640369177,12.0
-0.07870027422904968,12.0
-0.061445388942956924,12.0
-0.06222314387559891,12.0
-0.0491490475833416,12.0
0.04262359067797661,12.0
0.05630878359079361,12.0
-0.026665782555937767,12.0
0.04354419931769371,12.0
-0.043968286365270615,12.0
-0.04834748059511185,12.0
0.008455084636807442,12.0
0.0035600264091044664,12.0
0.0768873393535614,12.0
-0.027554646134376526,12.0
0.029390770941972733,12.0
3.105311393737793,12.0
-0.03225129097700119,12.0
-0.03729712963104248,12.0
-0.06018511578440666,12.0
-0.05145847052335739,12.0
-0.09495678544044495,12.0
-0.04934893548488617,12.0
-0.054974012076854706,12.0
-0.12467608600854874,12.0
-0.13737823069095612,12.0
-0.1274540275335312,12.0
-0.18083734810352325,12.0
-0.19026172161102295,12.0
-0.17438678443431854,12.0
-0.20328690111637115,12.0
-0.25029003620147705,12.0
-0.14042679965496063,12.0
-0.2255808413028717,12.0
-0.23301872611045837,12.0
-0.22190222144126892,12.0
-0.24620501697063446,12.0
-0.35018667578697205,12.0
-0.3006041347980499,12.0
-0.26407238841056824,12.0
-0.2930314838886261,12.0
-0.33117514848709106,12.0
-0.3206658363342285,12.0
-0.32918602228164673,12.0
-0.3028760254383087,12.0
-0.33690041303634644,12.0
-0.38504451513290405,12.0
-0.3146527409553528,12.0
-0.37126481533050537,12.0
-0.4147967994213104,12.0
-0.46182528138160706,12.0
-0.4344322383403778,12.0
-0.4260980486869812,12.0
-0.4818902909755707,12.0
-0.3775631785392761,12.0
-0.46936795115470886,12.0
-0.4462398886680603,12.0
-0.5164535641670227,12.0
-0.5328567624092102,12.0
-0.41950523853302,12.0
-0.5466868877410889,12.0
-0.44300633668899536,12.0
-0.5123401880264282,12.0
-0.5910444855690002,12.0
-0.5645981431007385,12.0
-0.5817742943763733,12.0
-0.5473878979682922,12.0
-0.6308085918426514,12.0
-0.4942489266395569,12.0
-0.6163555383682251,12.0
-0.6464630365371704,12.0
-0.689510703086853,12.0
-0.6759912967681885,12.0
-0.6404843330383301,12.0
-0.6972848176956177,12.0
-0.657584547996521,12.0
-0.766026496887207,12.0
-0.5607088804244995,12.0
-1.026516318321228,12.0
-0.9946930408477783,12.0
-0.9678554534912109,12.0
-0.9416173100471497,12.0
-0.9274968504905701,12.0
-0.9002725481987,12.0
-0.8631195425987244,12.0
-0.8274449706077576,12.0
-0.7951809763908386,12.0
-0.7767009139060974,12.0
-0.7219005227088928,12.0
-0.6771840453147888,12.0
-0.6490497589111328,12.0
-0.6348856091499329,12.0
-0.5798516273498535,12.0
-0.5432196259498596,12.0
-0.8380751013755798,12.0
-0.5055392980575562,12.0
-0.8433186411857605,12.0
-0.8512246608734131,12.0
-0.8467581272125244,12.0
-0.8449277281761169,12.0
-0.8313448429107666,12.0
-0.832970380783081,12.0
-0.8728927373886108,12.0
-0.8378903865814209,12.0
-0.8566502332687378,12.0
-0.8764920234680176,12.0
-0.8732523918151855,12.0
-0.8769405484199524,12.0
-0.939784824848175,12.0
-0.7838504910469055,12.0
-0.9076197743415833,12.0
