-0.5559910535812378,2.9279494285583496,0.0,-1.7457218170166016,-0.550000011920929,-0.10000000149011612,0.0,-1.5707963705062866
-0.5559810996055603,2.927948236465454,9.933600813383237e-05,-1.7455414533615112,-0.550000011920929,-0.10001002252101898,9.933600813383237e-05,-1.5707896947860718
-0.5560122728347778,2.9279837608337402,0.00047734123654663563,-1.7458652257919312,-0.550000011920929,-0.10004726052284241,0.00047734123654663563,-1.5707647800445557
-0.5560117363929749,2.9279580116271973,0.0002574935497250408,-1.745752215385437,-0.550000011920929,-0.10002575814723969,0.0002574935497250408,-1.5707792043685913
-0.5559806227684021,2.9279892444610596,0.0004367947403807193,-1.745671033859253,-0.550000011920929,-0.10004408657550812,0.0004367947403807193,-1.5707669258117676
-0.5559862852096558,2.9279747009277344,0.0001554849004605785,-1.7455849647521973,-0.550000011920929,-0.10001561045646667,0.0001554849004605785,-1.5707858800888062
-0.5559742450714111,2.928023338317871,0.0005086075980216265,-1.745468258857727,-0.550000011920929,-0.10005010664463043,0.0005086075980216265,-1.5707628726959229
-0.5560135245323181,2.928004741668701,0.0004354458360467106,-1.7454264163970947,-0.550000011920929,-0.10004346072673798,0.0004354458360467106,-1.5707674026489258
-0.5559905767440796,2.9279980659484863,0.000238997905398719,-1.7455850839614868,-0.550000011920929,-0.10002389550209045,0.000238997905398719,-1.5707803964614868
-0.5559940338134766,2.9280197620391846,0.00021701383229810745,-1.7457410097122192,-0.550000011920929,-0.10002197325229645,0.00021701383229810745,-1.5707817077636719
-0.5559870600700378,2.927947521209717,0.000733564083930105,-1.745762825012207,-0.550000011920929,-0.10007257759571075,0.000733564083930105,-1.570747971534729
-0.5560082197189331,2.9279911518096924,0.0004862314381171018,-1.7456817626953125,-0.550000011920929,-0.1000484898686409,0.0004862314381171018,-1.5707639455795288
-0.5560330748558044,2.927921772003174,0.0007300112047232687,-1.7458473443984985,-0.550000011920929,-0.10007369518280029,0.0007300112047232687,-1.5707471370697021
-0.5560072660446167,2.9279444217681885,0.00034297024831175804,-1.7457952499389648,-0.550000011920929,-0.10003434121608734,0.00034297024831175804,-1.5707734823226929
-0.5560124516487122,2.9279050827026367,0.0003985558287240565,-1.7458927631378174,-0.550000011920929,-0.10003967583179474,0.0003985558287240565,-1.5707699060440063
-0.5560474395751953,2.927935838699341,0.0004628703754860908,-1.7458440065383911,-0.550000011920929,-0.10004658252000809,0.0004628703754860908,-1.5707652568817139
-0.5560606122016907,2.927933931350708,0.00013483932707458735,-1.7458032369613647,-0.550000011920929,-0.10001330822706223,0.00013483932707458735,-1.5707874298095703
-0.5560453534126282,2.927924871444702,0.0001753657270455733,-1.745850920677185,-0.550000011920929,-0.10001774877309799,0.0001753657270455733,-1.5707844495773315
-0.5559895634651184,2.92795467376709,0.0006397964898496866,-1.7458267211914062,-0.550000011920929,-0.1000632494688034,0.0006397964898496866,-1.5707541704177856
-0.5559808611869812,2.9279370307922363,0.0001957262575160712,-1.7458860874176025,-0.550000011920929,-0.100019671022892,0.0001957262575160712,-1.570783257484436
-0.555989146232605,2.9279356002807617,8.452523616142571e-05,-1.7458627223968506,-0.550000011920929,-0.10000840574502945,8.452523616142571e-05,-1.5707907676696777
-0.5559620261192322,2.927934408187866,0.00027006666641682386,-1.7459173202514648,-0.550000011920929,-0.10002714395523071,0.00027006666641682386,-1.570778250694275
-0.5559957027435303,2.9279396533966064,0.00034223601687699556,-1.7459975481033325,-0.550000011920929,-0.10003408044576645,0.00034223601687699556,-1.5707736015319824
-0.5559982657432556,2.927943468093872,4.569332304527052e-05,-1.7459063529968262,-0.550000011920929,-0.10000459849834442,4.569332304527052e-05,-1.5707932710647583
-0.5560418963432312,2.927948474884033,0.0004399123426992446,-1.7458865642547607,-0.550000011920929,-0.10004391521215439,0.0004399123426992446,-1.5707670450210571
-0.5560325384140015,2.9279487133026123,9.328503074357286e-05,-1.745798110961914,-0.550000011920929,-0.10000935941934586,9.328503074357286e-05,-1.5707900524139404
-0.5560066103935242,2.927983283996582,0.0004366533539723605,-1.745765209197998,-0.550000011920929,-0.10004321485757828,0.0004366533539723605,-1.5707675218582153
-0.5559929609298706,2.927992582321167,0.00016428399248979986,-1.7457786798477173,-0.550000011920929,-0.1000165119767189,0.00016428399248979986,-1.5707852840423584
-0.5559551119804382,2.928013324737549,0.00043504146742634475,-1.745524287223816,-0.550000011920929,-0.1000431627035141,0.00043504146742634475,-1.5707675218582153
-0.5559609532356262,2.927989959716797,0.00024041089636739343,-1.7456392049789429,-0.550000011920929,-0.10002408176660538,0.00024041089636739343,-1.5707802772521973
-0.555903971195221,2.9279661178588867,0.0006161844357848167,-1.7450451850891113,-0.550000011920929,-0.10006176680326462,0.0006161844357848167,-1.570755124092102
-0.5560160875320435,2.9279966354370117,0.001167487003840506,-1.7455826997756958,-0.550000011920929,-0.10011619329452515,0.001167487003840506,-1.5707188844680786
-0.5560359954833984,2.927988052368164,0.00021523097530007362,-1.7458621263504028,-0.550000011920929,-0.10002168267965317,0.00021523097530007362,-1.5707818269729614
-0.5560255646705627,2.9279839992523193,0.00011166493641212583,-1.745780348777771,-0.550000011920929,-0.1000111922621727,0.00011166493641212583,-1.570788860321045
-0.5559919476509094,2.9279725551605225,0.0003560625482350588,-1.7456315755844116,-0.550000011920929,-0.10003551095724106,0.0003560625482350588,-1.570772647857666
-0.5560638904571533,2.927943706512451,0.0007815147400833666,-1.7459505796432495,-0.550000011920929,-0.10007750988006592,0.0007815147400833666,-1.5707446336746216
-0.5560792684555054,2.92795991897583,0.00022318398987408727,-1.7458661794662476,-0.550000011920929,-0.1000223457813263,0.00022318398987408727,-1.5707814693450928
-0.555992841720581,2.9279367923736572,0.0008941016858443618,-1.7460074424743652,-0.550000011920929,-0.10008946806192398,0.0008941016858443618,-1.5707366466522217
-0.5560277700424194,2.927943229675293,0.00035286840284243226,-1.7459486722946167,-0.550000011920929,-0.10003551840782166,0.00035286840284243226,-1.570772647857666
-0.556040346622467,2.927950382232666,0.00014621447189711034,-1.7459282875061035,-0.550000011920929,-0.10001447051763535,0.00014621447189711034,-1.570786714553833
-0.5560575723648071,2.9279208183288574,0.00034108839463442564,-1.746076226234436,-0.550000011920929,-0.1000342145562172,0.00034108839463442564,-1.5707734823226929
-0.5560125708580017,2.9279708862304688,0.0006742352270521224,-1.7457371950149536,-0.550000011920929,-0.10006731748580933,0.0006742352270521224,-1.570751428604126
-0.5560452938079834,2.9279603958129883,0.00033871823688969016,-1.7461047172546387,-0.550000011920929,-0.10003436356782913,0.00033871823688969016,-1.5707733631134033
-0.5560001134872437,2.9279513359069824,0.00046287596342153847,-1.745927095413208,-0.550000011920929,-0.1000460833311081,0.00046287596342153847,-1.5707656145095825
-0.5559670329093933,2.9278905391693115,0.0006891479133628309,-1.7453449964523315,-0.550000011920929,-0.10006921738386154,0.0006891479133628309,-1.5707502365112305
-0.5559626817703247,2.9279701709747314,0.0007993113831616938,-1.7457064390182495,-0.550000011920929,-0.10007975250482559,0.0007993113831616938,-1.570743203163147
-0.5559911727905273,2.9279720783233643,0.0002871474716812372,-1.745585560798645,-0.550000011920929,-0.10002855211496353,0.0002871474716812372,-1.5707772970199585
-0.555967390537262,2.927976131439209,0.00024071235384326428,-1.7456309795379639,-0.550000011920929,-0.10002412647008896,0.00024071235384326428,-1.5707802772521973
-0.5559787154197693,2.927971601486206,0.0001215630181832239,-1.7457480430603027,-0.550000011920929,-0.10001219809055328,0.0001215630181832239,-1.5707881450653076
-0.5559768676757812,2.927967071533203,4.965242260368541e-05,-1.745660662651062,-0.550000011920929,-0.1000048890709877,4.965242260368541e-05,-1.5707930326461792
-0.5559971332550049,2.927980422973633,0.00024293897149618715,-1.7456361055374146,-0.550000011920929,-0.1000242680311203,0.00024293897149618715,-1.5707801580429077
-0.5559870004653931,2.928016185760498,0.0003711669996846467,-1.7457762956619263,-0.550000011920929,-0.10003717243671417,0.0003711669996846467,-1.57077157497406
-0.5560017824172974,2.928004503250122,0.00018829044711310416,-1.745741367340088,-0.550000011920929,-0.10001884400844574,0.00018829044711310416,-1.5707837343215942
-0.5559802055358887,2.928004503250122,0.00021587916126009077,-1.7456233501434326,-0.550000011920929,-0.10002157837152481,0.00021587916126009077,-1.570781946182251
-0.5559799671173096,2.9279584884643555,0.000462056981632486,-1.7455923557281494,-0.550000011920929,-0.10004601627588272,0.000462056981632486,-1.5707656145095825
-0.5560158491134644,2.9280271530151367,0.0007678357069380581,-1.7456046342849731,-0.550000011920929,-0.10007747262716293,0.0007678357069380581,-1.5707446336746216
-0.5559974312782288,2.9280011653900146,0.0003175775345880538,-1.745660424232483,-0.550000011920929,-0.10003185272216797,0.0003175775345880538,-1.5707751512527466
-0.5560124516487122,2.9280011653900146,0.00015138444723561406,-1.7458072900772095,-0.550000011920929,-0.10001502186059952,0.00015138444723561406,-1.5707863569259644
-0.5560368299484253,2.927961826324463,0.00046146419481374323,-1.7459009885787964,-0.550000011920929,-0.10004627704620361,0.00046146419481374323,-1.570765495300293
-0.5560339689254761,2.92795729637146,5.340441930457018e-05,-1.7458382844924927,-0.550000011920929,-0.10000535845756531,5.340441930457018e-05,-1.5707927942276
-0.5560163855552673,2.9279050827026367,0.0005547662149183452,-1.745986819267273,-0.550000011920929,-0.10005509853363037,0.0005547662149183452,-1.570759654045105
-0.5560756921768188,2.9279892444610596,0.0010175899369642138,-1.7458972930908203,-0.550000011920929,-0.10010296106338501,0.0010175899369642138,-1.5707277059555054
-0.5560591816902161,2.927964448928833,0.000301791587844491,-1.7459005117416382,-0.550000011920929,-0.10002978891134262,0.000301791587844491,-1.5707764625549316
-0.5560319423675537,2.92793869972229,0.00037222131504677236,-1.7457215785980225,-0.550000011920929,-0.10003748536109924,0.00037222131504677236,-1.570771336555481
-0.5559872984886169,2.9279417991638184,0.00045059059630148113,-1.7456457614898682,-0.550000011920929,-0.10004474967718124,0.00045059059630148113,-1.5707664489746094
-0.556013286113739,2.927968978881836,0.0003763947170227766,-1.7457636594772339,-0.550000011920929,-0.1000376045703888,0.0003763947170227766,-1.5707712173461914
-0.5559687614440918,2.9279329776763916,0.0005659452872350812,-1.7458528280258179,-0.550000011920929,-0.10005725920200348,0.0005659452872350812,-1.5707581043243408
-0.556005597114563,2.927969455718994,0.0005244864732958376,-1.7458163499832153,-0.550000011920929,-0.10005184262990952,0.0005244864732958376,-1.570761799812317
-0.5559840202331543,2.927978515625,0.00023202715965453535,-1.7455309629440308,-0.550000011920929,-0.10002340376377106,0.00023202715965453535,-1.5707807540893555
-0.5559780597686768,2.927978992462158,5.956874883850105e-05,-1.745644211769104,-0.550000011920929,-0.10000597685575485,5.956874883850105e-05,-1.570792317390442
-0.5559532046318054,2.9279706478118896,0.0002654909039847553,-1.7457433938980103,-0.550000011920929,-0.1000262200832367,0.0002654909039847553,-1.5707788467407227
-0.5559589862823486,2.927966594696045,6.999782635830343e-05,-1.7455049753189087,-0.550000011920929,-0.1000070571899414,6.999782635830343e-05,-1.5707916021347046
-0.555980920791626,2.9280033111572266,0.00042799743823707104,-1.7456481456756592,-0.550000011920929,-0.10004276782274246,0.00042799743823707104,-1.5707677602767944
-0.5559781789779663,2.9279890060424805,0.000146476537338458,-1.7455111742019653,-0.550000011920929,-0.1000145673751831,0.000146476537338458,-1.5707865953445435
-0.5559848546981812,2.927992105484009,7.410241960315034e-05,-1.7456164360046387,-0.550000011920929,-0.10000736266374588,7.410241960315034e-05,-1.5707913637161255
-0.5559670925140381,2.9279708862304688,0.0002767198602668941,-1.745666265487671,-0.550000011920929,-0.1000276729464531,0.0002767198602668941,-1.5707778930664062
-0.5560001730918884,2.9280238151550293,0.0006237651105038822,-1.7456676959991455,-0.550000011920929,-0.10006241500377655,0.0006237651105038822,-1.5707547664642334
-0.5559650659561157,2.9280033111572266,0.00040463177720084786,-1.745619297027588,-0.550000011920929,-0.10004065930843353,0.00040463177720084786,-1.570769190788269
-0.5560140013694763,2.9279916286468506,0.0004990986781194806,-1.7457541227340698,-0.550000011920929,-0.10005030781030655,0.0004990986781194806,-1.5707627534866333
-0.5560250878334045,2.927997589111328,0.00012679108476731926,-1.745717167854309,-0.550000011920929,-0.10001258552074432,0.00012679108476731926,-1.5707879066467285
-0.5559877753257751,2.927992105484009,0.00037617734051309526,-1.7456037998199463,-0.550000011920929,-0.10003771632909775,0.00037617734051309526,-1.5707712173461914
-0.5560207962989807,2.927947759628296,0.0005579058779403567,-1.7456847429275513,-0.550000011920929,-0.10005529224872589,0.0005579058779403567,-1.5707594156265259
-0.55604088306427,2.9279654026031494,0.00026643474120646715,-1.7458860874176025,-0.550000011920929,-0.10002673417329788,0.00026643474120646715,-1.570778489112854
-0.556050717830658,2.9279401302337646,0.0002730947162490338,-1.7460517883300781,-0.550000011920929,-0.10002712160348892,0.0002730947162490338,-1.570778250694275
-0.5560768246650696,2.9279258251190186,0.0002952583599835634,-1.7459903955459595,-0.550000011920929,-0.10002976655960083,0.0002952583599835634,-1.5707764625549316
-0.556056022644043,2.927964448928833,0.00044036254985257983,-1.7457376718521118,-0.550000011920929,-0.1000438705086708,0.00044036254985257983,-1.5707670450210571
-0.5559793710708618,2.927943468093872,0.0007964380201883614,-1.745837688446045,-0.550000011920929,-0.10007946938276291,0.0007964380201883614,-1.5707433223724365
-0.5559921264648438,2.927962064743042,0.00022607941355090588,-1.7457754611968994,-0.550000011920929,-0.10002255439758301,0.00022607941355090588,-1.5707813501358032
-0.5560059547424316,2.9279587268829346,0.00014230250963009894,-1.7460898160934448,-0.550000011920929,-0.10001422464847565,0.00014230250963009894,-1.5707868337631226
-0.5560110211372375,2.927981376647949,0.00023155735107138753,-1.7458109855651855,-0.550000011920929,-0.10002321004867554,0.00023155735107138753,-1.570780873298645
-0.5559870004653931,2.927985668182373,0.00024446274619549513,-1.7457444667816162,-0.550000011920929,-0.10002440214157104,0.00024446274619549513,-1.5707800388336182
-0.5559954047203064,2.9279422760009766,0.00044252624502405524,-1.7457789182662964,-0.550000011920929,-0.10004419833421707,0.00044252624502405524,-1.570766806602478
-0.5559896230697632,2.927983283996582,0.0004113556060474366,-1.7457081079483032,-0.550000011920929,-0.10004141181707382,0.0004113556060474366,-1.5707687139511108
-0.5560025572776794,2.927999973297119,0.00021145881328266114,-1.7456302642822266,-0.550000011920929,-0.1000211164355278,0.00021145881328266114,-1.5707823038101196
-0.5560185313224792,2.927973747253418,0.000307540554786101,-1.7458678483963013,-0.550000011920929,-0.10003070533275604,0.000307540554786101,-1.5707758665084839
-0.5559671521186829,2.927971124649048,0.0005109856720082462,-1.7456728219985962,-0.550000011920929,-0.10005144774913788,0.0005109856720082462,-1.570762038230896
-0.5560203194618225,2.927966594696045,0.0005390715668909252,-1.7460737228393555,-0.550000011920929,-0.10005336254835129,0.0005390715668909252,-1.570760726928711
-0.5560386776924133,2.9279582500457764,0.000198652152903378,-1.7458312511444092,-0.550000011920929,-0.1000201627612114,0.000198652152903378,-1.5707828998565674
-0.5560023188591003,2.927994966506958,0.00051623594481498,-1.745861530303955,-0.550000011920929,-0.10005167126655579,0.00051623594481498,-1.5707619190216064
-0.5559848546981812,2.92799973487854,0.00018353972700424492,-1.745701789855957,-0.550000011920929,-0.10001810640096664,0.00018353972700424492,-1.5707842111587524
-0.5559825301170349,2.927971839904785,0.00026892535970546305,-1.7457689046859741,-0.550000011920929,-0.10002799332141876,0.00026892535970546305,-1.5707776546478271
-0.556009829044342,2.927980661392212,0.0002994223323184997,-1.7458242177963257,-0.550000011920929,-0.10002868622541428,0.0002994223323184997,-1.570777177810669
-0.556005597114563,2.9280080795288086,0.0002780588110908866,-1.7458832263946533,-0.550000011920929,-0.10002774000167847,0.0002780588110908866,-1.5707777738571167
-0.5560133457183838,2.927980422973633,0.0002875974460039288,-1.7457655668258667,-0.550000011920929,-0.10002872347831726,0.0002875974460039288,-1.570777177810669
-0.5559868216514587,2.9279837608337402,0.00026497457292862236,-1.7458053827285767,-0.550000011920929,-0.10002673417329788,0.00026497457292862236,-1.570778489112854
-0.5560073256492615,2.927957057952881,0.00033890228951349854,-1.7455434799194336,-0.550000011920929,-0.10003366321325302,0.00033890228951349854,-1.5707738399505615
-0.5559985637664795,2.9279682636260986,0.00014207183266989887,-1.745623230934143,-0.550000011920929,-0.10001422464847565,0.00014207183266989887,-1.5707868337631226
-0.5560466051101685,2.927966594696045,0.0004785075434483588,-1.7457677125930786,-0.550000011920929,-0.10004807263612747,0.0004785075434483588,-1.5707643032073975
-0.5560299754142761,2.927950143814087,0.00023409166897181422,-1.7459001541137695,-0.550000011920929,-0.10002338886260986,0.00023409166897181422,-1.5707807540893555
-0.5560206174850464,2.9279401302337646,0.00013750660582445562,-1.745589256286621,-0.550000011920929,-0.10001370310783386,0.00013750660582445562,-1.5707871913909912
-0.5560110211372375,2.9279587268829346,0.00021013910009060055,-1.7458382844924927,-0.550000011920929,-0.10002093017101288,0.00021013910009060055,-1.5707824230194092
-0.5560135841369629,2.9279820919036865,0.00023537687957286835,-1.7457751035690308,-0.550000011920929,-0.10002350807189941,0.00023537687957286835,-1.570780634880066
-0.5560100078582764,2.927960157394409,0.0002229038072982803,-1.7459027767181396,-0.550000011920929,-0.10002222657203674,0.0002229038072982803,-1.5707814693450928
-0.5559950470924377,2.92795729637146,0.00015184498624876142,-1.745766043663025,-0.550000011920929,-0.10001523047685623,0.00015184498624876142,-1.5707861185073853
-0.5560098886489868,2.927947521209717,0.00017639862198848277,-1.745894193649292,-0.550000011920929,-0.10001777112483978,0.00017639862198848277,-1.5707844495773315
-0.55916428565979,2.9167308807373047,0.11689635366201401,-1.7493295669555664,-0.5499547719955444,-0.11165162920951843,0.11689635366201401,-1.5630284547805786
-0.5679882764816284,2.8776211738586426,0.40304428339004517,-1.7506468296051025,-0.549464225769043,-0.1400880217552185,0.40304428339004517,-1.5440677404403687
-0.5808068513870239,2.8276939392089844,0.5126144289970398,-1.7540122270584106,-0.547986626625061,-0.17769168317317963,0.5126144289970398,-1.5189787149429321
-0.5967439413070679,2.7649447917938232,0.6424546837806702,-1.756728172302246,-0.5472452640533447,-0.1908656507730484,0.6424546837806702,-1.5101821422576904
-0.6140589118003845,2.6911134719848633,0.7701114416122437,-1.7597150802612305,-0.5465323328971863,-0.201935812830925,0.7701114416122437,-1.5027867555618286
-0.6338362693786621,2.605041027069092,0.8841878175735474,-1.753985047340393,-0.5434083342552185,-0.24046915769577026,0.8841878175735474,-1.4770127534866333
-0.6547622084617615,2.5111615657806396,0.9470322132110596,-1.7581197023391724,-0.5426509976387024,-0.24830061197280884,0.9470322132110596,-1.4717674255371094
-0.67813640832901,2.407249927520752,1.081476092338562,-1.7569868564605713,-0.5386002063751221,-0.28457891941070557,1.081476092338562,-1.4474310874938965
-0.7034452557563782,2.293456554412842,1.150562047958374,-1.7553316354751587,-0.5337059497833252,-0.320491760969162,1.150562047958374,-1.4232672452926636
-0.7300580739974976,2.1709561347961426,1.269316554069519,-1.7522305250167847,-0.5323893427848816,-0.32917651534080505,1.269316554069519,-1.417411208152771
-0.7554652690887451,2.0413880348205566,1.320077896118164,-1.7408589124679565,-0.5270139575004578,-0.3615909218788147,1.320077896118164,-1.3955061435699463
-0.7841231226921082,1.902321696281433,1.405908226966858,-1.7280535697937012,-0.5202847123146057,-0.3970905840396881,1.405908226966858,-1.3714176416397095
-0.8076106309890747,1.7557599544525146,1.4947364330291748,-1.72234308719635,-0.5075114965438843,-0.4544859230518341,1.4947364330291748,-1.332215428352356
-0.833559513092041,1.6022439002990723,1.5609800815582275,-1.699353814125061,-0.49924683570861816,-0.48688969016075134,1.5609800815582275,-1.3099209070205688
-0.8558617234230042,1.4419728517532349,1.6126374006271362,-1.677651286125183,-0.4905800223350525,-0.5180062055587769,1.6126374006271362,-1.2883864641189575
-0.874422013759613,1.2759417295455933,1.6772810220718384,-1.6558820009231567,-0.4734674394130707,-0.573012113571167,1.6772810220718384,-1.2499799728393555
-0.890369176864624,1.1018621921539307,1.7528337240219116,-1.6234478950500488,-0.45337700843811035,-0.6296536326408386,1.7528337240219116,-1.2099112272262573
-0.9012298583984375,0.9241387844085693,1.7695271968841553,-1.588003396987915,-0.4327825605869293,-0.6813023090362549,1.7695271968841553,-1.1728403568267822
-0.9046683311462402,0.7433680295944214,1.8071142435073853,-1.5465871095657349,-0.41049784421920776,-0.7317005395889282,1.8071142435073853,-1.136101484298706
-0.901827871799469,0.5567837357521057,1.8604011535644531,-1.502996563911438,-0.3728470802307129,-0.8071602582931519,1.8604011535644531,-1.0798732042312622
-0.8881872296333313,0.36570820212364197,1.916899561882019,-1.4555491209030151,-0.3314553201198578,-0.8796616196632385,1.916899561882019,-1.0242093801498413
-0.8634284138679504,0.1723945289850235,1.950175166130066,-1.4060972929000854,-0.28701385855674744,-0.9484083652496338,1.950175166130066,-0.9696289300918579
-0.8283489346504211,-0.02309001237154007,1.9834340810775757,-1.3485361337661743,-0.23865436017513275,-1.0149321556091309,1.9834340810775757,-0.9147928357124329
-0.7798116207122803,-0.21868230402469635,2.0124902725219727,-1.2975965738296509,-0.16999772191047668,-1.0978001356124878,2.0124902725219727,-0.843034565448761
-0.7216185927391052,-0.41579771041870117,2.086491823196411,-1.2387713193893433,-0.07585626095533371,-1.1943577527999878,2.086491823196411,-0.7531006336212158
-0.6509177088737488,-0.6124950051307678,2.0618693828582764,-1.1773759126663208,0.04694070667028427,-1.2976994514465332,2.0618693828582764,-0.6460529565811157
-0.5684862732887268,-0.8091222047805786,2.163285732269287,-1.1068096160888672,0.20326504111289978,-1.4009177684783936,2.163285732269287,-0.5210871696472168
-0.46723470091819763,-0.9976822733879089,2.1141042709350586,-1.0293469429016113,0.36812716722488403,-1.482542634010315,2.1141042709350586,-0.39836859703063965
-0.351766437292099,-1.1812306642532349,2.1930856704711914,-0.943932056427002,0.5689319372177124,-1.550788402557373,2.1930856704711914,-0.2568605840206146
-0.21736164391040802,-1.3558772802352905,2.2067041397094727,-0.8604548573493958,0.8040891289710999,-1.5928864479064941,2.2067041397094727,-0.09742799401283264
-0.06728310137987137,-1.5177571773529053,2.187246561050415,-0.7630059123039246,1.0397922992706299,-1.5973100662231445,2.187246561050415,0.059897344559431076
0.10315053164958954,-1.6642193794250488,2.269871473312378,-0.6479613184928894,1.2767970561981201,-1.5639684200286865,2.269871473312378,0.21962608397006989
0.290455162525177,-1.7906781435012817,2.2304677963256836,-0.5279249548912048,1.5029770135879517,-1.4943516254425049,2.2304677963256836,0.37755775451660156
0.49218013882637024,-1.8908249139785767,2.2678334712982178,-0.39673230051994324,1.6909725666046143,-1.4042084217071533,2.2678334712982178,0.5166633129119873
0.706950306892395,-1.9648089408874512,2.282883644104004,-0.2582091689109802,1.8873882293701172,-1.271026611328125,2.282883644104004,0.6750361323356628
0.9308327436447144,-2.0074939727783203,2.2808403968811035,-0.12325159460306168,2.041761875152588,-1.1286184787750244,2.2808403968811035,0.8151686191558838
1.1566524505615234,-2.017273187637329,2.239349365234375,0.03345148637890816,2.157865047454834,-0.9894167184829712,2.239349365234375,0.9360857605934143
1.3847869634628296,-1.996261477470398,2.2966978549957275,0.17197585105895996,2.258756637573242,-0.8329095244407654,2.2966978549957275,1.0603046417236328
1.3847869634628296,-1.996261477470398,0.0,0.17197585105895996,2.132016181945801,-1.0234922170639038,0.0,0.9075711965560913
1.3847869634628296,-1.996261477470398,0.0,0.17197585105895996,2.132016181945801,-1.0234922170639038,0.0,0.9075711965560913
2.0212395191192627,-1.7449177503585815,6.794868469238281,0.5864329934120178,2.4309639930725098,0.1382128894329071,6.794868469238281,1.7302801609039307
2.208239793777466,-1.6063833236694336,2.334442377090454,0.7177925109863281,2.4497182369232178,-0.1290726363658905,2.334442377090454,1.5514132976531982
2.3673601150512695,-1.4427486658096313,2.3020858764648438,0.8679620623588562,2.4449167251586914,0.02338523603975773,2.3020858764648438,1.6531461477279663
2.504850149154663,-1.256433367729187,2.3210794925689697,1.014243483543396,2.4180614948272705,0.20788903534412384,2.3210794925689697,1.7775250673294067
2.6151111125946045,-1.0536003112792969,2.276597261428833,1.1475839614868164,2.378046751022339,0.3590015769004822,2.276597261428833,1.8817861080169678
2.699313163757324,-0.83733731508255,2.336379051208496,1.272318959236145,2.3217551708221436,0.5068669319152832,2.336379051208496,1.9873136281967163
2.7563443183898926,-0.6115469932556152,2.324655532836914,1.3913689851760864,2.2504048347473145,0.6476276516914368,2.324655532836914,2.0925698280334473
2.788001775741577,-0.38068386912345886,2.3292105197906494,1.507262110710144,2.1495137214660645,0.800648033618927,2.3292105197906494,2.2148375511169434
2.7918994426727295,-0.1462170034646988,2.351577043533325,1.6285924911499023,2.0477941036224365,0.9221780300140381,2.351577043533325,2.3205411434173584
2.755387783050537,0.05983520671725273,2.0792922973632812,1.8419089317321777,1.9731272459030151,0.9969095587730408,2.0792922973632812,2.3909828662872314
2.720404863357544,0.3188048005104065,2.6200287342071533,1.8466618061065674,1.7452839612960815,1.1718189716339111,2.6200287342071533,2.5827689170837402
2.648440361022949,0.5450628995895386,2.3793160915374756,1.9407811164855957,1.6059315204620361,1.248982548713684,2.3793160915374756,2.689012050628662
2.5568199157714844,0.7658575177192688,2.414076089859009,2.0387868881225586,1.4102623462677002,1.3276408910751343,2.414076089859009,2.8297200202941895
2.439425230026245,0.9727492332458496,2.371641159057617,2.154409885406494,1.208248257637024,1.3776021003723145,2.371641159057617,2.968564987182617
2.29990816116333,1.166657567024231,2.379202365875244,2.2761473655700684,0.9990867972373962,1.3991966247558594,2.379202365875244,3.1088624000549316
2.137205123901367,1.340287208557129,2.380248546600342,2.3995018005371094,0.7908911108970642,1.3915375471115112,2.380248546600342,3.2478652000427246
1.9522560834884644,1.4900151491165161,2.360142230987549,2.5285303592681885,0.5848473310470581,1.3548758029937744,2.360142230987549,3.387498617172241
1.7481164932250977,1.6182767152786255,2.421818733215332,2.6536619663238525,0.38302239775657654,1.28871750831604,2.421818733215332,3.5292115211486816
1.5307236909866333,1.7187143564224243,2.402776002883911,2.781308650970459,0.19666515290737152,1.197106957435608,2.402776002883911,3.6677606105804443
1.3008567094802856,1.7914879322052002,2.4029204845428467,2.9168779850006104,0.04289726912975311,1.0946400165557861,2.4029204845428467,3.7910258769989014
1.062474250793457,1.8319101333618164,2.4244742393493652,3.050489902496338,-0.11501114070415497,0.9562912583351135,2.4244742393493652,3.9311013221740723
0.820614218711853,1.840701699256897,2.4414873123168945,-3.0969603061676025,-0.23594579100608826,0.818440318107605,2.4414873123168945,-2.2297544479370117
0.5785910487174988,1.8157879114151,2.4327971935272217,-2.959670305252075,-0.3528623878955841,0.643336832523346,2.4327971935272217,-2.089273452758789
0.3433350622653961,1.7596114873886108,2.3989145755767822,-2.822695255279541,-0.4331876337528229,0.48033782839775085,2.3989145755767822,-1.9680548906326294
0.11926494538784027,1.670910120010376,2.442094564437866,-2.68334698677063,-0.4933631420135498,0.30829253792762756,2.442094564437866,-1.846469759941101
-0.09196092188358307,1.553749918937683,2.4125304222106934,-2.5466976165771484,-0.5324475765228271,0.12879954278469086,2.4125304222106934,-1.7239271402359009
-0.28263503313064575,1.4089547395706177,2.3713958263397217,-2.407675266265869,-0.5492140650749207,-0.05144983157515526,2.3713958263397217,-1.6031687259674072
-0.4523990750312805,1.2400301694869995,2.4024434089660645,-2.27146577835083,-0.5439497828483582,-0.23458874225616455,2.4024434089660645,-1.4809496402740479
-0.5987967848777771,1.0488835573196411,2.42942214012146,-2.136143684387207,-0.5214496850967407,-0.3912659287452698,2.42942214012146,-1.3753776550292969
-0.7158998250961304,0.8421316742897034,2.3607285022735596,-2.001168966293335,-0.47596779465675354,-0.5654200911521912,2.3607285022735596,-1.255308747291565
-0.8034778237342834,0.6220929622650146,2.3696658611297607,-1.8695751428604126,-0.4198266565799713,-0.7112077474594116,2.3696658611297607,-1.15111243724823
-0.8622649908065796,0.3909214437007904,2.395087957382202,-1.738869309425354,-0.334249883890152,-0.8750498294830322,2.395087957382202,-1.0278043746948242
-0.890246570110321,0.15336978435516357,2.364978551864624,-1.6170623302459717,-0.24579866230487823,-1.0055747032165527,2.364978551864624,-0.9226414561271667
-0.8894944787025452,-0.08474630117416382,2.412097454071045,-1.4958915710449219,-0.1272730678319931,-1.1437828540802002,2.412097454071045,-0.8011862635612488
-0.8581144213676453,-0.32190653681755066,2.3696646690368652,-1.3748254776000977,0.008825942873954773,-1.2679860591888428,2.3696646690368652,-0.6782732009887695
-0.8010736703872681,-0.5543317198753357,2.4124927520751953,-1.256361722946167,0.15826362371444702,-1.3740304708480835,2.4124927520751953,-0.5560368895530701
-0.7150285243988037,-0.7803274989128113,2.3915088176727295,-1.133074164390564,0.3216993808746338,-1.4620712995529175,2.3915088176727295,-0.43219730257987976
-0.6030581593513489,-0.9925814867019653,2.404149055480957,-1.0110583305358887,0.49062106013298035,-1.5279253721237183,2.404149055480957,-0.31125402450561523
-0.4668259620666504,-1.1917877197265625,2.4394969940185547,-0.889777421951294,0.6951578259468079,-1.5781933069229126,2.4394969940185547,-0.17072290182113647
-0.30558356642723083,-1.3733282089233398,2.401618242263794,-0.7756329774856567,0.8786763548851013,-1.5983033180236816,2.401618242263794,-0.04756705090403557
-0.12606848776340485,-1.5359901189804077,2.4513697624206543,-0.6545360088348389,1.0873366594314575,-1.5936996936798096,2.4513697624206543,0.09168613702058792
0.07417021691799164,-1.6752557754516602,2.4255082607269287,-0.5331334471702576,1.320918321609497,-1.5534164905548096,2.4255082607269287,0.2498709112405777
0.29031383991241455,-1.7896052598953247,2.4601380825042725,-0.4001809060573578,1.5201596021652222,-1.4874141216278076,2.4601380825042725,0.38991138339042664
0.517829954624176,-1.8744035959243774,2.4049408435821533,-0.27627032995224,1.706214427947998,-1.395430326461792,2.4049408435821533,0.5283892154693604
0.7554467916488647,-1.9276552200317383,2.4684321880340576,-0.14118856191635132,1.8796977996826172,-1.2771414518356323,2.4684321880340576,0.6684859991073608
0.9972518682479858,-1.9469114542007446,2.4000048637390137,-0.00316732469946146,2.0338268280029297,-1.1369761228561401,2.4000048637390137,0.8074855804443359
1.2397903203964233,-1.9345835447311401,2.434356689453125,0.13545532524585724,2.167762279510498,-0.9758167266845703,2.434356689453125,0.9472991824150085
1.2397903203964233,-1.9345835447311401,0.0,0.13545532524585724,2.010660171508789,-1.1606601476669312,0.0,0.7853981852531433
1.2397903203964233,-1.9345835447311401,0.0,0.13545532524585724,2.010660171508789,-1.1606601476669312,0.0,0.7853981852531433
1.2397903203964233,-1.9345835447311401,0.0,0.13545532524585724,2.010660171508789,-1.1606601476669312,0.0,0.7853981852531433
2.131843328475952,-1.5665159225463867,9.681300163269043,0.801252007484436,2.332180976867676,0.48273149132728577,9.681300163269043,1.9697860479354858
2.3202109336853027,-1.420872688293457,2.3836560249328613,0.7993147969245911,2.447812080383301,-0.01901336945593357,2.3836560249328613,1.6248136758804321
2.4790894985198975,-1.2372442483901978,2.451988935470581,0.9279063940048218,2.4259440898895264,0.1675609052181244,2.451988935470581,1.7501299381256104
2.609456777572632,-1.0340850353240967,2.4072136878967285,1.079067349433899,2.374790906906128,0.36901047825813293,2.4072136878967285,1.8888028860092163
2.7131614685058594,-0.8144784569740295,2.430680513381958,1.2121895551681519,2.3063852787017822,0.5404835343360901,2.430680513381958,2.0119566917419434
2.78548264503479,-0.5837538838386536,2.41996431350708,1.3459908962249756,2.218789577484131,0.7001081705093384,2.41996431350708,2.133417844772339
2.8259236812591553,-0.34506967663764954,2.4237167835235596,1.4772926568984985,2.1116385459899902,0.8489972352981567,2.4237167835235596,2.2557857036590576
2.836320400238037,-0.10375304520130157,2.4060909748077393,1.6020350456237793,1.987720251083374,0.9831143617630005,2.4060909748077393,2.3775951862335205
2.815624952316284,0.1377398818731308,2.4227895736694336,1.7329797744750977,1.8473156690597534,1.102008581161499,2.4227895736694336,2.500326633453369
2.76676869392395,0.37536323070526123,2.433314800262451,1.8525161743164062,1.6711065769195557,1.2152966260910034,2.433314800262451,2.64009690284729
2.6873724460601807,0.604087769985199,2.4122517108917236,1.975032925605774,1.5058839321136475,1.2931952476501465,2.4122517108917236,2.761949300765991
2.5829832553863525,0.8232541680335999,2.4429616928100586,2.0948901176452637,1.3313297033309937,1.350719690322876,2.4429616928100586,2.884551763534546
2.4506711959838867,1.025361180305481,2.4187967777252197,2.2259914875030518,1.1269011497497559,1.3895320892333984,2.4187967777252197,3.023383378982544
2.295140027999878,1.2116557359695435,2.427741050720215,2.352489471435547,0.9429352879524231,1.3999834060668945,2.427741050720215,3.1463024616241455
2.1176202297210693,1.3760451078414917,2.4109344482421875,2.4750897884368896,0.7349787354469299,1.3845086097717285,2.4109344482421875,3.285435676574707
1.9203686714172363,1.5165263414382935,2.39337420463562,2.5938422679901123,0.5554540753364563,1.3471812009811401,2.39337420463562,3.40775465965271
1.7059119939804077,1.6334987878799438,2.468778610229492,2.7169888019561768,0.35593822598457336,1.2773491144180298,2.468778610229492,3.5487940311431885
1.4791909456253052,1.7220317125320435,2.4407248497009277,2.843512535095215,0.1707894206047058,1.1817296743392944,2.4407248497009277,3.6878275871276855
1.2420024871826172,1.7818435430526733,2.4179141521453857,2.975435733795166,0.01943693310022354,1.0764575004577637,2.4179141521453857,3.8108139038085938
0.9982679486274719,1.8094450235366821,2.4723310470581055,3.1037206649780273,-0.13570661842823029,0.9350078105926514,2.4723310470581055,3.950892686843872
0.7526890635490417,1.8057148456573486,2.4613912105560303,-3.044696807861328,-0.2539374530315399,0.7947260141372681,2.4613912105560303,-2.209909677505493
0.5087234973907471,1.7706092596054077,2.4407413005828857,-2.9107046127319336,-0.3671596646308899,0.6176980137825012,2.4407413005828857,-2.069702625274658
0.2728693187236786,1.7039180994033813,2.458935022354126,-2.7844479084014893,-0.44430011510849,0.4531068205833435,2.458935022354126,-1.9484472274780273
0.04863636940717697,1.6048200130462646,2.4775164127349854,-2.647914171218872,-0.507720947265625,0.25362351536750793,2.4775164127349854,-1.8087855577468872
-0.1597428172826767,1.4786266088485718,2.4160618782043457,-2.5082199573516846,-0.539772093296051,0.07486877590417862,2.4160618782043457,-1.6876412630081177
-0.34820255637168884,1.3250362873077393,2.437356472015381,-2.366633176803589,-0.5499812364578247,-0.10749995708465576,2.437356472015381,-1.5657963752746582
-0.5136827826499939,1.1473901271820068,2.4142987728118896,-2.2357356548309326,-0.5379297137260437,-0.2899085283279419,2.4142987728118896,-1.4438499212265015
-0.6535177826881409,0.9490569233894348,2.4542629718780518,-2.0962183475494385,-0.5037212371826172,-0.4697222411632538,2.4542629718780518,-1.3217482566833496
-0.7639856338500977,0.7363812923431396,2.40069842338562,-1.9597136974334717,-0.44891971349716187,-0.6413165926933289,2.40069842338562,-1.201587438583374
-0.8451443314552307,0.5102708339691162,2.4013638496398926,-1.8286833763122559,-0.37224844098091125,-0.8082789778709412,2.4013638496398926,-1.0790272951126099
-0.894858717918396,0.2740006744861603,2.387791633605957,-1.7014192342758179,-0.27537810802459717,-0.9651291966438293,2.387791633605957,-0.9560481905937195
-0.9142028093338013,0.03452937677502632,2.399609088897705,-1.5747175216674805,-0.17902019619941711,-1.087579607963562,2.399609088897705,-0.8521234393119812
-0.902915894985199,-0.20425812900066376,2.4273149967193604,-1.4408570528030396,-0.05114082992076874,-1.2170125246047974,2.4273149967193604,-0.7307485342025757
-0.8604934215545654,-0.44215741753578186,2.38617205619812,-1.3202284574508667,0.09458395093679428,-1.3321783542633057,2.38617205619812,-0.6068434715270996
-0.7899549007415771,-0.6731265187263489,2.4460721015930176,-1.1943392753601074,0.2509905695915222,-1.427172064781189,2.4460721015930176,-0.48477160930633545
-0.6907036304473877,-0.8935898542404175,2.3990321159362793,-1.0724130868911743,0.4181987941265106,-1.502564549446106,2.3990321159362793,-0.36241579055786133
-0.5653184652328491,-1.1004722118377686,2.4339208602905273,-0.9495051503181458,0.6187083125114441,-1.5629578828811646,2.4339208602905273,-0.22269730269908905
-0.4162784516811371,-1.2926998138427734,2.419189929962158,-0.8330246806144714,0.8007854223251343,-1.5925599336624146,2.419189929962158,-0.09964119642972946
-0.24376963078975677,-1.4639345407485962,2.45176100730896,-0.7112171649932861,1.0097897052764893,-1.59880793094635,2.45176100730896,0.039870329201221466
-0.05348297208547592,-1.6136677265167236,2.424739122390747,-0.5850173234939575,1.2168856859207153,-1.5760663747787476,2.424739122390747,0.17887619137763977
0.15676259994506836,-1.7413021326065063,2.453413963317871,-0.4635094106197357,1.4233438968658447,-1.5233571529388428,2.453413963317871,0.3210494816303253
0.38015344738960266,-1.84031081199646,2.4507384300231934,-0.3360011875629425,1.6153911352157593,-1.4443416595458984,2.4507384300231934,0.45960497856140137
0.6137158274650574,-1.907820463180542,2.432157278060913,-0.20492486655712128,1.7949998378753662,-1.3393447399139404,2.432157278060913,0.5984145402908325
0.8548436760902405,-1.9440419673919678,2.4219582080841064,-0.07191044092178345,1.9597848653793335,-1.2092044353485107,2.4219582080841064,0.7385141253471375
1.097923755645752,-1.947664737701416,2.409461736679077,0.06535659730434418,2.103865385055542,-1.0584335327148438,2.409461736679077,0.8776564002037048
1.340969204902649,-1.920703411102295,2.4494826793670654,0.2570438086986542,2.2128400802612305,-0.9094658493995667,2.4494826793670654,1.0007822513580322
1.340969204902649,-1.920703411102295,0.0,0.2570438086986542,2.0647172927856445,-1.1036958694458008,0.0,0.8377580642700195
1.340969204902649,-1.920703411102295,0.0,0.2570438086986542,2.0647172927856445,-1.1036958694458008,0.0,0.8377580642700195
2.0162882804870605,-1.653268575668335,7.305381774902344,0.5791942477226257,2.428359270095825,0.15387822687625885,7.305381774902344,1.7408671379089355
2.2169604301452637,-1.5100008249282837,2.46165132522583,0.6973243355751038,2.449922561645508,-0.11523278802633286,2.46165132522583,1.5606409311294556
2.395273447036743,-1.3439098596572876,2.4779162406921387,0.8369078636169434,2.440918445587158,0.06481045484542847,2.4779162406921387,1.6808922290802002
2.5471420288085938,-1.1540366411209106,2.4327125549316406,0.9732431173324585,2.403606414794922,0.2701731026172638,2.4327125549316406,1.8201545476913452
2.671725034713745,-0.9448102712631226,2.421621799468994,1.11576247215271,2.3475239276885986,0.444909930229187,2.421621799468994,1.9425750970840454
2.767430067062378,-0.7209720015525818,2.423590898513794,1.2461601495742798,2.25812029838562,0.6340445280075073,2.423590898513794,2.082155466079712
2.8291423320770264,-0.4868091940879822,2.40986967086792,1.3854475021362305,2.15967059135437,0.7869594693183899,2.40986967086792,2.2034740447998047
2.8598194122314453,-0.24516618251800537,2.4383327960968018,1.5153815746307373,2.0415842533111572,0.9288069009780884,2.4383327960968018,2.32659649848938
2.8616533279418945,-0.004402774851769209,2.422846555709839,1.649269461631775,1.9102299213409424,1.0523707866668701,2.422846555709839,2.446894884109497
2.830402135848999,0.23641063272953033,2.4232165813446045,1.7792850732803345,1.760899543762207,1.1619199514389038,2.4232165813446045,2.5704429149627686
2.7673940658569336,0.47054973244667053,2.421492338180542,1.9057738780975342,1.601393699645996,1.251179575920105,2.421492338180542,2.692373275756836
2.6868410110473633,0.6761863827705383,2.2325351238250732,2.022672653198242,1.4522920846939087,1.3134011030197144,2.2325351238250732,2.8001346588134766
2.5611860752105713,0.9079110622406006,2.607539415359497,2.1568310260772705,1.20869779586792,1.377523422241211,2.607539415359497,2.9682607650756836
2.418705701828003,1.1039817333221436,2.43631911277771,2.278902053833008,1.047897219657898,1.3968019485473633,2.43631911277771,3.0762815475463867
2.2531652450561523,1.280705451965332,2.4270219802856445,2.4029202461242676,0.8649787306785583,1.3975884914398193,2.4270219802856445,3.1983039379119873
2.066352605819702,1.4327596426010132,2.3945207595825195,2.5304982662200928,0.6586319804191589,1.371429443359375,2.3945207595825195,3.337080717086792
1.860791802406311,1.562047004699707,2.434323310852051,2.6545157432556152,0.4796143174171448,1.3243374824523926,2.434323310852051,3.460564613342285
1.6403474807739258,1.6650692224502563,2.4551727771759033,2.7745614051818848,0.30909326672554016,1.2561852931976318,2.4551727771759033,3.5830650329589844
1.409072995185852,1.7414650917053223,2.4155819416046143,2.903230667114258,0.12638871371746063,1.1536604166030884,2.4155819416046143,3.722848653793335
1.1689815521240234,1.787684440612793,2.455631971359253,3.0271494388580322,-0.020967185497283936,1.043338418006897,2.455631971359253,3.845644474029541
0.9237216114997864,1.8042069673538208,2.443277359008789,-3.1308534145355225,-0.17151415348052979,0.8960953950881958,2.443277359008789,-2.297037124633789
0.6781644821166992,1.7889000177383423,2.4619128704071045,-2.9978890419006348,-0.284671813249588,0.7518131136894226,2.4619128704071045,-2.1747186183929443
0.43551522493362427,1.7431129217147827,2.4920907020568848,-2.868942975997925,-0.39160725474357605,0.5708874464035034,2.4920907020568848,-2.034493923187256
0.20393605530261993,1.6644682884216309,2.425290107727051,-2.7367594242095947,-0.46257469058036804,0.4046114981174469,2.425290107727051,-1.9138959646224976
-0.015293318778276443,1.555931806564331,2.477750778198242,-2.595451593399048,-0.5190674066543579,0.20305262506008148,2.477750778198242,-1.7742317914962769
-0.21561561524868011,1.4180707931518555,2.42748761177063,-2.456245183944702,-0.5449317097663879,0.023203955963253975,2.42748761177063,-1.6530249118804932
-0.39691948890686035,1.256351351737976,2.4039371013641357,-2.319671392440796,-0.5488125681877136,-0.1596737951040268,2.4039371013641357,-1.5310033559799194
-0.5541535019874573,1.0708284378051758,2.427114963531494,-2.183286190032959,-0.5303294062614441,-0.3421258330345154,2.427114963531494,-1.4086698293685913
-0.6841045022010803,0.8660627603530884,2.427830457687378,-2.052556276321411,-0.48997506499290466,-0.5200854539871216,2.427830457687378,-1.2869428396224976
-0.7846928238868713,0.648669958114624,2.422318458557129,-1.9169374704360962,-0.42922213673591614,-0.689700186252594,2.422318458557129,-1.1667593717575073
-0.8566282391548157,0.4185734689235687,2.3849377632141113,-1.7872892618179321,-0.3462997078895569,-0.8547231554985046,2.3849377632141113,-1.04355788230896
-0.8962266445159912,0.18034659326076508,2.4472880363464355,-1.6615768671035767,-0.2444077879190445,-1.0074083805084229,2.4472880363464355,-0.9211071133613586
-0.90610671043396,-0.06042023003101349,2.3943917751312256,-1.5343751907348633,-0.12528641521930695,-1.145829439163208,2.3943917751312256,-0.7992847561836243
-0.8858703374862671,-0.3001318573951721,2.391510248184204,-1.4080644845962524,0.009867395274341106,-1.2688244581222534,2.391510248184204,-0.6773818731307983
-0.8337233662605286,-0.5353825688362122,2.414684295654297,-1.2807804346084595,0.15965603291988373,-1.374894618988037,2.414684295654297,-0.5549443364143372
-0.7548900246620178,-0.7654909491539001,2.4426403045654297,-1.1555315256118774,0.3229852020740509,-1.4626637697219849,2.4426403045654297,-0.43125349283218384
-0.645513653755188,-0.9805877804756165,2.400411605834961,-1.0283715724945068,0.49188852310180664,-1.5283325910568237,2.400411605834961,-0.31036651134490967
-0.5124791264533997,-1.1831039190292358,2.436140298843384,-0.9075823426246643,0.6961127519607544,-1.5783575773239136,2.436140298843384,-0.1700769066810608
-0.3527998924255371,-1.3671833276748657,2.4549503326416016,-0.7859103083610535,0.9057127237319946,-1.5993460416793823,2.4549503326416016,-0.029529130086302757
-0.17327822744846344,-1.5294218063354492,2.399590015411377,-0.6585168242454529,1.0870585441589355,-1.5937252044677734,2.399590015411377,0.09149998426437378
0.02652476541697979,-1.671042561531067,2.4340927600860596,-0.5353660583496094,1.2964661121368408,-1.559438705444336,2.4340927600860596,0.2330821007490158
0.24258576333522797,-1.7869945764541626,2.4602231979370117,-0.4081285297870636,1.4964931011199951,-1.4969056844711304,2.4602231979370117,0.37291187047958374
0.47025856375694275,-1.8728106021881104,2.4501678943634033,-0.2807884216308594,1.6839302778244019,-1.408184289932251,2.4501678943634033,0.5112718939781189
0.7069394588470459,-1.9275180101394653,2.427027702331543,-0.15058337152004242,1.8585432767868042,-1.2935447692871094,2.427027702331543,0.6506397128105164
0.9491280913352966,-1.9506365060806274,2.446054458618164,-0.01549028791487217,2.0160698890686035,-1.155222773551941,2.446054458618164,0.7905115485191345
1.192229151725769,-1.9411213397979736,2.436574935913086,0.12031547725200653,2.1525521278381348,-0.9965870380401611,2.436574935913086,0.9301363229751587
1.4309622049331665,-1.8984968662261963,2.4234797954559326,0.25863948464393616,2.2524688243865967,-0.8440260887145996,2.4234797954559326,1.0517901182174683
1.4309622049331665,-1.8984968662261963,0.0,0.25863948464393616,2.1157188415527344,-1.043980598449707,0.0,0.8901179432868958
1.4309622049331665,-1.8984968662261963,0.0,0.25863948464393616,2.1157188415527344,-1.043980598449707,0.0,0.8901179432868958
2.09517240524292,-1.5994311571121216,7.324472427368164,0.637042224407196,2.412584066390991,0.23293831944465637,7.324472427368164,1.7946193218231201
2.2862043380737305,-1.4458036422729492,2.447675943374634,0.7684711813926697,2.448723793029785,-0.0381350964307785,2.447675943374634,1.612051248550415
2.451859712600708,-1.2677061557769775,2.4153404235839844,0.9041759967803955,2.4303231239318848,0.1421646624803543,2.4153404235839844,1.732949137687683
2.5884652137756348,-1.06723153591156,2.4441378116607666,1.0529932975769043,2.3899550437927246,0.32015448808670044,2.4441378116607666,1.8546977043151855
2.6763415336608887,-0.8491159081459045,2.3732659816741943,1.3068021535873413,2.330939769744873,0.48566678166389465,2.3732659816741943,1.9719107151031494
2.77069354057312,-0.6204479336738586,2.468999147415161,1.3233654499053955,2.2296602725982666,0.6826044917106628,2.468999147415161,2.1196813583374023
2.818044900894165,-0.38401371240615845,2.4192309379577637,1.4490402936935425,2.1286160945892334,0.8278276920318604,2.4192309379577637,2.237694501876831
2.8368782997131348,-0.14193405210971832,2.403757095336914,1.5661532878875732,2.0055627822875977,0.9657332897186279,2.403757095336914,2.3609888553619385
2.823913097381592,0.10068410634994507,2.4196252822875977,1.6896342039108276,1.867693305015564,1.0865238904953003,2.4196252822875977,2.483264207839966
2.7860286235809326,0.3386971056461334,2.411801815032959,1.8179900646209717,1.6953275203704834,1.2017245292663574,2.411801815032959,2.621587038040161
2.715850591659546,0.571651041507721,2.4367525577545166,1.939281702041626,1.5290236473083496,1.2837382555007935,2.4367525577545166,2.745284080505371
2.6169192790985107,0.7925279140472412,2.4238147735595703,2.071394920349121,1.3320419788360596,1.3505322933197021,2.4238147735595703,2.8840606212615967
2.4919192790985107,0.9992862939834595,2.433029890060425,2.195805549621582,1.152828574180603,1.386223554611206,2.433029890060425,3.005958080291748
2.34138822555542,1.1892807483673096,2.436591386795044,2.329090118408203,0.9432200193405151,1.3999847173690796,2.436591386795044,3.1461126804351807
2.1674909591674805,1.357332468032837,2.4036636352539062,2.4569830894470215,0.7610335350036621,1.388049602508545,2.4036636352539062,3.2679059505462646
1.9733362197875977,1.5001769065856934,2.405402183532715,2.5822155475616455,0.5818593502044678,1.354122519493103,2.405402183532715,3.3895528316497803
1.7608680725097656,1.6201817989349365,2.4422833919525146,2.703157424926758,0.3803136646747589,1.2876085042953491,2.4422833919525146,3.531162977218628
1.5359700918197632,1.7125297784805298,2.444301128387451,2.8266208171844482,0.2162347137928009,1.2082768678665161,2.444301128387451,3.652738332748413
1.3009412288665771,1.7761751413345337,2.4259419441223145,2.9568841457366943,0.0410010851919651,1.0931978225708008,2.4259419441223145,3.792614221572876
1.0580387115478516,1.8085553646087646,2.465350389480591,3.082124710083008,-0.09875157475471497,0.9724365472793579,2.465350389480591,3.915825366973877
0.8127356171607971,1.8105214834213257,2.4482381343841553,-3.070297956466675,-0.2379581183195114,0.8158359527587891,2.4482381343841553,-2.227560520172119
0.5682014226913452,1.7810113430023193,2.464143753051758,-2.936927556991577,-0.34122347831726074,0.6633753776550293,2.464143753051758,-2.104722499847412
0.3308429419994354,1.7198266983032227,2.458404779434204,-2.8057050704956055,-0.4241539239883423,0.5014158487319946,2.458404779434204,-1.983343243598938
0.10329333692789078,1.6269960403442383,2.417318105697632,-2.671950340270996,-0.4946537911891937,0.30370211601257324,2.417318105697632,-1.8432908058166504
-0.10707496851682663,1.504885196685791,2.469923496246338,-2.530803680419922,-0.532705545425415,0.12712159752845764,2.469923496246338,-1.7227953672409058
-0.2985309660434723,1.3562991619110107,2.413959264755249,-2.393615961074829,-0.5493060350418091,-0.05437706410884857,2.413959264755249,-1.6012163162231445
-0.4679824411869049,1.1816575527191162,2.412203073501587,-2.256821870803833,-0.543599545955658,-0.2384212613105774,2.412203073501587,-1.478384017944336
-0.6142374277114868,0.9872771501541138,2.4485154151916504,-2.119459629058838,-0.5156143307685852,-0.4193347096443176,2.4485154151916504,-1.3562647104263306
-0.7288227081298828,0.7761050462722778,2.4125118255615234,-1.9863007068634033,-0.4667612314224243,-0.5927348136901855,2.4125118255615234,-1.2360920906066895
-0.81565260887146,0.5520509481430054,2.3885765075683594,-1.8519781827926636,-0.3961367607116699,-0.7617521286010742,2.3885765075683594,-1.1138964891433716
-0.8713735342025757,0.3167131245136261,2.4130842685699463,-1.7266427278518677,-0.3046046793460846,-0.9221721887588501,2.4130842685699463,-0.9906877279281616
-0.8970940113067627,0.07717952132225037,2.402954578399658,-1.6012450456619263,-0.19565847516059875,-1.0682286024093628,2.402954578399658,-0.8691372275352478
-0.8919617533683777,-0.16309383511543274,2.4406473636627197,-1.472425937652588,-0.08859526365995407,-1.1822752952575684,2.4406473636627197,-0.7648057341575623
-0.8561466932296753,-0.40153107047080994,2.3991966247558594,-1.3466306924819946,0.05167011544108391,-1.3012508153915405,2.3991966247558594,-0.6421100497245789
-0.7910180687904358,-0.6344227194786072,2.408658266067505,-1.2260528802871704,0.22822095453739166,-1.4149277210235596,2.408658266067505,-0.5020071864128113
-0.6988155245780945,-0.8590589761734009,2.4436194896698,-1.0972872972488403,0.3947750926017761,-1.4934580326080322,2.4436194896698,-0.37917041778564453
-0.5780172348022461,-1.068403959274292,2.41823148727417,-0.9742263555526733,0.5676453113555908,-1.5504498481750488,2.41823148727417,-0.2577475309371948
-0.43338051438331604,-1.2625151872634888,2.4111242294311523,-0.850701630115509,0.773602306842804,-1.5895918607711792,2.4111242294311523,-0.11787121742963791
-0.2643217146396637,-1.4388768672943115,2.4609055519104004,-0.7368021607398987,0.9848610758781433,-1.5995948314666748,2.4609055519104004,0.023242823779582977
-0.07714589685201645,-1.5948724746704102,2.4171764850616455,-0.6122527718544006,1.192588210105896,-1.5802537202835083,2.4171764850616455,0.16243892908096313
0.1301867812871933,-1.7257694005966187,2.4608874320983887,-0.4864073693752289,1.397706151008606,-1.531628131866455,2.4608874320983887,0.30309003591537476
0.3515094220638275,-1.8310039043426514,2.435739755630493,-0.35816019773483276,1.5924774408340454,-1.4554418325424194,2.435739755630493,0.44263091683387756
0.5834448337554932,-1.9037208557128906,2.42909574508667,-0.22919146716594696,1.7731949090957642,-1.3539339303970337,2.42909574508667,0.5809239745140076
0.823310136795044,-1.945886492729187,2.4668829441070557,-0.09340062737464905,1.9400548934936523,-1.226850152015686,2.4668829441070557,0.7208675146102905
1.0666228532791138,-1.9542323350906372,2.414036273956299,0.044477060437202454,2.0871899127960205,-1.0781610012054443,2.414036273956299,0.8604355454444885
1.308056116104126,-1.930938482284546,2.444411039352417,0.18023504316806793,2.2117693424224854,-0.9111337065696716,2.444411039352417,0.9994609355926514
1.5561679601669312,-1.9076398611068726,2.469048500061035,0.14491698145866394,2.32578706741333,-0.697670578956604,2.469048500061035,1.1609731912612915
1.5561679601669312,-1.9076398611068726,0.0,0.14491698145866394,2.208005905151367,-0.9169585704803467,0.0,0.9948377013206482
1.987351417541504,-1.674620509147644,4.948904037475586,0.5912075638771057,2.449982166290283,-0.10729923844337463,4.948904037475586,1.5659301280975342
2.176670551300049,-1.5162235498428345,2.4723081588745117,0.8726702928543091,2.4484896659851074,-0.1672939509153366,2.4723081588745117,1.5259186029434204
2.350651502609253,-1.3570241928100586,2.383451223373413,0.8904790878295898,2.446331739425659,0.004840555135160685,2.383451223373413,1.6407470703125
2.492027521133423,-1.1618136167526245,2.411912441253662,1.0226913690567017,2.4213993549346924,0.19152049720287323,2.411912441253662,1.7663880586624146
2.607409715652466,-0.9503344297409058,2.419236183166504,1.1390273571014404,2.374941825866699,0.36855196952819824,2.419236183166504,1.8884810209274292
2.697828769683838,-0.7255492806434631,2.4134271144866943,1.2629570960998535,2.3066296577453613,0.539965808391571,2.4134271144866943,2.0115749835968018
2.7605228424072266,-0.4918605089187622,2.420640707015991,1.382652759552002,2.204545497894287,0.7222625613212585,2.420640707015991,2.1509768962860107
2.7946836948394775,-0.2523508369922638,2.4173495769500732,1.509577751159668,2.0949978828430176,0.8690097332000732,2.4173495769500732,2.273137331008911
2.797775983810425,-0.010397626087069511,2.402143955230713,1.6263197660446167,1.948965311050415,1.018958568572998,2.402143955230713,2.412790060043335
2.7734827995300293,0.2313825935125351,2.442504405975342,1.747498631477356,1.8043104410171509,1.1329450607299805,2.442504405975342,2.5356462001800537
2.7194626331329346,0.46776825189590454,2.4284400939941406,1.874367356300354,1.624866247177124,1.239610195159912,2.4284400939941406,2.674927234649658
2.637892007827759,0.6981306672096252,2.4479143619537354,1.9947640895843506,1.4300625324249268,1.3211051225662231,2.4479143619537354,2.815819025039673
2.5279152393341064,0.914671778678894,2.4187419414520264,2.1183955669403076,1.2290946245193481,1.3738067150115967,2.4187419414520264,2.9544389247894287
2.3917407989501953,1.1152231693267822,2.4375627040863037,2.248283624649048,1.047856092453003,1.396804690361023,2.4375627040863037,3.0763089656829834
2.230065107345581,1.2941011190414429,2.394174337387085,2.3856353759765625,0.8398840427398682,1.3959527015686035,2.394174337387085,3.21506929397583
2.0471770763397217,1.4513462781906128,2.408320903778076,2.5150699615478516,0.6326828598976135,1.366052508354187,2.408320903778076,3.354747772216797
1.843292474746704,1.5846201181411743,2.4346745014190674,2.633408308029175,0.45412853360176086,1.3156664371490479,2.4346745014190674,3.4785118103027344
1.6245079040527344,1.6922063827514648,2.4340200424194336,2.7585833072662354,0.2617299258708954,1.2327731847763062,2.4340200424194336,3.6182894706726074
1.394166111946106,1.7703715562820435,2.437819719314575,2.8936331272125244,0.10490132868289948,1.1392773389816284,2.437819719314575,3.7400870323181152
1.155289649963379,1.8176263570785522,2.441227912902832,3.025651454925537,-0.059542566537857056,1.0094250440597534,2.441227912902832,3.8798882961273193
0.9105398654937744,1.8333895206451416,2.452296257019043,-3.1282660961151123,-0.1883636862039566,0.8767948150634766,2.452296257019043,-2.279956340789795
0.6658751964569092,1.8185447454452515,2.4520251750946045,-2.9932515621185303,-0.3131520450115204,0.7089789509773254,2.4520251750946045,-2.140424966812134
0.4255247414112091,1.769992470741272,2.4522488117218018,-2.858259677886963,-0.40236568450927734,0.5489276051521301,2.4522488117218018,-2.018191337585449
0.19503717124462128,1.6893819570541382,2.4553747177124023,-2.726036310195923,-0.4710409343242645,0.3802526891231537,2.4553747177124023,-1.8967036008834839
-0.02179524675011635,1.5770671367645264,2.427471876144409,-2.5830137729644775,-0.5189802646636963,0.20347489416599274,2.427471876144409,-1.7745192050933838
-0.21942639350891113,1.4386225938796997,2.409855842590332,-2.4469194412231445,-0.5447763204574585,0.025075258687138557,2.409855842590332,-1.654276728630066
-0.39686354994773865,1.2745330333709717,2.419463872909546,-2.3083133697509766,-0.5488624572753906,-0.15840588510036469,2.419463872909546,-1.5318492650985718
-0.551758348941803,1.0877902507781982,2.422245502471924,-2.1716082096099854,-0.5304209589958191,-0.3415651023387909,2.422245502471924,-1.4090485572814941
-0.6783385276794434,0.8818885087966919,2.4130213260650635,-2.0371510982513428,-0.49020513892173767,-0.5192959904670715,2.4130213260650635,-1.2874910831451416
-0.7753162980079651,0.6638082265853882,2.4063475131988525,-1.9034528732299805,-0.4396298825740814,-0.6647377610206604,2.4063475131988525,-1.184789776802063
-0.8428978323936462,0.4327149987220764,2.399904489517212,-1.7722049951553345,-0.3594236373901367,-0.8317170143127441,2.399904489517212,-1.0612155199050903
-0.8792313933372498,0.19494514167308807,2.398678779602051,-1.6496024131774902,-0.2606326937675476,-0.9856457710266113,2.398678779602051,-0.9392041563987732
-0.8872538208961487,-0.04502825811505318,2.4035754203796387,-1.5249385833740234,-0.14396482706069946,-1.1262753009796143,2.4035754203796387,-0.8173127174377441
-0.8643044829368591,-0.2844691276550293,2.413318395614624,-1.4032237529754639,-0.03037106804549694,-1.2352852821350098,2.413318395614624,-0.7123058438301086
-0.813374400138855,-0.5206219553947449,2.405719518661499,-1.2861988544464111,0.13804879784584045,-1.361243486404419,2.405719518661499,-0.5719833970069885
-0.7344593405723572,-0.7500917911529541,2.447477340698242,-1.162847876548767,0.2987787127494812,-1.4512627124786377,2.447477340698242,-0.44909173250198364
-0.6277539134025574,-0.9674707055091858,2.402751922607422,-1.040382742881775,0.4678330421447754,-1.5203925371170044,2.402751922607422,-0.3272547125816345
-0.49539902806282043,-1.1702182292938232,2.452218532562256,-0.9155147075653076,0.6701748967170715,-1.5736682415008545,2.452218532562256,-0.18764938414096832
-0.3383788466453552,-1.3571476936340332,2.412893295288086,-0.7974516153335571,0.8799931406974792,-1.5983654260635376,2.412893295288086,-0.04668821766972542
-0.16076622903347015,-1.5225653648376465,2.454092502593994,-0.6760260462760925,1.087797999382019,-1.59365713596344,2.454092502593994,0.09199501574039459
0.03660442680120468,-1.6677345037460327,2.461580514907837,-0.5528538227081299,1.296568512916565,-1.5594143867492676,2.461580514907837,0.23315228521823883
0.25146055221557617,-1.7874298095703125,2.4232230186462402,-0.4252716600894928,1.4971810579299927,-1.4966362714767456,2.4232230186462402,0.37340444326400757
0.47828948497772217,-1.8764381408691406,2.4470973014831543,-0.2982867658138275,1.6842429637908936,-1.4080089330673218,2.4470973014831543,0.5115108489990234
0.7145806550979614,-1.9348798990249634,2.4301443099975586,-0.16101056337356567,1.8796195983886719,-1.2772032022476196,2.4301443099975586,0.6684195399284363
0.956739068031311,-1.960297703742981,2.4420394897460938,-0.02562403678894043,2.0162100791931152,-1.1550811529159546,2.4420394897460938,0.7906443476676941
1.1995395421981812,-1.952185034751892,2.447298288345337,0.1144271120429039,2.1523420810699463,-0.9968686103820801,2.447298288345337,0.929902195930481
1.421410322189331,-1.9186478853225708,2.228600263595581,0.2934834361076355,2.2564492225646973,-0.8370144367218018,2.228600263595581,1.057165265083313
1.421410322189331,-1.9186478853225708,0.0,0.2934834361076355,2.132016181945801,-1.0234922170639038,0.0,0.9075711965560913
1.421410322189331,-1.9186478853225708,0.0,0.2934834361076355,2.132016181945801,-1.0234922170639038,0.0,0.9075711965560913
1.421410322189331,-1.9186478853225708,0.0,0.2934834361076355,2.132016181945801,-1.0234922170639038,0.0,0.9075711965560913
2.2983570098876953,-1.4641122817993164,9.87269401550293,0.7381409406661987,2.2393901348114014,0.6664679646492004,9.87269401550293,2.10711932182312
2.468827486038208,-1.2898591756820679,2.4357383251190186,0.8734601736068726,2.425774335861206,0.16849614679813385,2.4357383251190186,1.7507636547088623
2.6172468662261963,-1.094724178314209,2.4625866413116455,1.0033401250839233,2.3736062049865723,0.37259459495544434,2.4625866413116455,1.8913193941116333
2.7357916831970215,-0.881989061832428,2.428666353225708,1.1445008516311646,2.3060977458953857,0.5410920977592468,2.428666353225708,2.0124053955078125
2.82424259185791,-0.6553366184234619,2.434877395629883,1.2791173458099365,2.2179853916168213,0.7013819217681885,2.434877395629883,2.1344220638275146
2.8794355392456055,-0.4203682839870453,2.4118268489837646,1.416520118713379,2.112095594406128,0.8484376668930054,2.4118268489837646,2.2553040981292725
2.9033448696136475,-0.18007542192935944,2.4454116821289062,1.5503695011138916,1.9687039852142334,1.0010186433792114,2.4454116821289062,2.395007848739624
2.8914296627044678,0.06144824996590614,2.3933091163635254,1.687570333480835,1.8477649688720703,1.1016730070114136,2.3933091163635254,2.499952793121338
2.8512237071990967,0.2993135452270508,2.43503737449646,1.817941427230835,1.6951277256011963,1.2018389701843262,2.43503737449646,2.6217405796051025
2.7805745601654053,0.5305558443069458,2.413499355316162,1.9490326642990112,1.5304081439971924,1.2831581830978394,2.413499355316162,2.7442831993103027
2.680727481842041,0.7506383657455444,2.424511194229126,2.0758233070373535,1.3576338291168213,1.343549370765686,2.424511194229126,2.86637544631958
2.5548336505889893,0.9559047222137451,2.4018521308898926,2.202157497406006,1.1795358657836914,1.382333755493164,2.4018521308898926,2.9879651069641113
2.4044482707977295,1.144870638847351,2.3943254947662354,2.3275845050811768,0.9964685440063477,1.399280071258545,2.3943254947662354,3.1106085777282715
2.2300631999969482,1.3103543519973755,2.4313881397247314,2.4559385776519775,0.814498782157898,1.3938672542572021,2.4313881397247314,3.2320501804351807
2.037865400314331,1.4543043375015259,2.3821566104888916,2.5798001289367676,0.6337235569953918,1.3662773370742798,2.3821566104888916,3.3540380001068115
1.8266228437423706,1.5745866298675537,2.4314048290252686,2.6957719326019287,0.4545932114124298,1.3158291578292847,2.4314048290252686,3.4781835079193115
1.6025755405426025,1.670622706413269,2.4441707134246826,2.80967116355896,0.28513413667678833,1.2446016073226929,2.4441707134246826,3.600806951522827
1.3689132928848267,1.7392833232879639,2.4361870288848877,2.933396816253662,0.126409113407135,1.153673768043518,2.4361870288848877,3.722832441329956
1.127835750579834,1.7783581018447876,2.4646928310394287,3.0545523166656494,-0.040566034615039825,1.0264009237289429,2.4646928310394287,3.8629138469696045
0.8821412920951843,1.7878620624542236,2.4217731952667236,-3.1086416244506836,-0.1715555638074875,0.8960487246513367,2.4217731952667236,-2.2969954013824463
0.636087954044342,1.769420862197876,2.4711661338806152,-2.9795889854431152,-0.29974254965782166,0.7295441627502441,2.4711661338806152,-2.156792163848877
0.39475151896476746,1.7183562517166138,2.4769744873046875,-2.8477673530578613,-0.40300285816192627,0.5475980639457703,2.4769744873046875,-2.0172083377838135
0.16344964504241943,1.6354222297668457,2.477670907974243,-2.71390438079834,-0.47153428196907043,0.37879040837287903,2.477670907974243,-1.8956748247146606
-0.05269794538617134,1.5219212770462036,2.438162326812744,-2.5748565196990967,-0.524042010307312,0.17784912884235382,2.438162326812744,-1.7571049928665161
-0.25142475962638855,1.380571722984314,2.4486570358276367,-2.437673568725586,-0.5468989014625549,-0.0035961915273219347,2.4486570358276367,-1.6351099014282227
-0.4280361533164978,1.2134685516357422,2.425537586212158,-2.2990500926971436,-0.5475321412086487,-0.18600904941558838,2.425537586212158,-1.5134254693984985
-0.5833160877227783,1.0246467590332031,2.4372923374176025,-2.1662099361419678,-0.5207263827323914,-0.3948962986469269,2.4372923374176025,-1.3729097843170166
-0.7076449394226074,0.818110466003418,2.386483907699585,-2.0309982299804688,-0.47489094734191895,-0.5687065124511719,2.386483907699585,-1.2530031204223633
-0.8043918609619141,0.5979968905448914,2.4418768882751465,-1.8948780298233032,-0.40741869807243347,-0.7382903099060059,2.4418768882751465,-1.1312522888183594
-0.8712443709373474,0.3656720817089081,2.4208881855010986,-1.7666192054748535,-0.31881171464920044,-0.9000729918479919,2.4208881855010986,-1.0082025527954102
-0.906679630279541,0.1262361705303192,2.419442653656006,-1.6418033838272095,-0.21166527271270752,-1.0489646196365356,2.419442653656006,-0.8858349919319153
-0.9095476865768433,-0.11419662833213806,2.3873064517974854,-1.5152497291564941,-0.08850742131471634,-1.1823595762252808,2.3873064517974854,-0.7647245526313782
-0.8842487335205078,-0.3537110388278961,2.4139726161956787,-1.385791540145874,0.05145769938826561,-1.3010919094085693,2.4139726161956787,-0.6422868967056274
-0.8271113038063049,-0.5883304476737976,2.4287760257720947,-1.2559484243392944,0.2050781548023224,-1.4019567966461182,2.4287760257720947,-0.5196940302848816
-0.740082323551178,-0.8142809271812439,2.4166502952575684,-1.1252994537353516,0.36990317702293396,-1.4832887649536133,2.4166502952575684,-0.3970843553543091
-0.626386821269989,-1.027160882949829,2.4236903190612793,-0.9993972778320312,0.542044997215271,-1.5434585809707642,2.4236903190612793,-0.275439590215683
-0.48584648966789246,-1.2244588136672974,2.4224791526794434,-0.8725043535232544,0.7477940917015076,-1.586308479309082,2.4224791526794434,-0.1352156102657318
-0.32113808393478394,-1.4024403095245361,2.4235005378723145,-0.7517607808113098,0.9307011961936951,-1.599875807762146,2.4235005378723145,-0.012866228818893433
-0.13621249794960022,-1.5603772401809692,2.4254984855651855,-0.6298509240150452,1.140316128730774,-1.587877631187439,2.4254984855651855,0.12722031772136688
0.06711398810148239,-1.6947021484375,2.444549560546875,-0.5064141154289246,1.3460185527801514,-1.546778917312622,2.444549560546875,0.26717978715896606
0.28668296337127686,-1.8048293590545654,2.423264503479004,-0.377921998500824,1.54530668258667,-1.4768115282058716,2.423264503479004,0.4081054627895355
0.5165677070617676,-1.8822792768478394,2.421809673309326,-0.2507518529891968,1.706020712852478,-1.3955434560775757,2.421809673309326,0.5282397270202637
0.7551496624946594,-1.9292320013046265,2.456143856048584,-0.11534912139177322,1.8794211149215698,-1.277359962463379,2.456143856048584,0.6682509183883667
0.9979711174964905,-1.9429430961608887,2.4426841735839844,0.01706184819340706,2.0342674255371094,-1.1365152597427368,2.4426841735839844,0.807910680770874
1.240908145904541,-1.9268603324890137,2.42354416847229,0.1526211053133011,2.1681225299835205,-0.9753155708312988,2.42354416847229,0.9477106928825378
1.4919084310531616,-1.9162355661392212,2.500200033187866,0.09359464794397354,2.2935221195220947,-0.7670444250106812,2.500200033187866,1.1099611520767212
1.4919084310531616,-1.9162355661392212,0.0,0.09359464794397354,2.1635255813598633,-0.9816778898239136,0.0,0.942477822303772
1.4919084310531616,-1.9162355661392212,0.0,0.09359464794397354,2.1635255813598633,-0.9816778898239136,0.0,0.942477822303772
2.129793882369995,-1.5535472631454468,7.307023048400879,0.690632164478302,2.4052627086639404,0.2636074721813202,7.307023048400879,1.8156403303146362
2.3055901527404785,-1.3881281614303589,2.412327766418457,0.8419493436813354,2.44887375831604,-0.041886862367391586,2.412327766418457,1.6095480918884277
2.4538767337799072,-1.199167013168335,2.409545421600342,0.9983677864074707,2.430809259414673,0.13917307555675507,2.409545421600342,1.7309285402297974
2.5705995559692383,-0.9892585873603821,2.4069128036499023,1.1346673965454102,2.390629291534424,0.3178366720676422,2.4069128036499023,1.8530884981155396
2.6626110076904297,-0.7664362192153931,2.3953697681427,1.2604665756225586,2.328617572784424,0.49111229181289673,2.3953697681427,1.9758573770523071
2.7253851890563965,-0.534155011177063,2.437190294265747,1.3791859149932861,2.2465336322784424,0.6543213725090027,2.437190294265747,2.0977249145507812
2.7608518600463867,-0.29562902450561523,2.407364845275879,1.4967434406280518,2.144617795944214,0.8071320056915283,2.407364845275879,2.2202541828155518
2.7691049575805664,-0.05356679484248161,2.4000918865203857,1.6045011281967163,2.0059947967529297,0.9653051495552063,2.4000918865203857,2.360583543777466
2.7500360012054443,0.18728721141815186,2.408081531524658,1.724465012550354,1.8479329347610474,1.1015474796295166,2.408081531524658,2.4998130798339844
2.703970432281494,0.42518851161003113,2.4652345180511475,1.8405324220657349,1.671346664428711,1.2151650190353394,2.4652345180511475,2.6399142742156982
2.63031268119812,0.6578264236450195,2.4142277240753174,1.9567886590957642,1.4797008037567139,1.3033592700958252,2.4142277240753174,2.7806739807128906
2.5284273624420166,0.8789273500442505,2.4256603717803955,2.080012321472168,1.279795527458191,1.3632959127426147,2.4256603717803955,2.9199178218841553
2.4008309841156006,1.085784673690796,2.433833599090576,2.203916311264038,1.0733349323272705,1.3949209451675415,2.433833599090576,3.0592763423919678
2.2466607093811035,1.2715263366699219,2.408226728439331,2.3406822681427,0.8657354712486267,1.397631287574768,2.408226728439331,3.197798490524292
2.0704307556152344,1.4358075857162476,2.4200515747070312,2.473081111907959,0.6585792899131775,1.371419072151184,2.4200515747070312,3.3371164798736572
1.8724011182785034,1.5771846771240234,2.4581458568573,2.5992143154144287,0.4543759524822235,1.3157531023025513,2.4581458568573,3.478337049484253
1.6572176218032837,1.693355917930603,2.4256961345672607,2.724277973175049,0.2844374179840088,1.244256854057312,2.4256961345672607,3.601325035095215
1.4305638074874878,1.7794843912124634,2.4410457611083984,2.8604273796081543,0.10554283857345581,1.1397144794464111,2.4410457611083984,3.7395694255828857
1.1932374238967896,1.8341972827911377,2.419933319091797,2.994887351989746,-0.05957648158073425,1.0093941688537598,2.419933319091797,3.8799190521240234
0.9698550701141357,1.8558592796325684,2.261721611022949,3.114996910095215,-0.15719923377037048,0.9119831323623657,2.261721611022949,3.971891164779663
0.7050603628158569,1.8474913835525513,2.642894744873047,-3.01886248588562,-0.3097064793109894,0.7143338322639465,2.642894744873047,-2.144670009613037
0.46309348940849304,1.80548095703125,2.4737284183502197,-2.8898775577545166,-0.40253064036369324,0.5485837459564209,2.4737284183502197,-2.017937183380127
0.22979407012462616,1.7315733432769775,2.409742832183838,-2.7557215690612793,-0.4712165892124176,0.379732608795166,2.409742832183838,-1.896337628364563
0.009659655392169952,1.627139925956726,2.4365525245666504,-2.616974115371704,-0.5188700556755066,0.20400768518447876,2.4365525245666504,-1.7748818397521973
-0.19345596432685852,1.4950213432312012,2.426051139831543,-2.477048635482788,-0.5448598265647888,0.024073127657175064,2.426051139831543,-1.6536064147949219
-0.37671416997909546,1.336759328842163,2.457496166229248,-2.3392066955566406,-0.5488446354866028,-0.15886253118515015,2.457496166229248,-1.53154456615448
-0.5346742272377014,1.154666781425476,2.377067804336548,-2.20841383934021,-0.5346354246139526,-0.3141441345214844,2.377067804336548,-1.427544116973877
-0.6686086654663086,0.9530197381973267,2.4385416507720947,-2.0655863285064697,-0.4972046911716461,-0.494459867477417,2.4385416507720947,-1.3046936988830566
-0.7712991833686829,0.7376814484596252,2.3820619583129883,-1.9325673580169678,-0.4493103325366974,-0.6403059959411621,2.3820619583129883,-1.2023097276687622
-0.8454633355140686,0.5099607706069946,2.381455898284912,-1.8009059429168701,-0.3725983202457428,-0.8076253533363342,2.381455898284912,-1.0795215368270874
-0.8883966207504272,0.2729903757572174,2.388552188873291,-1.6779658794403076,-0.2906361520290375,-0.9431025385856628,2.388552188873291,-0.9739118814468384
-0.9015432000160217,0.03331924229860306,2.4294400215148926,-1.5483518838882446,-0.17916496098041534,-1.087414026260376,2.4294400215148926,-0.8522700071334839
-0.8845857381820679,-0.2055865079164505,2.3961215019226074,-1.422597885131836,-0.050803668797016144,-1.217314600944519,2.3961215019226074,-0.7304466962814331
-0.8360249400138855,-0.44117796421051025,2.3934714794158936,-1.3011744022369385,0.07231102883815765,-1.3164136409759521,2.3934714794158936,-0.6250354051589966
-0.7619739174842834,-0.6714881062507629,2.4212093353271484,-1.1831371784210205,0.2283044159412384,-1.4149736166000366,2.4212093353271484,-0.5019437074661255
-0.6608650088310242,-0.8915952444076538,2.435293674468994,-1.0603463649749756,0.3942147493362427,-1.493234634399414,2.435293674468994,-0.3795725703239441
-0.5344130396842957,-1.0984277725219727,2.4397876262664795,-0.9448190331459045,0.5937240719795227,-1.557075023651123,2.4397876262664795,-0.23980918526649475
-0.3828839659690857,-1.288717269897461,2.4351444244384766,-0.8264517188072205,0.8007992506027222,-1.5925612449645996,2.4351444244384766,-0.0996319130063057
-0.21005570888519287,-1.459822416305542,2.446369171142578,-0.7115979194641113,0.9837583303451538,-1.5996201038360596,2.446369171142578,0.022507455199956894
-0.01847231015563011,-1.6112140417099,2.4092965126037598,-0.5851067900657654,1.2188979387283325,-1.575701117515564,2.4092965126037598,0.18023961782455444
0.19183430075645447,-1.738133430480957,2.455239772796631,-0.4601554274559021,1.4230420589447021,-1.5234575271606445,2.455239772796631,0.32083743810653687
0.41620394587516785,-1.8377964496612549,2.471647024154663,-0.33545902371406555,1.616430640220642,-1.443826675415039,2.471647024154663,0.46037834882736206
0.6503058671951294,-1.9061397314071655,2.4303054809570312,-0.20727556943893433,1.8171132802963257,-1.323974847793579,2.4303054809570312,0.6163682341575623
0.8926445245742798,-1.9427857398986816,2.469409227371216,-0.07189100235700607,1.9799062013626099,-1.190547227859497,2.469409227371216,0.756807804107666
1.1353927850723267,-1.9459328651428223,2.4329209327697754,0.06726272404193878,2.1202049255371094,-1.0384138822555542,2.4329209327697754,0.8948840498924255
1.3794001340866089,-1.9181880950927734,2.4509894847869873,0.19607873260974884,2.2408523559570312,-0.8640025854110718,2.4509894847869873,1.0363843441009521
1.3794001340866089,-1.9181880950927734,0.0,0.19607873260974884,2.099066734313965,-1.0641814470291138,0.0,0.8726646304130554
1.3794001340866089,-1.9181880950927734,0.0,0.19607873260974884,2.099066734313965,-1.0641814470291138,0.0,0.8726646304130554
2.05476975440979,-1.6464097499847412,7.226619720458984,0.6002540588378906,2.4233932495117188,0.1812685877084732,7.226619720458984,1.7594252824783325
2.249117612838745,-1.4979867935180664,2.452596426010132,0.7355504631996155,2.4499735832214355,-0.09107816964387894,2.452596426010132,1.5767441987991333
2.4198122024536133,-1.3241785764694214,2.4548275470733643,0.8807727098464966,2.4342689514160156,0.1166696548461914,2.4548275470733643,1.7157498598098755
2.564605951309204,-1.1297423839569092,2.4249911308288574,1.0128440856933594,2.3971118927001953,0.2947997748851776,2.4249911308288574,1.837133765220642
2.681023120880127,-0.9171221256256104,2.406151056289673,1.1536178588867188,2.33821964263916,0.4681958556175232,2.406151056289673,1.9592926502227783
2.7678396701812744,-0.6897243857383728,2.4399685859680176,1.285340428352356,2.258136510848999,0.6340155005455017,2.4399685859680176,2.0821332931518555
2.820125102996826,-0.45339611172676086,2.4328160285949707,1.4140006303787231,2.159738779067993,0.7868665456771851,2.4328160285949707,2.203397274017334
2.847698211669922,-0.2126787155866623,2.4006121158599854,1.547263741493225,2.0243642330169678,0.9467766880989075,2.4006121158599854,2.343189239501953
2.840963125228882,0.02913476713001728,2.414486885070801,1.6746501922607422,1.8890857696533203,1.069665789604187,2.414486885070801,2.4651060104370117
2.803919792175293,0.2699805498123169,2.447547197341919,1.8013216257095337,1.7380335330963135,1.1763241291046143,2.447547197341919,2.5884594917297363
2.7376630306243896,0.5038270354270935,2.4178202152252197,1.9206105470657349,1.577183723449707,1.262585997581482,2.4178202152252197,2.7102150917053223
2.644401788711548,0.7289697527885437,2.44968318939209,2.0457208156585693,1.405839204788208,1.329059362411499,2.44968318939209,2.8328166007995605
2.522686004638672,0.9379308819770813,2.417379379272461,2.175682306289673,1.204358458518982,1.3782765865325928,2.417379379272461,2.9711968898773193
2.376779556274414,1.1320624351501465,2.4285874366760254,2.301945686340332,1.0212831497192383,1.3983052968978882,2.4285874366760254,3.09405255317688
2.206599712371826,1.305016040802002,2.455918312072754,2.4293253421783447,0.8383631110191345,1.3958399295806885,2.455918312072754,3.2160861492156982
2.0170531272888184,1.4547916650772095,2.3942482471466064,2.5516114234924316,0.6323051452636719,1.3659706115722656,2.3942482471466064,3.3550055027008057
1.8122485876083374,1.5829824209213257,2.437842845916748,2.644021987915039,0.45598286390304565,1.3163145780563354,2.437842845916748,3.4772021770477295
1.6111167669296265,1.6978927850723267,2.300736904144287,2.6691079139709473,0.2725598216056824,1.23831045627594,2.300736904144287,3.610180377960205
1.4162629842758179,1.806454062461853,2.2250988483428955,2.6850244998931885,0.09995757788419724,1.1358915567398071,2.2250988483428955,3.744081497192383
1.2249958515167236,1.907907485961914,2.1586740016937256,2.6985461711883545,-0.05893799662590027,1.0099748373031616,2.1586740016937256,3.8793435096740723
1.0375624895095825,2.00393009185791,2.107290506362915,2.7121546268463135,-0.19981111586093903,0.8632935285568237,2.107290506362915,4.0150299072265625
0.8577404022216797,2.0924830436706543,2.016050100326538,2.7284648418426514,-0.3030836880207062,0.7244884967803955,2.016050100326538,4.130433082580566
0.6813386678695679,2.1756927967071533,1.9561363458633423,2.742603302001953,-0.3918176591396332,0.5704665184020996,1.9561363458633423,4.249005317687988
0.5097232460975647,2.2542929649353027,1.8984061479568481,2.7458906173706055,-0.45233193039894104,0.4324144721031189,1.8984061479568481,4.349535942077637
0.34604960680007935,2.3290154933929443,1.7790104150772095,2.754750967025757,-0.4909694790840149,0.3166617155075073,1.7790104150772095,4.430912494659424
0.18804427981376648,2.3995182514190674,1.7284865379333496,2.768156051635742,-0.5204529166221619,0.19625705480575562,1.7284865379333496,4.513576984405518
0.03529670462012291,2.463805675506592,1.6733107566833496,2.7789878845214844,-0.5365806221961975,0.10019524395465851,1.6733107566833496,4.578526020050049
-0.11195491254329681,2.5235440731048584,1.5799156427383423,2.7886135578155518,-0.5464724898338318,0.0028108377009630203,1.5799156427383423,4.643794536590576
-0.25241100788116455,2.5790703296661377,1.5211646556854248,2.7965800762176514,-0.5496538281440735,-0.06777627766132355,1.5211646556854248,4.69090461730957
-0.3867321312427521,2.6311967372894287,1.4432059526443481,2.8037333488464355,-0.5485683679580688,-0.1655202955007553,1.4432059526443481,4.756083011627197
-0.5146521329879761,2.67789363861084,1.3669089078903198,2.818558692932129,-0.5459687113761902,-0.20989832282066345,1.3669089078903198,4.785720348358154
-0.6362742781639099,2.7242841720581055,1.2864346504211426,2.8220067024230957,-0.538908064365387,-0.28207898139953613,1.2864346504211426,4.834074974060059
-0.6362742781639099,2.7242841720581055,0.0,2.8220067024230957,-0.5490862131118774,-0.15234924852848053,0.0,4.747295379638672
-0.8623251914978027,2.8039064407348633,2.393672227859497,2.8180532455444336,-0.49783673882484436,-0.4921336770057678,2.393672227859497,4.976884365081787
-0.9659339785575867,2.841179132461548,1.107148289680481,2.8255786895751953,-0.5160914063453674,-0.41713717579841614,1.107148289680481,4.925421237945557
-1.062966227531433,2.8755249977111816,1.0241444110870361,2.835212469100952,-0.5119563341140747,-0.435683935880661,1.0241444110870361,4.938089847564697
-1.1556155681610107,2.905395269393921,0.9805246591567993,2.8412771224975586,-0.5007798671722412,-0.481100857257843,0.9805246591567993,4.969272136688232
-1.2427153587341309,2.933642625808716,0.9152547121047974,2.8492846488952637,-0.4954628050327301,-0.500795841217041,0.9152547121047974,4.982872486114502
-1.3235201835632324,2.9585280418395996,0.8436865210533142,2.8580915927886963,-0.49022433161735535,-0.51923006772995,0.8436865210533142,4.995648384094238
