3.41815447807312,-0.8018619418144226,0.0,0.3057824969291687,2.132016181945801,0.8234922289848328,0.0,2.2340214252471924
3.4181272983551025,-0.8018757104873657,0.0003044300538022071,0.30544063448905945,2.1319973468780518,0.8235162496566772,0.0003044300538022071,2.234041690826416
3.4181082248687744,-0.8018850684165955,0.0002121975994668901,0.30576372146606445,2.13200306892395,0.8235089778900146,0.0002121975994668901,2.2340354919433594
3.418130874633789,-0.8018753528594971,0.0002464435528963804,0.3055136799812317,2.1320009231567383,0.8235116600990295,0.0002464435528963804,2.2340378761291504
3.418139696121216,-0.8018751740455627,8.858557703206316e-05,0.30557140707969666,2.1320106983184814,0.8234991431236267,8.858557703206316e-05,2.23402738571167
3.4181315898895264,-0.8018841743469238,0.00012103461631340906,0.3058646619319916,2.1320087909698486,0.8235017657279968,0.00012103461631340906,2.234029531478882
3.418123483657837,-0.8018397688865662,0.0004462439683265984,0.3058277666568756,2.131988286972046,0.8235277533531189,0.0004462439683265984,2.234051465988159
3.418139696121216,-0.8018905520439148,0.0005372139858081937,0.30556562542915344,2.1319832801818848,0.8235341906547546,0.0005372139858081937,2.2340569496154785
3.4181315898895264,-0.8018527626991272,0.0003881078737322241,0.3058328926563263,2.1319923400878906,0.823522686958313,0.0003881078737322241,2.2340471744537354
3.4181201457977295,-0.8018606305122375,0.00013907662651035935,0.30557259917259216,2.132007598876953,0.8235031366348267,0.00013907662651035935,2.2340307235717773
3.4181270599365234,-0.8018632531166077,7.395126885967329e-05,0.3057652413845062,2.132011651992798,0.823498010635376,7.395126885967329e-05,2.2340264320373535
3.418107271194458,-0.8018650412559509,0.00019779783906415105,0.30576062202453613,2.1320037841796875,0.8235078454017639,0.00019779783906415105,2.234034776687622
3.4181265830993652,-0.8018803000450134,0.0002462125848978758,0.3057094216346741,2.1320009231567383,0.8235116004943848,0.0002462125848978758,2.2340378761291504
3.418100118637085,-0.801832377910614,0.0005470082396641374,0.30581462383270264,2.1319823265075684,0.8235353231430054,0.0005470082396641374,2.234057903289795
3.418119192123413,-0.8018753528594971,0.00047213849029503763,0.30571117997169495,2.1319870948791504,0.8235292434692383,0.00047213849029503763,2.234052896499634
3.418134927749634,-0.8018572330474854,0.0002400593220954761,0.3056609630584717,2.1320013999938965,0.8235111236572266,0.0002400593220954761,2.234037399291992
3.418107032775879,-0.8018332719802856,0.0003685126139316708,0.3058728277683258,2.131993532180786,0.8235211968421936,0.0003685126139316708,2.23404598236084
3.41814923286438,-0.8018896579742432,0.0007043583900667727,0.30555975437164307,2.1319727897644043,0.8235477209091187,0.0007043583900667727,2.2340683937072754
3.4181246757507324,-0.8018565773963928,0.00041192295611836016,0.30566591024398804,2.131990671157837,0.8235246539115906,0.00041192295611836016,2.234048843383789
3.4181134700775146,-0.8018378019332886,0.00021819971152581275,0.3059246838092804,2.132002592086792,0.8235094547271729,0.00021819971152581275,2.2340359687805176
3.4181551933288574,-0.80186927318573,0.0005188639624975622,0.30538687109947205,2.131983995437622,0.8235334157943726,0.0005188639624975622,2.234056234359741
3.418126106262207,-0.8018865585327148,0.0003417719271965325,0.3056938946247101,2.13199520111084,0.8235188722610474,0.0003417719271965325,2.234044075012207
3.4181361198425293,-0.8018327355384827,0.0005467661540023983,0.30563855171203613,2.1319823265075684,0.8235353827476501,0.0005467661540023983,2.234057903289795
3.418109893798828,-0.8018602132797241,0.00038091279566287994,0.3054337799549103,2.131992816925049,0.82352215051651,0.00038091279566287994,2.234046697616577
3.4181346893310547,-0.8018754124641418,0.00029006897239014506,0.30567553639411926,2.131998300552368,0.8235151171684265,0.00029006897239014506,2.2340407371520996
3.418097972869873,-0.8018458485603333,0.00047073562745936215,0.30576127767562866,2.1319870948791504,0.8235293626785278,0.00047073562745936215,2.234052896499634
3.418123960494995,-0.8018946051597595,0.0005461217369884253,0.30545905232429504,2.1319820880889893,0.8235357403755188,0.0005461217369884253,2.234058380126953
3.4181408882141113,-0.8019030094146729,0.00019079107732977718,0.30574846267700195,2.132004499435425,0.8235071301460266,0.00019079107732977718,2.2340340614318848
3.4181387424468994,-0.8018511533737183,0.0005173333920538425,0.30574673414230347,2.131984233856201,0.8235331177711487,0.0005173333920538425,2.234055995941162
3.418140172958374,-0.8018451929092407,6.18970298091881e-05,0.3056005835533142,2.132012367248535,0.8234970569610596,6.18970298091881e-05,2.234025478363037
3.41815447807312,-0.801906943321228,0.0006320810643956065,0.3054957985877991,2.131977081298828,0.8235421776771545,0.0006320810643956065,2.2340636253356934
3.41815185546875,-0.8018648624420166,0.00041557769873179495,0.30555567145347595,2.1319901943206787,0.8235254287719727,0.00041557769873179495,2.2340495586395264
3.418140172958374,-0.8018423914909363,0.00025515948073007166,0.30572569370269775,2.13200044631958,0.8235121965408325,0.00025515948073007166,2.2340383529663086
3.4181172847747803,-0.8018322587013245,0.0002484650176484138,0.30589133501052856,2.132000684738159,0.8235119581222534,0.0002484650176484138,2.2340381145477295
3.418121814727783,-0.8018426895141602,0.00011494758655317128,0.3058288097381592,2.1320090293884277,0.8235011696815491,0.00011494758655317128,2.2340290546417236
3.4181313514709473,-0.8018879294395447,0.0004663853906095028,0.30573341250419617,2.1319875717163086,0.8235286474227905,0.0004663853906095028,2.2340521812438965
3.4181296825408936,-0.8018573522567749,0.00030251211137510836,0.30563074350357056,2.1319973468780518,0.8235163688659668,0.00030251211137510836,2.234041929244995
3.4181318283081055,-0.8018682599067688,0.000111156034108717,0.30556440353393555,2.132009267807007,0.8235009908676147,0.000111156034108717,2.2340288162231445
3.418120861053467,-0.8018476963043213,0.00023259631416294724,0.30554428696632385,2.1320018768310547,0.8235105872154236,0.00023259631416294724,2.234036922454834
3.4181315898895264,-0.8018386960029602,0.00014123838627710938,0.30582597851753235,2.132007598876953,0.8235032558441162,0.00014123838627710938,2.2340307235717773
3.418123483657837,-0.8018581867218018,0.00021203825599513948,0.30551159381866455,2.13200306892395,0.8235088586807251,0.00021203825599513948,2.2340354919433594
3.4181723594665527,-0.8018535375595093,0.0004916234756819904,0.3054492771625519,2.131985902786255,0.823530912399292,0.0004916234756819904,2.2340540885925293
3.4181478023529053,-0.801848828792572,0.00025003019254654646,0.30564168095588684,2.132000684738159,0.8235118985176086,0.00025003019254654646,2.2340381145477295
3.418109655380249,-0.80185467004776,0.00038620183477178216,0.3058566153049469,2.1319923400878906,0.8235226273536682,0.00038620183477178216,2.2340471744537354
3.41813325881958,-0.8018743395805359,0.00030613658600486815,0.30532142519950867,2.1319971084594727,0.8235164284706116,0.00030613658600486815,2.234041929244995
3.418124198913574,-0.8018575310707092,0.00019207241712138057,0.30584508180618286,2.1320042610168457,0.8235072493553162,0.00019207241712138057,2.2340340614318848
3.4181463718414307,-0.8018702864646912,0.00025444908533245325,0.3058626055717468,2.13200044631958,0.8235123753547668,0.00025444908533245325,2.2340385913848877
3.418139934539795,-0.8018754124641418,8.193817484425381e-05,0.3058251142501831,2.1320111751556396,0.8234987258911133,8.193817484425381e-05,2.2340269088745117
3.418113946914673,-0.801845133304596,0.00039594474947080016,0.30562731623649597,2.1319916248321533,0.8235236406326294,0.00039594474947080016,2.2340481281280518
3.418125867843628,-0.8018653988838196,0.0002370967558817938,0.30576127767562866,2.1320016384124756,0.8235107660293579,0.0002370967558817938,2.234037160873413
3.4181220531463623,-0.8018388748168945,0.00027006588061340153,0.30557534098625183,2.1319997310638428,0.8235133290290833,0.00027006588061340153,2.234039306640625
3.418147325515747,-0.8018854260444641,0.0005195013363845646,0.30544859170913696,2.131983518600464,0.8235339522361755,0.0005195013363845646,2.2340567111968994
3.4181387424468994,-0.8018738627433777,0.000146026024594903,0.30577829480171204,2.132007360458374,0.8235035538673401,0.000146026024594903,2.2340309619903564
3.418159008026123,-0.8018738031387329,0.00020329082326497883,0.30545780062675476,2.1320035457611084,0.8235082030296326,0.00020329082326497883,2.234035015106201
3.4181289672851562,-0.801882266998291,0.00031234012567438185,0.3056643009185791,2.1319968700408936,0.8235167860984802,0.00031234012567438185,2.234042167663574
3.418116807937622,-0.8018642663955688,0.0002168446808354929,0.30576151609420776,2.132002830505371,0.8235093355178833,0.0002168446808354929,2.2340359687805176
3.41811203956604,-0.8018378019332886,0.00026895449263975024,0.3059588074684143,2.1319994926452637,0.823513388633728,0.00026895449263975024,2.234039306640625
3.418123483657837,-0.8018907904624939,0.0005373157327994704,0.3057009279727936,2.1319828033447266,0.8235349059104919,0.0005373157327994704,2.234057664871216
3.4181313514709473,-0.8018743991851807,0.00018109501979779452,0.30552998185157776,2.132004976272583,0.8235065340995789,0.00018109501979779452,2.2340335845947266
3.418124198913574,-0.8018425703048706,0.00033286045072600245,0.3056231737136841,2.1319961547851562,0.823517918586731,0.00033286045072600245,2.2340431213378906
3.418133497238159,-0.8018680214881897,0.00027108698850497603,0.3055751621723175,2.1319994926452637,0.8235135674476624,0.00027108698850497603,2.234039545059204
3.4181149005889893,-0.8018600344657898,0.0002018236118601635,0.30598872900009155,2.1320037841796875,0.8235081434249878,0.0002018236118601635,2.234035015106201
3.418135643005371,-0.8018772602081299,0.00026779811014421284,0.30577290058135986,2.1319994926452637,0.8235134482383728,0.00026779811014421284,2.234039306640625
3.418109178543091,-0.8018321990966797,0.0005278446478769183,0.30572980642318726,2.131983995437622,0.8235334157943726,0.0005278446478769183,2.234056234359741
3.418149709701538,-0.801897406578064,0.0007672931533306837,0.3054822087287903,2.1319689750671387,0.8235527276992798,0.0007672931533306837,2.234072685241699
3.4171407222747803,-0.801314651966095,0.011674863286316395,0.30199089646339417,2.131298303604126,0.8244101405143738,0.011674863286316395,2.2347981929779053
3.4171993732452393,-0.8023660182952881,0.010354082100093365,0.292197048664093,2.1313674449920654,0.8243217468261719,0.010354082100093365,2.2347233295440674
3.417229413986206,-0.8023937940597534,0.0004154147463850677,0.2920718491077423,2.131990909576416,0.8235244750976562,0.0004154147463850677,2.23404860496521
3.4172229766845703,-0.8023657202720642,0.00028849372756667435,0.29203125834465027,2.131998300552368,0.8235149383544922,0.00028849372756667435,2.2340407371520996
3.41721773147583,-0.8024020791053772,0.00036800012458115816,0.29220882058143616,2.131993532180786,0.8235211372375488,0.00036800012458115816,2.23404598236084
3.4172070026397705,-0.8023743629455566,0.00029725313652306795,0.2922329902648926,2.13199782371521,0.8235156536102295,0.00029725313652306795,2.234041213989258
3.417229413986206,-0.8023936748504639,0.00029184232698753476,0.2920682430267334,2.13199782371521,0.8235155344009399,0.00029184232698753476,2.234041213989258
3.417219400405884,-0.80241459608078,0.00023479467199649662,0.2919156849384308,2.1320018768310547,0.823510468006134,0.00023479467199649662,2.234036922454834
3.4172143936157227,-0.8023955821990967,0.00019706971943378448,0.2919563949108124,2.1320040225982666,0.8235077261924744,0.00019706971943378448,2.234034538269043
3.4172005653381348,-0.8023535013198853,0.0004338025755714625,0.2920238673686981,2.131988763809204,0.8235270977020264,0.0004338025755714625,2.234050989151001
3.4172286987304688,-0.8023799657821655,0.0003875746042467654,0.29225409030914307,2.1319923400878906,0.8235226273536682,0.0003875746042467654,2.2340471744537354
3.417194128036499,-0.8023450970649719,0.0004990095621906221,0.29201653599739075,2.131985902786255,0.823530912399292,0.0004990095621906221,2.2340540885925293
3.4076976776123047,-0.7907329797744751,0.1503281444311142,0.42337125539779663,2.1227216720581055,0.835266649723053,0.1503281444311142,2.2440218925476074
3.4078783988952637,-0.7910684943199158,0.0038137666415423155,0.4257064759731293,2.131781578063965,0.8237924575805664,0.0038137666415423155,2.2342755794525146
3.4078783988952637,-0.7910684943199158,0.0,0.4257064759731293,2.132016181945801,0.8234922289848328,0.0,2.2340214252471924
3.4078783988952637,-0.7910684943199158,0.0,0.4257064759731293,2.132016181945801,0.8234922289848328,0.0,2.2340214252471924
3.4078783988952637,-0.7910684943199158,0.0,0.4257064759731293,2.132016181945801,0.8234922289848328,0.0,2.2340214252471924
3.4078783988952637,-0.7910684943199158,0.0,0.4257064759731293,2.132016181945801,0.8234922289848328,0.0,2.2340214252471924
3.4078783988952637,-0.7910684943199158,0.0,0.4257064759731293,2.132016181945801,0.8234922289848328,0.0,2.2340214252471924
3.4078783988952637,-0.7910684943199158,0.0,0.4257064759731293,2.132016181945801,0.8234922289848328,0.0,2.2340214252471924
3.4078783988952637,-0.7910684943199158,0.0,0.4257064759731293,2.132016181945801,0.8234922289848328,0.0,2.2340214252471924
3.4078783988952637,-0.7910684943199158,0.0,0.4257064759731293,2.132016181945801,0.8234922289848328,0.0,2.2340214252471924
3.4078783988952637,-0.7910684943199158,0.0,0.4257064759731293,2.132016181945801,0.8234922289848328,0.0,2.2340214252471924
3.4078783988952637,-0.7910684943199158,0.0,0.4257064759731293,2.132016181945801,0.8234922289848328,0.0,2.2340214252471924
3.4078783988952637,-0.7910684943199158,0.0,0.4257064759731293,2.132016181945801,0.8234922289848328,0.0,2.2340214252471924
3.4078783988952637,-0.7910684943199158,0.0,0.4257064759731293,2.132016181945801,0.8234922289848328,0.0,2.2340214252471924
3.4078783988952637,-0.7910684943199158,0.0,0.4257064759731293,2.132016181945801,0.8234922289848328,0.0,2.2340214252471924
3.4078783988952637,-0.7910684943199158,0.0,0.4257064759731293,2.132016181945801,0.8234922289848328,0.0,2.2340214252471924
3.4078783988952637,-0.7910684943199158,0.0,0.4257064759731293,2.132016181945801,0.8234922289848328,0.0,2.2340214252471924
3.4078783988952637,-0.7910684943199158,0.0,0.4257064759731293,2.132016181945801,0.8234922289848328,0.0,2.2340214252471924
3.4078783988952637,-0.7910684943199158,0.0,0.4257064759731293,2.132016181945801,0.8234922289848328,0.0,2.2340214252471924
2.8129143714904785,-0.2851394712924957,7.948519706726074,1.4909915924072266,1.6810661554336548,1.209787130355835,7.948519706726074,2.6325087547302246
2.7948765754699707,-0.2569224238395691,0.33700382709503174,1.516007900238037,2.2181835174560547,0.7010685205459595,0.33700382709503174,2.1341748237609863
2.769895076751709,-0.23506899178028107,0.32926711440086365,1.5355786085128784,2.232125997543335,0.678558349609375,0.32926711440086365,2.1165225505828857
2.7491869926452637,-0.21894079446792603,0.2630193829536438,1.5597798824310303,2.2357161045074463,0.6726152300834656,0.2630193829536438,2.111893653869629
2.7277872562408447,-0.20863781869411469,0.2408827692270279,1.5715593099594116,2.250251054763794,0.647895336151123,0.2408827692270279,2.092775583267212
2.71415114402771,-0.2067815214395523,0.13358958065509796,1.555296778678894,2.2679049968719482,0.6163285374641418,0.13358958065509796,2.0686631202697754
2.7101762294769287,-0.21857322752475739,0.1281767636537552,1.533527135848999,2.268533945083618,0.6151700615882874,0.1281767636537552,2.067784309387207
2.7124953269958496,-0.2334052175283432,0.148522287607193,1.526410698890686,2.2673072814941406,0.6174268126487732,0.148522287607193,2.0694966316223145
2.7124905586242676,-0.2495032399892807,0.1622374951839447,1.536816954612732,2.2791244983673096,0.5952897071838379,0.1622374951839447,2.052767276763916
2.7119271755218506,-0.26438817381858826,0.14827695488929749,1.5384154319763184,2.279681444168091,0.5942240357398987,0.14827695488929749,2.0519657135009766
2.710195779800415,-0.2641577124595642,0.017596865072846413,1.5400302410125732,2.2857158184051514,0.5825415849685669,0.017596865072846413,2.0431997776031494
2.708017349243164,-0.2586825489997864,0.0585736408829689,1.533268690109253,2.2838242053985596,0.5862308740615845,0.0585736408829689,2.0459635257720947
2.7093231678009033,-0.25757163763046265,0.01731489971280098,1.54328453540802,2.2857306003570557,0.5825128555297852,0.01731489971280098,2.043178081512451
2.7110841274261475,-0.2581116259098053,0.018234562128782272,1.5434978008270264,2.285672664642334,0.5826264023780823,0.018234562128782272,2.0432631969451904
2.7107865810394287,-0.26071345806121826,0.026369372382760048,1.5444530248641968,2.2853188514709473,0.5833180546760559,0.026369372382760048,2.043781042098999
2.710815906524658,-0.2617861330509186,0.010579676367342472,1.5440678596496582,2.286022186279297,0.5819416642189026,0.010579676367342472,2.042750597000122
2.7107748985290527,-0.26102352142333984,0.007735684048384428,1.544195294380188,2.286162853240967,0.581666111946106,0.007735684048384428,2.042544364929199
2.71075701713562,-0.26110532879829407,0.0008294177823700011,1.5435645580291748,2.2864718437194824,0.5810603499412537,0.0008294177823700011,2.042091131210327
2.713491678237915,-0.25944727659225464,0.03252692520618439,1.5380538702011108,2.285054922103882,0.5838336944580078,0.03252692520618439,2.0441672801971436
2.7134811878204346,-0.25941890478134155,0.0003017668495886028,1.5382646322250366,2.286496162414551,0.5810127258300781,0.0003017668495886028,2.042055368423462
2.7136549949645996,-0.25931453704833984,0.0019993202295154333,1.538765788078308,2.2864177227020264,0.5811663866043091,0.0019993202295154333,2.042170286178589
2.7109997272491455,-0.25883013010025024,0.02686629444360733,1.5378575325012207,2.2852823734283447,0.5833895802497864,0.02686629444360733,2.043834686279297
2.710984706878662,-0.25894489884376526,0.0011626121122390032,1.5380347967147827,2.2864573001861572,0.5810889005661011,0.0011626121122390032,2.042112350463867
2.7109804153442383,-0.2588392198085785,0.0010744542814791203,1.5381407737731934,2.28646183013916,0.5810799598693848,0.0010744542814791203,2.0421056747436523
2.71091628074646,-0.2589271366596222,0.0010862706694751978,1.5381488800048828,2.2864603996276855,0.5810827016830444,0.0010862706694751978,2.0421078205108643
2.7109646797180176,-0.25894874334335327,0.0005279903998598456,1.5381121635437012,2.2864856719970703,0.5810329914093018,0.0005279903998598456,2.0420706272125244
2.7137386798858643,-0.2594628930091858,0.02844749391078949,1.5367990732192993,2.285226583480835,0.5834982991218567,0.02844749391078949,2.0439159870147705
2.7138867378234863,-0.25939634442329407,0.001617973204702139,1.5357052087783813,2.286436080932617,0.5811303853988647,0.001617973204702139,2.0421433448791504
2.7138752937316895,-0.2593621015548706,0.00035699730506166816,1.5354514122009277,2.2864933013916016,0.5810179114341736,0.00035699730506166816,2.0420591831207275
2.713887929916382,-0.25940069556236267,0.00041030964348465204,1.5358606576919556,2.2864913940429688,0.5810219049453735,0.00041030964348465204,2.042062282562256
2.713884115219116,-0.25937795639038086,0.00022909147082827985,1.535818338394165,2.286499261856079,0.5810062885284424,0.00022909147082827985,2.04205060005188
2.7139453887939453,-0.2593614161014557,0.0006402830476872623,1.5357681512832642,2.2864809036254883,0.5810422897338867,0.0006402830476872623,2.0420775413513184
2.7139577865600586,-0.2594008147716522,0.00041423796210438013,1.5356290340423584,2.2864909172058105,0.5810225605964661,0.00041423796210438013,2.042062759399414
2.7138795852661133,-0.2593770921230316,0.0008045569411478937,1.5357328653335571,2.286472797393799,0.5810585618019104,0.0008045569411478937,2.0420897006988525
2.7139718532562256,-0.2593868374824524,0.0009432425140403211,1.5360199213027954,2.2864675521850586,0.5810683965682983,0.0009432425140403211,2.0420970916748047
2.7134931087493896,-0.25933417677879333,0.00480905594304204,1.535673975944519,2.2862911224365234,0.5814148783683777,0.00480905594304204,2.042356252670288
2.713909864425659,-0.259393572807312,0.004148849751800299,1.5352855920791626,2.28631854057312,0.5813608169555664,0.004148849751800299,2.04231595993042
2.7138915061950684,-0.2595701217651367,0.0018082805909216404,1.5361595153808594,2.2864291667938232,0.5811439156532288,0.0018082805909216404,2.0421535968780518
2.7136874198913574,-0.2596088945865631,0.002064282773062587,1.5365678071975708,2.2864155769348145,0.5811708569526672,0.002064282773062587,2.0421736240386963
2.713870048522949,-0.259703665971756,0.0020590226631611586,1.5373148918151855,2.2864162921905518,0.581169068813324,0.0020590226631611586,2.042172431945801
2.71455717086792,-0.25905299186706543,0.009475277736783028,1.5365396738052368,2.2860798835754395,0.581828773021698,0.009475277736783028,2.04266619682312
2.7137417793273926,-0.25923675298690796,0.008353645913302898,1.5373599529266357,2.28613018989563,0.5817303657531738,0.008353645913302898,2.0425925254821777
2.7140297889709473,-0.2589969038963318,0.003716030390933156,1.535593032836914,2.286339521408081,0.5813196897506714,0.003716030390933156,2.042285203933716
2.714261054992676,-0.25884637236595154,0.0027959004510194063,1.5340611934661865,2.2863845825195312,0.5812315940856934,0.0027959004510194063,2.0422191619873047
2.714141368865967,-0.2588651776313782,0.0012071969686076045,1.534285068511963,2.286454677581787,0.5810936689376831,0.0012071969686076045,2.0421159267425537
2.713966131210327,-0.25921544432640076,0.00390687445178628,1.5335907936096191,2.28633189201355,0.5813347101211548,0.00390687445178628,2.0422964096069336
2.7138688564300537,-0.25915566086769104,0.0011268096277490258,1.535138487815857,2.2864580154418945,0.5810874700546265,0.0011268096277490258,2.042111396789551
2.714012861251831,-0.2592293620109558,0.001644244184717536,1.5351701974868774,2.2864363193511963,0.5811299085617065,0.001644244184717536,2.0421431064605713
2.7139928340911865,-0.2592453360557556,0.00025787169579416513,1.535032868385315,2.2864980697631836,0.5810085535049438,0.00025787169579416513,2.0420522689819336
2.713874101638794,-0.25925183296203613,0.0011846083216369152,1.5350092649459839,2.2864558696746826,0.5810917019844055,0.0011846083216369152,2.042114496231079
2.713966131210327,-0.25934287905693054,0.0013007628731429577,1.5350724458694458,2.2864511013031006,0.58110111951828,0.0013007628731429577,2.042121410369873
2.714001417160034,-0.259431928396225,0.0009580489131622016,1.5357496738433838,2.286466360092163,0.5810710787773132,0.0009580489131622016,2.0420989990234375
2.7139029502868652,-0.2595175504684448,0.001284828525967896,1.5365440845489502,2.2864506244659424,0.5811020135879517,0.001284828525967896,2.0421221256256104
2.7146806716918945,-0.2591981589794159,0.008542567491531372,1.5388044118881226,2.286127805709839,0.5817347764968872,0.008542567491531372,2.042595624923706
2.7136104106903076,-0.25954824686050415,0.011272691190242767,1.5373361110687256,2.2859981060028076,0.5819888710975647,0.011272691190242767,2.042785882949829
2.7135181427001953,-0.25958892703056335,0.0010080663487315178,1.53745698928833,2.286463975906372,0.5810756087303162,0.0010080663487315178,2.042102336883545
2.713862419128418,-0.25957006216049194,0.003442351473495364,1.5368191003799438,2.28635311126709,0.5812929272651672,0.003442351473495364,2.0422651767730713
2.7137837409973145,-0.2594846785068512,0.0011374466121196747,1.5361343622207642,2.286457061767578,0.581089198589325,0.0011374466121196747,2.0421125888824463
2.713916301727295,-0.259398877620697,0.0016090013086795807,1.5361560583114624,2.28643798828125,0.5811264514923096,0.0016090013086795807,2.042140483856201
2.7140839099884033,-0.25923675298690796,0.0023422136437147856,1.5337135791778564,2.2864038944244385,0.5811935067176819,0.0023422136437147856,2.0421907901763916
2.713984727859497,-0.2594042718410492,0.0019474865403026342,1.5346816778182983,2.286421298980713,0.5811591744422913,0.0019474865403026342,2.0421650409698486
2.713912010192871,-0.2592942416667938,0.0013193709310144186,1.5355877876281738,2.286449909210205,0.5811032652854919,0.0013193709310144186,2.0421230792999268
2.713735818862915,-0.25962379574775696,0.0037343893200159073,1.537036657333374,2.2863399982452393,0.5813186764717102,0.0037343893200159073,2.0422842502593994
2.7136173248291016,-0.259734570980072,0.0015923196915537119,1.5379527807235718,2.286436080932617,0.5811302661895752,0.0015923196915537119,2.0421433448791504
2.713710069656372,-0.25969356298446655,0.0010269313352182508,1.5380260944366455,2.286463737487793,0.5810760855674744,0.0010269313352182508,2.042102813720703
2.713813304901123,-0.25941741466522217,0.0029624190647155046,1.5366747379302979,2.2863759994506836,0.58124840259552,0.0029624190647155046,2.042231798171997
2.7139928340911865,-0.259263813495636,0.0023702294565737247,1.5348409414291382,2.286402463912964,0.5811962485313416,0.0023702294565737247,2.0421926975250244
2.714113473892212,-0.25926440954208374,0.001195189543068409,1.534865379333496,2.286454916000366,0.5810932517051697,0.001195189543068409,2.0421156883239746
2.7139930725097656,-0.25935593247413635,0.0015028826892375946,1.5354291200637817,2.2864410877227783,0.581120491027832,0.0015028826892375946,2.0421359539031982
2.713982105255127,-0.25930559635162354,0.0005200324230827391,1.5340369939804077,2.2864863872528076,0.5810316801071167,0.0005200324230827391,2.042069673538208
2.713719129562378,-0.25936979055404663,0.002682830672711134,1.5355706214904785,2.2863869667053223,0.5812269449234009,0.002682830672711134,2.042215585708618
2.713959217071533,-0.2592766582965851,0.0025776305701583624,1.5350338220596313,2.2863929271698,0.5812152028083801,0.0025776305701583624,2.0422070026397705
2.713959217071533,-0.2592766582965851,0.0,1.5350338220596313,2.2865097522735596,0.5809857249259949,0.0,2.0420353412628174
2.713852643966675,-0.25927358865737915,0.0010660240659490228,1.534830927848816,2.286461353302002,0.5810807347297668,0.0010660240659490228,2.0421063899993896
2.7139084339141846,-0.2592955529689789,0.0005988542106933892,1.5342849493026733,2.286482572555542,0.5810391902923584,0.0005988542106933892,2.0420751571655273
2.7135987281799316,-0.25957566499710083,0.004179030191153288,1.5364668369293213,2.286320209503174,0.5813577771186829,0.004179030191153288,2.042313575744629
2.7135610580444336,-0.2597082853317261,0.001386973774060607,1.537255048751831,2.286447286605835,0.581108570098877,0.001386973774060607,2.0421271324157715
2.7135469913482666,-0.2596873342990875,0.0002518986875656992,1.537891149520874,2.2864983081817627,0.58100825548172,0.0002518986875656992,2.0420520305633545
2.713870048522949,-0.25960415601730347,0.0033046735916286707,1.5370848178863525,2.28635835647583,0.5812829732894897,0.0033046735916286707,2.04225754737854
2.7138190269470215,-0.2594766616821289,0.001386177958920598,1.5369853973388672,2.286447525024414,0.5811080932617188,0.001386177958920598,2.0421266555786133
2.7139127254486084,-0.25949084758758545,0.0009426944307051599,1.5363540649414062,2.2864668369293213,0.5810701847076416,0.0009426944307051599,2.0420982837677
2.7139346599578857,-0.2594335973262787,0.000613962474744767,1.5365022420883179,2.2864818572998047,0.5810403823852539,0.000613962474744767,2.0420761108398438
2.7138659954071045,-0.2594504952430725,0.000698843679856509,1.5361719131469727,2.286477565765381,0.5810487270355225,0.000698843679856509,2.0420823097229004
2.7137677669525146,-0.2593294382095337,0.0015846166061237454,1.5356022119522095,2.2864389419555664,0.5811246633529663,0.0015846166061237454,2.0421390533447266
2.7139084339141846,-0.25924208760261536,0.0016521323705092072,1.5350538492202759,2.2864346504211426,0.5811333060264587,0.0016521323705092072,2.0421457290649414
2.7139666080474854,-0.2591492235660553,0.001092836493626237,1.5347766876220703,2.2864599227905273,0.581083357334137,0.001092836493626237,2.0421082973480225
2.7140684127807617,-0.2591845989227295,0.0010734617244452238,1.534816861152649,2.2864608764648438,0.581081748008728,0.0010734617244452238,2.042107105255127
2.7139475345611572,-0.2591727674007416,0.0012255788315087557,1.5346941947937012,2.286454677581787,0.581093966960907,0.0012255788315087557,2.042116165161133
2.713782787322998,-0.2591908872127533,0.0016535883769392967,1.5344867706298828,2.2864346504211426,0.5811334252357483,0.0016535883769392967,2.0421457290649414
2.7137463092803955,-0.2592926323413849,0.0010859263129532337,1.5353307723999023,2.2864606380462646,0.5810820460319519,0.0010859263129532337,2.042107343673706
2.713738441467285,-0.25943607091903687,0.0014382682275027037,1.5358421802520752,2.286444664001465,0.5811137557029724,0.0014382682275027037,2.042130947113037
2.7138376235961914,-0.25951188802719116,0.0012492502573877573,1.535717248916626,2.2864530086517334,0.5810970067977905,0.0012492502573877573,2.042118549346924
2.7138543128967285,-0.25950148701667786,0.00019537472689989954,1.5356310606002808,2.286500930786133,0.5810032486915588,0.00019537472689989954,2.042048215866089
2.7138607501983643,-0.2594974637031555,7.639850082341582e-05,1.5356175899505615,2.286506414413452,0.5809925198554993,7.639850082341582e-05,2.0420403480529785
2.7138359546661377,-0.2594781517982483,0.0003144425281789154,1.5359781980514526,2.2864954471588135,0.5810137391090393,0.0003144425281789154,2.042056083679199
2.7139906883239746,-0.2593963146209717,0.0017403136007487774,1.5356312990188599,2.2864303588867188,0.5811417102813721,0.0017403136007487774,2.042151927947998
2.714085578918457,-0.2593395709991455,0.0011093313805758953,1.5353171825408936,2.2864596843719482,0.5810842514038086,0.0011093313805758953,2.0421090126037598
2.7140567302703857,-0.2592482268810272,0.0009477623389102519,1.5351271629333496,2.286466360092163,0.5810710787773132,0.0009477623389102519,2.0420989990234375
2.7140321731567383,-0.25930604338645935,0.0006269026198424399,1.535481572151184,2.2864813804626465,0.581041693687439,0.0006269026198424399,2.04207706451416
2.713956356048584,-0.2594311237335205,0.001484107575379312,1.5361182689666748,2.2864434719085693,0.5811160802841187,0.001484107575379312,2.042132616043091
2.7138352394104004,-0.25951510667800903,0.001479131868109107,1.536268711090088,2.286442756652832,0.5811170935630798,0.001479131868109107,2.0421335697174072
2.7138590812683105,-0.259454607963562,0.0006508306250907481,1.5362366437911987,2.286480188369751,0.5810436606407166,0.0006508306250907481,2.0420784950256348
2.7139036655426025,-0.25938931107521057,0.0007904483354650438,1.5358479022979736,2.2864739894866943,0.5810561776161194,0.0007904483354650438,2.042088031768799
2.713972330093384,-0.25932660698890686,0.0009296292555518448,1.53585684299469,2.2864675521850586,0.5810685753822327,0.0009296292555518448,2.042097330093384
2.7140214443206787,-0.2593005299568176,0.0005547010223381221,1.5355974435806274,2.286484479904175,0.581035315990448,0.0005547010223381221,2.042072296142578
2.7140417098999023,-0.2592482268810272,0.0005614298861473799,1.535740852355957,2.2864842414855957,0.5810357332229614,0.0005614298861473799,2.0420725345611572
2.7140707969665527,-0.2592705488204956,0.00036355649353936315,1.535253643989563,2.2864930629730225,0.5810184478759766,0.00036355649353936315,2.0420596599578857
2.7139675617218018,-0.2593150734901428,0.0011361276265233755,1.535596251487732,2.286458730697632,0.5810859203338623,0.0011361276265233755,2.0421102046966553
2.7138068675994873,-0.25939860939979553,0.0018120786407962441,1.5357948541641235,2.2864274978637695,0.5811471343040466,0.0018120786407962441,2.0421559810638428
2.7138092517852783,-0.25939613580703735,3.429820935707539e-05,1.535802960395813,2.286508321762085,0.5809888243675232,3.429820935707539e-05,2.0420374870300293
2.71384596824646,-0.25938835740089417,0.0003736355574801564,1.5351557731628418,2.2864928245544434,0.5810191631317139,0.0003736355574801564,2.042060136795044
2.7137675285339355,-0.2593556046485901,0.0008555661188438535,1.5352466106414795,2.286471128463745,0.5810614824295044,0.0008555661188438535,2.0420918464660645
2.713733196258545,-0.25941982865333557,0.0007264596060849726,1.5353240966796875,2.2864766120910645,0.5810506343841553,0.0007264596060849726,2.042083740234375
2.7137041091918945,-0.25944405794143677,0.00037958999746479094,1.5358691215515137,2.2864925861358643,0.5810194611549377,0.00037958999746479094,2.042060375213623
2.7139265537261963,-0.2594373822212219,0.0022265370935201645,1.5354421138763428,2.2864086627960205,0.5811840295791626,0.0022265370935201645,2.0421836376190186
2.7140145301818848,-0.25942495465278625,0.0008883196278475225,1.5357245206832886,2.2864694595336914,0.5810649394989014,0.0008883196278475225,2.0420944690704346
2.714045524597168,-0.2593504786491394,0.0008027954609133303,1.5353903770446777,2.286473274230957,0.581057608127594,0.0008027954609133303,2.0420889854431152
2.7143070697784424,-0.2592780590057373,0.0027188106905668974,1.5336658954620361,2.286386489868164,0.5812275409698486,0.0027188106905668974,2.0422160625457764
2.714036703109741,-0.25941815972328186,0.00305288378149271,1.535745620727539,2.2863714694976807,0.5812570452690125,0.00305288378149271,2.042238235473633
2.7139551639556885,-0.2594887912273407,0.0010793833062052727,1.536373496055603,2.2864608764648438,0.5810818672180176,0.0010793833062052727,2.042107105255127
2.7138609886169434,-0.259507417678833,0.0009586081723682582,1.5364454984664917,2.286466121673584,0.5810712575912476,0.0009586081723682582,2.0420992374420166
2.7139170169830322,-0.25937652587890625,0.0014228979125618935,1.5360456705093384,2.286445140838623,0.5811126232147217,0.0014228979125618935,2.0421302318573
2.713911533355713,-0.2592849135398865,0.00092076271539554,1.5357072353363037,2.286468029022217,0.5810675024986267,0.00092076271539554,2.0420963764190674
2.7138798236846924,-0.2593119144439697,0.00041680390131659806,1.535578966140747,2.2864909172058105,0.5810228586196899,0.00041680390131659806,2.042062997817993
2.713827610015869,-0.25928783416748047,0.0005754783051088452,1.5354764461517334,2.2864837646484375,0.5810369849205017,0.0005754783051088452,2.0420734882354736
2.713862657546997,-0.25924229621887207,0.0005741054774262011,1.5351877212524414,2.2864837646484375,0.5810369253158569,0.0005741054774262011,2.0420734882354736
2.7138946056365967,-0.25929731130599976,0.0006301942048594356,1.5353388786315918,2.2864809036254883,0.5810424089431763,0.0006301942048594356,2.0420775413513184
2.713848114013672,-0.25933322310447693,0.000591377611272037,1.5352929830551147,2.2864830493927,0.5810381174087524,0.000591377611272037,2.04207444190979
2.7140486240386963,-0.25937092304229736,0.002042154548689723,1.5351817607879639,2.286417245864868,0.5811675190925598,0.002042154548689723,2.0421712398529053
2.7140228748321533,-0.2593328356742859,0.000459645118098706,1.5351513624191284,2.2864890098571777,0.5810267329216003,0.000459645118098706,2.0420658588409424
2.714066743850708,-0.2593478858470917,0.0004618861130438745,1.5353727340698242,2.2864887714385986,0.581027090549469,0.0004618861130438745,2.0420660972595215
2.714022397994995,-0.25946253538131714,0.0012280804803594947,1.5360804796218872,2.28645396232605,0.581095278263092,0.0012280804803594947,2.042117118835449
2.713965892791748,-0.25948160886764526,0.000601111096329987,1.5362889766693115,2.286482810974121,0.5810388922691345,0.000601111096329987,2.0420749187469482
2.7139954566955566,-0.2594618499279022,0.00035550101893022656,1.5359344482421875,2.2864935398101807,0.5810174345970154,0.00035550101893022656,2.0420589447021484
2.713963270187378,-0.2594328820705414,0.00043286458821967244,1.5360820293426514,2.2864902019500732,0.5810243487358093,0.00043286458821967244,2.0420641899108887
2.7139668464660645,-0.2594594955444336,0.00026831217110157013,1.5355708599090576,2.2864975929260254,0.5810096859931946,0.00026831217110157013,2.04205322265625
2.7139103412628174,-0.2594458758831024,0.000581129570491612,1.5355719327926636,2.2864832878112793,0.5810375213623047,0.000581129570491612,2.042073965072632
2.7137765884399414,-0.2594606578350067,0.0013399639865383506,1.5357712507247925,2.2864487171173096,0.581105649471283,0.0013399639865383506,2.0421249866485596
2.7138473987579346,-0.25944969058036804,0.0007228943868540227,1.535359263420105,2.2864773273468018,0.5810496211051941,0.0007228943868540227,2.0420830249786377
2.7138335704803467,-0.2594236135482788,0.00029500084929168224,1.5355054140090942,2.28649640083313,0.5810120701789856,0.00029500084929168224,2.0420548915863037
2.7138330936431885,-0.2593766152858734,0.0004656068340409547,1.535470724105835,2.2864885330200195,0.581027626991272,0.0004656068340409547,2.0420665740966797
2.7138476371765137,-0.2592695355415344,0.0010881246998906136,1.535508394241333,2.2864606380462646,0.5810820460319519,0.0010881246998906136,2.042107343673706
2.7139148712158203,-0.25925037264823914,0.0006993618444539607,1.535395622253418,2.286478042602539,0.5810480117797852,0.0006993618444539607,2.042081832885742
2.7139925956726074,-0.25931262969970703,0.000999540090560913,1.5353728532791138,2.2864646911621094,0.5810744762420654,0.000999540090560913,2.0421016216278076
2.7139673233032227,-0.2592812478542328,0.00040196371264755726,1.5355669260025024,2.2864913940429688,0.5810216665267944,0.00040196371264755726,2.0420620441436768
2.713975667953491,-0.25931456685066223,0.00034448286169208586,1.5357635021209717,2.286494255065918,0.5810163617134094,0.00034448286169208586,2.042058229446411
2.714062452316284,-0.25933006405830383,0.0008788487175479531,1.5357518196105957,2.2864696979522705,0.5810642838478088,0.0008788487175479531,2.0420939922332764
2.7140133380889893,-0.2593103349208832,0.0005302405916154385,1.5354421138763428,2.2864856719970703,0.581032931804657,0.0005302405916154385,2.0420706272125244
2.713998794555664,-0.2593289613723755,0.00023582227004226297,1.5356571674346924,2.2864990234375,0.5810068249702454,0.00023582227004226297,2.042051076889038
2.7140982151031494,-0.2592470049858093,0.0012795805232599378,1.5353142023086548,2.2864513397216797,0.5811005234718323,0.0012795805232599378,2.042121171951294
2.714113473892212,-0.2593238055706024,0.0007884885417297482,1.5351758003234863,2.2864742279052734,0.5810555219650269,0.0007884885417297482,2.0420873165130615
2.7139744758605957,-0.2593645453453064,0.0014499762328341603,1.5355076789855957,2.2864439487457275,0.5811148285865784,0.0014499762328341603,2.0421319007873535
2.7139487266540527,-0.2593577802181244,0.0002657552540767938,1.5352847576141357,2.2864975929260254,0.5810094475746155,0.0002657552540767938,2.042052984237671
2.7138326168060303,-0.2593825161457062,0.0011926523875445127,1.5353288650512695,2.2864558696746826,0.5810915231704712,0.0011926523875445127,2.0421142578125
2.7137279510498047,-0.2594074606895447,0.001072765444405377,1.5357801914215088,2.2864608764648438,0.5810816287994385,0.001072765444405377,2.042106866836548
2.7137510776519775,-0.2594853937625885,0.0008153574308380485,1.5361390113830566,2.286472797393799,0.5810582041740417,0.0008153574308380485,2.0420894622802734
2.713763952255249,-0.2595052123069763,0.0002333132433705032,1.5362749099731445,2.2864990234375,0.5810068249702454,0.0002333132433705032,2.042051076889038
2.7137417793273926,-0.2595314681529999,0.00034470288665033877,1.5363836288452148,2.286494255065918,0.5810163617134094,0.00034470288665033877,2.042058229446411
2.7138068675994873,-0.25951385498046875,0.0006751239416189492,1.5361775159835815,2.2864792346954346,0.5810458064079285,0.0006751239416189492,2.0420801639556885
2.713839054107666,-0.25947844982147217,0.00048112330841831863,1.5360392332077026,2.2864880561828613,0.581028401851654,0.00048112330841831863,2.042067050933838
2.713977813720703,-0.2593887746334076,0.001642389688640833,1.535501480102539,2.2864348888397217,0.5811329483985901,0.001642389688640833,2.042145252227783
2.7140274047851562,-0.259337455034256,0.0007162437541410327,1.5355554819107056,2.2864773273468018,0.5810493230819702,0.0007162437541410327,2.0420827865600586
2.7140955924987793,-0.25932610034942627,0.000692305329721421,1.5350923538208008,2.2864785194396973,0.5810473561286926,0.000692305329721421,2.042081356048584
2.714113235473633,-0.25924891233444214,0.0007943196105770767,1.5349923372268677,2.2864737510681152,0.5810562968254089,0.0007943196105770767,2.042088031768799
2.7140965461730957,-0.2592073380947113,0.00044694822281599045,1.5350216627120972,2.286489486694336,0.5810256600379944,0.00044694822281599045,2.042065143585205
2.7141363620758057,-0.2592441737651825,0.0005445203278213739,1.5350717306137085,2.286485195159912,0.5810340642929077,0.0005445203278213739,2.0420713424682617
2.714038610458374,-0.25926050543785095,0.0009914537658914924,1.5354504585266113,2.2864646911621094,0.581074059009552,0.0009914537658914924,2.0421013832092285
2.7139790058135986,-0.2592846155166626,0.0006447294726967812,1.5353559255599976,2.286480665206909,0.5810430645942688,0.0006447294726967812,2.0420780181884766
2.713881492614746,-0.2593362331390381,0.0010921063367277384,1.5357637405395508,2.2864596843719482,0.5810840725898743,0.0010921063367277384,2.0421087741851807
2.713866949081421,-0.2593464255332947,0.00017818807100411505,1.535800576210022,2.28650164604187,0.5810015797615051,0.00017818807100411505,2.0420470237731934
2.7138240337371826,-0.25939324498176575,0.0006332660559564829,1.5358775854110718,2.2864809036254883,0.5810423493385315,0.0006332660559564829,2.0420775413513184
2.7138619422912598,-0.259383887052536,0.0003945849894080311,1.5357245206832886,2.286492109298706,0.5810205340385437,0.0003945849894080311,2.0420613288879395
2.713827133178711,-0.25940296053886414,0.00039760605432093143,1.5354183912277222,2.286491870880127,0.5810211300849915,0.00039760605432093143,2.0420615673065186
2.7138705253601074,-0.25941669940948486,0.00045482112909667194,1.535536766052246,2.2864890098571777,0.5810263156890869,0.00045482112909667194,2.0420656204223633
2.7139105796813965,-0.25943779945373535,0.0004503557283896953,1.535658836364746,2.286489248275757,0.5810260772705078,0.0004503557283896953,2.042065382003784
2.7139315605163574,-0.25946053862571716,0.0003102034970652312,1.5357812643051147,2.2864956855773926,0.5810133218765259,0.0003102034970652312,2.04205584526062
2.713979959487915,-0.2594444155693054,0.0005093690706416965,1.5355561971664429,2.2864866256713867,0.5810312032699585,0.0005093690706416965,2.04206919670105
2.7139744758605957,-0.2594169080257416,0.0002813065075315535,1.5357091426849365,2.286497116088867,0.5810107588768005,0.0002813065075315535,2.0420539379119873
2.713966131210327,-0.25935959815979004,0.0005788705893792212,1.5352756977081299,2.2864835262298584,0.5810373425483704,0.0005788705893792212,2.0420737266540527
2.7139532566070557,-0.2593335807323456,0.0002912679046858102,1.5351074934005737,2.286496639251709,0.5810115933418274,0.0002912679046858102,2.0420546531677246
2.71389102935791,-0.2593049705028534,0.0006828709738329053,1.5351718664169312,2.2864787578582764,0.5810467600822449,0.0006828709738329053,2.042080879211426
2.7139077186584473,-0.25937363505363464,0.0006989352405071259,1.5353989601135254,2.28647780418396,0.5810487270355225,0.0006989352405071259,2.0420823097229004
2.713859796524048,-0.2593683898448944,0.00048801302909851074,1.5355613231658936,2.2864878177642822,0.5810286998748779,0.00048801302909851074,2.042067289352417
2.713949203491211,-0.2593318819999695,0.0009590017143636942,1.5353572368621826,2.286465883255005,0.5810717940330505,0.0009590017143636942,2.042099714279175
2.7139482498168945,-0.25933098793029785,1.3182777365727816e-05,1.5355900526046753,2.2865092754364014,0.5809869170188904,1.3182777365727816e-05,2.0420360565185547
2.713958263397217,-0.25938042998313904,0.0004988069413229823,1.5358378887176514,2.286486864089966,0.5810307264328003,0.0004988069413229823,2.0420689582824707
2.713968276977539,-0.25937628746032715,0.00010934047168120742,1.5358190536499023,2.2865049839019775,0.5809953808784485,0.00010934047168120742,2.0420424938201904
2.713930368423462,-0.2593659460544586,0.0003947104560211301,1.5360591411590576,2.286491870880127,0.5810207724571228,0.0003947104560211301,2.0420613288879395
2.7139172554016113,-0.2593933939933777,0.00029917710344307125,1.5360502004623413,2.2864959239959717,0.5810128450393677,0.00029917710344307125,2.042055606842041
2.7139229774475098,-0.25937047600746155,0.00023976643569767475,1.5360561609268188,2.2864990234375,0.5810068249702454,0.00023976643569767475,2.042051076889038
2.7139415740966797,-0.2593492269515991,0.0002797040215227753,1.5357774496078491,2.286496877670288,0.5810109376907349,0.0002797040215227753,2.0420539379119873
2.713926076889038,-0.2593460977077484,0.00015951016393955797,1.5354666709899902,2.2865025997161865,0.5809998512268066,0.00015951016393955797,2.042045831680298
2.713937520980835,-0.2593415081501007,0.00012380880070850253,1.5355743169784546,2.2865042686462402,0.5809967517852783,0.00012380880070850253,2.042043447494507
2.7138941287994385,-0.2593063414096832,0.0005576059920713305,1.5355308055877686,2.286484479904175,0.5810354948043823,0.0005576059920713305,2.0420725345611572
2.713907480239868,-0.2593704164028168,0.0006551800761371851,1.535669207572937,2.286480188369751,0.58104407787323,0.0006551800761371851,2.042078971862793
2.713930606842041,-0.2593897581100464,0.0003011615772265941,1.5356340408325195,2.286496162414551,0.5810126066207886,0.0003011615772265941,2.042055368423462
2.7139711380004883,-0.25939252972602844,0.0004026337410323322,1.535482406616211,2.2864913940429688,0.5810219645500183,0.0004026337410323322,2.042062282562256
2.71396541595459,-0.25939875841140747,8.525648445356637e-05,1.535532832145691,2.286505937576294,0.5809932947158813,8.525648445356637e-05,2.0420408248901367
2.7140166759490967,-0.2593912184238434,0.0005200192681513727,1.535346269607544,2.2864861488342285,0.5810319185256958,0.0005200192681513727,2.042069673538208
2.7139415740966797,-0.25937315821647644,0.0007723206654191017,1.5355759859085083,2.2864747047424316,0.5810545682907104,0.0007723206654191017,2.042086601257324
2.71386456489563,-0.2594101130962372,0.0008523894939571619,1.5355830192565918,2.286470890045166,0.581061840057373,0.0008523894939571619,2.0420920848846436
2.713895320892334,-0.25943973660469055,0.0004279382701497525,1.5357564687728882,2.2864904403686523,0.5810238122940063,0.0004279382701497525,2.0420637130737305
2.7138688564300537,-0.25936853885650635,0.0007523771491833031,1.5355939865112305,2.28647518157959,0.5810534358024597,0.0007523771491833031,2.042085886001587
2.7138266563415527,-0.2593855559825897,0.00045609677908942103,1.5355379581451416,2.2864890098571777,0.5810263156890869,0.00045609677908942103,2.0420656204223633
2.713860034942627,-0.25934356451034546,0.0005398434004746377,1.5353370904922485,2.286485433578491,0.5810335278511047,0.0005398434004746377,2.0420711040496826
2.713798999786377,-0.25928795337677,0.0008152544614858925,1.5353343486785889,2.2864723205566406,0.5810593366622925,0.0008152544614858925,2.0420901775360107
2.7138173580169678,-0.25929340720176697,0.00019411087851040065,1.535405158996582,2.286501169204712,0.5810028314590454,0.00019411087851040065,2.0420479774475098
2.7139170169830322,-0.2593820095062256,0.0013337418204173446,1.5355749130249023,2.2864491939544678,0.581104576587677,0.0013337418204173446,2.042124032974243
2.713970184326172,-0.259407639503479,0.0005899181705899537,1.5357989072799683,2.2864830493927,0.5810383558273315,0.0005899181705899537,2.042074680328369
2.714022159576416,-0.25939422845840454,0.0005375542677938938,1.5357000827789307,2.286485433578491,0.5810335874557495,0.0005375542677938938,2.0420711040496826
2.7140402793884277,-0.2593996822834015,0.00018889701459556818,1.5359760522842407,2.286501169204712,0.5810025930404663,0.00018889701459556818,2.0420477390289307
2.713959217071533,-0.25939032435417175,0.0008166773477569222,1.5360149145126343,2.286472797393799,0.5810584425926208,0.0008166773477569222,2.0420897006988525
2.7139663696289062,-0.2594553828239441,0.0006558625609613955,1.5362398624420166,2.286480188369751,0.58104407787323,0.0006558625609613955,2.042078971862793
2.7139556407928467,-0.259483277797699,0.00029911569436080754,1.536162257194519,2.286496162414551,0.5810123682022095,0.00029911569436080754,2.042055130004883
2.7139596939086914,-0.259441077709198,0.00042386239510960877,1.5359985828399658,2.2864904403686523,0.5810235142707825,0.00042386239510960877,2.0420634746551514
2.713862895965576,-0.2594027519226074,0.0010411740513518453,1.535823941230774,2.2864625453948975,0.5810785293579102,0.0010411740513518453,2.042104721069336
2.713805675506592,-0.2593667209148407,0.0006762291886843741,1.5354619026184082,2.2864789962768555,0.5810459852218628,0.0006762291886843741,2.0420804023742676
2.7138195037841797,-0.2592921555042267,0.0007593102054670453,1.5349236726760864,2.286475419998169,0.5810533165931702,0.0007593102054670453,2.042085886001587
2.714730978012085,-0.25305166840553284,0.06302228569984436,1.533797025680542,2.283634901046753,0.5865990519523621,0.06302228569984436,2.0462396144866943
2.71864652633667,-0.2094007134437561,0.43851664662361145,1.53337562084198,2.2401251792907715,0.665229856967926,0.43851664662361145,2.106159210205078
2.7242960929870605,-0.14914898574352264,0.6049602627754211,1.5267086029052734,2.203545093536377,0.7237867712974548,0.6049602627754211,2.1521923542022705
2.730590343475342,-0.07463792711496353,0.7484074234962463,1.53400456905365,2.165733814239502,0.7786304950714111,0.7484074234962463,2.196605920791626
2.7361085414886475,0.01397215761244297,0.8866218328475952,1.531857967376709,2.092456579208374,0.8720046281814575,0.8866218328475952,2.2757558822631836
2.741905927658081,0.1145315021276474,1.0089576244354248,1.542362928390503,2.0134801864624023,0.9578326344490051,1.0089576244354248,2.353532314300537
2.7457008361816406,0.22572457790374756,1.110868215560913,1.5674341917037964,1.9291448593139648,1.036342978477478,1.110868215560913,2.430366277694702
2.7428979873657227,0.34664487838745117,1.1980860233306885,1.6040890216827393,1.8184937238693237,1.1229957342147827,1.1980860233306885,2.5240962505340576
2.734605312347412,0.4769105911254883,1.319772720336914,1.6520735025405884,1.7003206014633179,1.1988528966903687,1.319772720336914,2.6177470684051514
2.7179830074310303,0.6143763661384583,1.3844215869903564,1.7067452669143677,1.5770609378814697,1.262642502784729,1.3844215869903564,2.7103052139282227
2.6942965984344482,0.7603129744529724,1.474260926246643,1.7629799842834473,1.4222980737686157,1.323704481124878,1.474260926246643,2.8212778568267822
2.65714168548584,0.9098092913627625,1.5460063219070435,1.8433748483657837,1.2903834581375122,1.360869288444519,1.5460063219070435,2.9126763343811035
2.6016812324523926,1.060508370399475,1.5883668661117554,1.9526008367538452,1.1293288469314575,1.3892418146133423,1.5883668661117554,3.0217535495758057
2.5260767936706543,1.2097285985946655,1.691749930381775,2.072394609451294,0.9659789204597473,1.3999148607254028,1.691749930381775,3.1309397220611572
2.428490161895752,1.3503650426864624,1.6993873119354248,2.2033848762512207,0.831306517124176,1.395296573638916,1.6993873119354248,3.220804452896118
2.3104608058929443,1.4821200370788574,1.7773324251174927,2.330207586288452,0.6958022117614746,1.3783042430877686,1.7773324251174927,3.3118796348571777
2.172874689102173,1.600219488143921,1.8177958726882935,2.4654130935668945,0.5384075045585632,1.3424255847930908,1.8177958726882935,3.419553279876709
2.0180535316467285,1.7015540599822998,1.8356903791427612,2.5987956523895264,0.4107901155948639,1.29973304271698,1.8356903791427612,3.50929594039917
1.8469303846359253,1.788283348083496,1.9286478757858276,2.7293856143951416,0.28473615646362305,1.244404673576355,1.9286478757858276,3.601102828979492
1.660564661026001,1.8507130146026611,1.9753013849258423,2.8522534370422363,0.1660861372947693,1.1788585186004639,1.9753013849258423,3.6915011405944824
1.4658170938491821,1.8934829235076904,1.9954261779785156,2.972479820251465,0.05532455071806908,1.1039750576019287,1.9954261779785156,3.7806639671325684
1.2618991136550903,1.9147223234176636,2.0483670234680176,3.0873353481292725,-0.05040804669260979,1.0176688432693481,2.0483670234680176,3.871685266494751
1.0517321825027466,1.913616418838501,2.1056363582611084,-3.0871448516845703,-0.1475284993648529,0.9224632978439331,2.1056363582611084,-2.320801019668579
0.8391483426094055,1.8911075592041016,2.137270212173462,-2.973986864089966,-0.23467864096164703,0.820074200630188,2.137270212173462,-2.231132984161377
0.6267993450164795,1.8451491594314575,2.1746110916137695,-2.8670005798339844,-0.3262019157409668,0.688231348991394,2.1746110916137695,-2.12408447265625
0.4208439290523529,1.7707453966140747,2.1897172927856445,-2.7263777256011963,-0.3908153474330902,0.5724686980247498,2.1897172927856445,-2.035672903060913
0.2304753214120865,1.6648521423339844,2.1628801822662354,-2.56300687789917,-0.4439002573490143,0.45411375164985657,2.1628801822662354,-1.9491695165634155
0.06157129257917404,1.5289193391799927,2.1783738136291504,-2.393024444580078,-0.486594557762146,0.3315044641494751,2.1783738136291504,-1.8625891208648682
-0.0814734697341919,1.3684560060501099,2.13181471824646,-2.2256150245666504,-0.5067706108093262,0.25751829147338867,2.13181471824646,-1.8114582300186157
-0.1948726922273636,1.18492591381073,2.181236982345581,-2.0598535537719727,-0.5236294865608215,0.18002869188785553,2.181236982345581,-1.758583903312683
-0.28122198581695557,0.983984112739563,2.187753438949585,-1.903105616569519,-0.5329543352127075,0.12549149990081787,2.187753438949585,-1.7216960191726685
-0.3338271677494049,0.7726019024848938,2.1784281730651855,-1.7471060752868652,-0.5240186452865601,0.17797309160232544,2.1784281730651855,-1.757189154624939
-0.35769224166870117,0.5544227957725525,2.1949844360351562,-1.6201996803283691,-0.47151505947113037,0.37884747982025146,2.1949844360351562,-1.8957148790359497
-0.3590764105319977,0.3317610025405884,2.2300498485565186,-1.5269209146499634,-0.5294509530067444,0.14743666350841522,2.2300498485565186,-1.736511468887329
-0.3488761782646179,0.10630907118320465,2.256192922592163,-1.471413016319275,-0.5499671101570129,-0.0900631844997406,2.256192922592163,-1.577420949935913
-0.3316616714000702,-0.12203162908554077,2.2892231941223145,-1.4386060237884521,-0.5283486247062683,-0.3539397120475769,2.2892231941223145,-1.400683879852295
-0.3045524060726166,-0.3519922196865082,2.310953378677368,-1.4027116298675537,-0.46092456579208374,-0.6092070937156677,2.310953378677368,-1.224441409111023
-0.26653802394866943,-0.5834592580795288,2.350781202316284,-1.3493914604187012,-0.33629223704338074,-0.8716555237770081,2.350781202316284,-1.0304453372955322
-0.2118901163339615,-0.8144242167472839,2.34423565864563,-1.2775239944458008,-0.18093355000019073,-1.085387945175171,2.34423565864563,-0.8540629744529724
-0.13653837144374847,-1.0415180921554565,2.423861026763916,-1.176119089126587,-0.01138307061046362,-1.2514089345932007,2.423861026763916,-0.6956988573074341
-0.03469758480787277,-1.2597306966781616,2.403533697128296,-1.0543862581253052,0.39290380477905273,-1.4927109479904175,2.403533697128296,-0.3805136978626251
0.09701893478631973,-1.4636213779449463,2.434126615524292,-0.9289591312408447,0.9047632813453674,-1.5993176698684692,2.434126615524292,-0.030162375420331955
0.2550729215145111,-1.65119206905365,2.4211885929107666,-0.7947869896888733,1.2968355417251587,-1.5593509674072266,2.4211885929107666,0.23333527147769928
0.43484896421432495,-1.8137602806091309,2.4543492794036865,-0.646324098110199,1.5900477170944214,-1.4565908908843994,2.4543492794036865,0.4408390522003174
0.6386805176734924,-1.9493935108184814,2.4310524463653564,-0.5047203302383423,1.839115858078003,-1.3080865144729614,2.4310524463653564,0.634461522102356
0.8587526082992554,-2.0577759742736816,2.463747024536133,-0.36054864525794983,2.0357208251953125,-1.1349928379058838,2.463747024536133,0.8093138337135315
1.0891779661178589,-2.12550687789917,2.3754866123199463,-0.1978665590286255,2.1813344955444336,-0.9566302299499512,2.3754866123199463,0.9629671573638916
1.326045036315918,-2.1551225185394287,2.421964168548584,-0.02525383234024048,2.2879106998443604,-0.7782294154167175,2.421964168548584,1.1016186475753784
1.5599511861801147,-2.1479461193084717,2.3449220657348633,0.14437530934810638,2.367755174636841,-0.5898678302764893,2.3449220657348633,1.2381149530410767
1.7877206802368164,-2.1024391651153564,2.321063280105591,0.28027650713920593,2.4165215492248535,-0.4151420295238495,2.321063280105591,1.3591245412826538
2.0076873302459717,-2.024879217147827,2.3075509071350098,0.44687730073928833,2.444082736968994,-0.2331039011478424,2.3075509071350098,1.4819434881210327
2.207824230194092,-1.9112894535064697,2.321463108062744,0.6071654558181763,2.449857473373413,-0.07931538671255112,2.321463108062744,1.584586501121521
2.386570692062378,-1.7681035995483398,2.3001184463500977,0.7511078119277954,2.439608573913574,0.07625705003738403,2.3001184463500977,1.6885731220245361
2.536121129989624,-1.5976134538650513,2.2667346000671387,0.9307242035865784,2.419032335281372,0.20322248339653015,2.2667346000671387,1.7743473052978516
2.6572940349578857,-1.4064977169036865,2.2382314205169678,1.0831607580184937,2.3871564865112305,0.3296293020248413,2.2382314205169678,1.8612840175628662
2.7403814792633057,-1.1906373500823975,2.339142322540283,1.3837978839874268,2.342388391494751,0.4579017162322998,2.339142322540283,1.9518884420394897
2.8043954372406006,-0.9804168343544006,2.1968510150909424,1.400121808052063,2.2936389446258545,0.5668089389801025,2.1968510150909424,2.031456232070923
2.822542190551758,-0.7567803859710693,2.243690252304077,1.5685423612594604,2.2415077686309814,0.6628941297531128,2.243690252304077,2.1043498516082764
2.822542190551758,-0.7567803859710693,0.0,1.5685423612594604,2.340775728225708,0.4619098901748657,0.0,1.9547687768936157
2.822542190551758,-0.7567803859710693,0.0,1.5685423612594604,2.340775728225708,0.4619098901748657,0.0,1.9547687768936157
2.6856420040130615,-0.09626731276512146,6.798667907714844,1.9146426916122437,1.7938621044158936,1.1401196718215942,6.798667907714844,2.544095754623413
2.6196036338806152,0.12515519559383392,2.289883852005005,1.9117969274520874,2.0321714878082275,0.9387033581733704,2.289883852005005,2.3357019424438477
2.5542783737182617,0.34734058380126953,2.31282114982605,1.8810757398605347,1.9172649383544922,1.046472191810608,2.31282114982605,2.440774440765381
2.501763105392456,0.5765882134437561,2.3780364990234375,1.8348476886749268,1.7003755569458008,1.1988211870193481,2.3780364990234375,2.6177046298980713
2.442178726196289,0.8082022666931152,2.4004111289978027,1.880636215209961,1.4350074529647827,1.319425106048584,2.4004111289978027,2.8123373985290527
2.367936849594116,1.0374507904052734,2.3840487003326416,1.9587688446044922,1.1534594297409058,1.3861373662948608,2.3840487003326416,3.0055336952209473
2.268155097961426,1.2567771673202515,2.4326889514923096,2.083695650100708,0.8923164010047913,1.398890495300293,2.4326889514923096,3.1800577640533447
2.140120267868042,1.460821509361267,2.4067130088806152,2.2190115451812744,0.63298100233078,1.366117000579834,2.4067130088806152,3.3545444011688232
1.982625961303711,1.6440799236297607,2.4238779544830322,2.365443706512451,0.4068351984024048,1.2982031106948853,2.4238779544830322,3.5121231079101562
1.8001998662948608,1.80461847782135,2.424264907836914,2.5075788497924805,0.2163340002298355,1.2083326578140259,2.424264907836914,3.652662515640259
1.596395492553711,1.9362825155258179,2.428631544113159,2.6569719314575195,0.04168465733528137,1.0937182903289795,2.428631544113159,3.792041301727295
1.3757643699645996,2.034491777420044,2.39863657951355,2.8127617835998535,-0.09621098637580872,0.9749151468276978,2.39863657951355,3.913459062576294
1.1404465436935425,2.097973108291626,2.4573757648468018,2.9635772705078125,-0.2208060771226883,0.8376636505126953,2.4573757648468018,4.0371174812316895
0.899425208568573,2.122965097427368,2.4176509380340576,3.1190526485443115,-0.3256068229675293,0.6891940236091614,2.4176509380340576,4.158346176147461
0.6560519933700562,2.1127572059631348,2.4458751678466797,-3.0183396339416504,-0.4016648530960083,0.5503861308097839,2.4458751678466797,-2.019270181655884
0.4157148599624634,2.069542169570923,2.4419403076171875,-2.88100004196167,-0.47104546427726746,0.3802392780780792,2.4419403076171875,-1.8966941833496094
0.1842041164636612,1.9946523904800415,2.432029962539673,-2.7349328994750977,-0.5132685899734497,0.22991681098937988,2.432029962539673,-1.7925539016723633
-0.031116899102926254,1.8852322101593018,2.4176485538482666,-2.5801892280578613,-0.5395277738571167,0.07693780958652496,2.4176485538482666,-1.6890301704406738
-0.22272895276546478,1.7451943159103394,2.369539737701416,-2.418574094772339,-0.549144983291626,-0.04936084896326065,2.369539737701416,-1.6045621633529663
-0.3858885169029236,1.5785534381866455,2.299541473388672,-2.2514681816101074,-0.548068106174469,-0.17610479891300201,2.299541473388672,-1.5200380086898804
-0.5274392366409302,1.3740707635879517,2.4854941368103027,-2.0703518390655518,-0.5335257649421692,-0.3217009902000427,2.4854941368103027,-1.4224522113800049
-0.6168766021728516,1.1844446659088135,2.1193349361419678,-1.9316611289978027,-0.5223987698554993,-0.38642942905426025,2.1193349361419678,-1.378663420677185
-0.6837496757507324,0.9653272032737732,2.2898755073547363,-1.7776838541030884,-0.4936773180961609,-0.5071803331375122,2.2898755073547363,-1.2958933115005493
-0.7125850319862366,0.7433607578277588,2.2350728511810303,-1.618802785873413,-0.4720717668533325,-0.5771916508674622,2.2350728511810303,-1.2470422983169556
-0.708038866519928,0.5181683897972107,2.242445707321167,-1.4740749597549438,-0.45405736565589905,-0.62784743309021,2.242445707321167,-1.2111979722976685
-0.6709557771682739,0.29353970289230347,2.290294885635376,-1.3347034454345703,-0.4532001316547394,-0.6301220655441284,2.290294885635376,-1.2095774412155151
-0.6055125594139099,0.07559999823570251,2.2931458950042725,-1.2142583131790161,-0.47088339924812317,-0.5807185769081116,2.2931458950042725,-1.2445611953735352
-0.5174093842506409,-0.13745766878128052,2.27457332611084,-1.109868049621582,-0.5280826091766357,-0.3554835617542267,2.27457332611084,-1.3996394872665405
-0.40937134623527527,-0.3428512215614319,2.350008726119995,-1.021006464958191,-0.4694279134273529,-0.5849993824958801,2.350008726119995,-1.241546869277954
-0.2815527617931366,-0.540109395980835,2.3475611209869385,-0.9476737380027771,-0.3622056543827057,-0.8267160654067993,2.3475611209869385,-1.0650306940078735
-0.14502669870853424,-0.7354889512062073,2.366450548171997,-0.9034661054611206,-0.21399621665477753,-1.0461039543151855,2.366450548171997,-0.8882949948310852
-0.002339255763217807,-0.9296662211418152,2.43766188621521,-0.8754887580871582,-0.010079753585159779,-1.2524958848953247,2.43766188621521,-0.6945674419403076
0.14926578104496002,-1.1215194463729858,2.4439148902893066,-0.8466755151748657,0.2305860072374344,-1.416223168373108,2.4439148902893066,-0.5002094507217407
0.31009066104888916,-1.3098112344741821,2.4629054069519043,-0.8171030879020691,0.47301533818244934,-1.5221412181854248,2.4629054069519043,-0.3236084580421448
0.4795745611190796,-1.494840383529663,2.523855209350586,-0.7682458162307739,0.7046086192131042,-1.57979154586792,2.523855209350586,-0.16433291137218475
0.6659164428710938,-1.6635671854019165,2.51405668258667,-0.661791205406189,1.428489089012146,-1.5216357707977295,2.51405668258667,0.32466647028923035
0.867677628993988,-1.8118350505828857,2.4976015090942383,-0.5456106066703796,1.8224152326583862,-1.3202015161514282,2.4976015090942383,0.6207066774368286
1.0681506395339966,-1.9782072305679321,2.60746693611145,-0.6290002465248108,2.1149115562438965,-1.044976830482483,2.60746693611145,0.8892630338668823
1.3204610347747803,-2.0202462673187256,2.567800283432007,-0.26559755206108093,2.259005069732666,-0.8324657082557678,2.567800283432007,1.0606436729431152
1.562053918838501,-2.0714313983917236,2.4694340229034424,-0.10314276069402695,2.3633759021759033,-0.6023632287979126,2.4694340229034424,1.22928786277771
1.8039077520370483,-2.0780155658721924,2.390230655670166,0.06683789193630219,2.418523073196411,-0.40567898750305176,2.390230655670166,1.3655728101730347
2.0365960597991943,-2.0453133583068848,2.337780714035034,0.23469151556491852,2.446300983428955,-0.20527751743793488,2.337780714035034,1.5005536079406738
2.276746988296509,-1.9701467752456665,2.522122859954834,0.4115860164165497,2.4470205307006836,-0.005502660293132067,2.522122859954834,1.633836269378662
2.4638028144836426,-1.8636647462844849,2.1844699382781982,0.6934572458267212,2.4345836639404297,0.11450222134590149,2.1844699382781982,1.7142897844314575
2.652188777923584,-1.7428066730499268,2.237830400466919,0.7014935612678528,2.3950998783111572,0.3021021783351898,2.237830400466919,1.8421835899353027
2.8132293224334717,-1.583306908607483,2.2419915199279785,0.8614687919616699,2.3535568714141846,0.429176926612854,2.2419915199279785,1.9313417673110962
2.938612937927246,-1.391724944114685,2.3178296089172363,1.1699495315551758,2.289517879486084,0.5750494003295898,2.3178296089172363,2.0375986099243164
2.938612937927246,-1.391724944114685,0.0,1.1699495315551758,2.376584768295288,0.36352548003196716,0.0,1.884955644607544
3.106555700302124,-0.9874504208564758,4.478829383850098,1.301047682762146,2.0158016681671143,0.955493688583374,4.478829383850098,2.351335287094116
3.13916277885437,-0.7689265012741089,2.1874470710754395,1.4688048362731934,2.0916385650634766,0.8729653358459473,2.1874470710754395,2.276597261428833
3.1525888442993164,-0.5468844771385193,2.256930351257324,1.5741894245147705,2.00142240524292,0.9698182344436646,2.256930351257324,2.3648664951324463
3.140105962753296,-0.3228188753128052,2.242384433746338,1.6991071701049805,1.922739028930664,1.041831374168396,2.242384433746338,2.43599009513855
3.094712018966675,-0.10270708054304123,2.243621587753296,1.860805630683899,1.8192507028579712,1.1224578619003296,2.243621587753296,2.523477077484131
3.0128302574157715,0.10622764378786087,2.2291555404663086,2.016826868057251,1.7543655633926392,1.1660947799682617,2.2291555404663086,2.5756120681762695
2.9053642749786377,0.3060135245323181,2.2595157623291016,2.1277177333831787,1.6619335412979126,1.220284342765808,2.2595157623291016,2.6470577716827393
2.776780843734741,0.4950810968875885,2.3167476654052734,2.224527359008789,1.5664664506912231,1.2674682140350342,2.3167476654052734,2.718066453933716
2.636679172515869,0.6791583895683289,2.3152756690979004,2.289128541946411,1.4670602083206177,1.30806565284729,2.3152756690979004,2.789666175842285
2.4836313724517822,0.8565092086791992,2.3413403034210205,2.346892833709717,1.3395432233810425,1.3485358953475952,2.3413403034210205,2.8788857460021973
2.3188953399658203,1.0257188081741333,2.359557867050171,2.404898166656494,1.1841213703155518,1.381616473197937,2.359557867050171,2.9848709106445312
2.145348072052002,1.1896309852600098,2.392552375793457,2.4511704444885254,0.9992533922195435,1.39919114112854,2.392552375793457,3.108751058578491
1.961071491241455,1.344867467880249,2.3835573196411133,2.4993646144866943,0.7879083752632141,1.3912163972854614,2.3835573196411133,3.2498650550842285
1.76431405544281,1.4912984371185303,2.4748623371124268,2.559751272201538,0.5524614453315735,1.3463619947433472,2.4748623371124268,3.409823179244995
1.5570895671844482,1.6261107921600342,2.4560365676879883,2.6275737285614014,0.3055804967880249,1.2545197010040283,2.4560365676879883,3.5856568813323975
1.3211140632629395,1.7570056915283203,2.717719793319702,2.707702398300171,0.06182342395186424,1.1087771654129028,2.717719793319702,3.7752768993377686
1.110853910446167,1.8532071113586426,2.312391519546509,2.7751243114471436,-0.08882049471139908,0.982059121131897,2.312391519546509,3.906606435775757
0.8718965649604797,1.9411314725875854,2.5507140159606934,2.87050461769104,-0.27459603548049927,0.7662358283996582,2.5507140159606934,4.096737384796143
0.6236159205436707,1.9978282451629639,2.546952724456787,2.9963371753692627,-0.39505138993263245,0.5639553666114807,2.546952724456787,4.253851890563965
0.3696114122867584,2.019798755645752,2.543933391571045,3.14039945602417,-0.47445425391197205,0.37003201246261597,2.543933391571045,4.393665313720703
0.1172230988740921,2.0067882537841797,2.527212619781494,-2.9986648559570312,-0.5256085991859436,0.1694055199623108,2.527212619781494,-1.7513798475265503
-0.131612628698349,1.9578845500946045,2.5281238555908203,-2.862276554107666,-0.5487775206565857,-0.03945291414856911,2.5281238555908203,-1.611172080039978
-0.3680066168308258,1.875333547592163,2.4857406616210938,-2.7122602462768555,-0.545242965221405,-0.21936722099781036,2.4857406616210938,-1.4911339282989502
-0.6081740260124207,1.797010064125061,2.550137996673584,-2.754582643508911,-0.5191031694412231,-0.4028792381286621,2.550137996673584,-1.3674789667129517
-0.7765828967094421,1.6128991842269897,2.505967140197754,-2.388042449951172,-0.4880002439022064,-0.5267965793609619,2.505967140197754,-1.282279133796692
-0.9385759234428406,1.4390968084335327,2.3692424297332764,-2.223775863647461,-0.440036416053772,-0.6637364625930786,2.3692424297332764,-1.1855101585388184
-1.0673907995224,1.2445882558822632,2.34244704246521,-2.066012144088745,-0.38756316900253296,-0.7789143919944763,2.34244704246521,-1.1011066436767578
-1.16929030418396,1.0175786018371582,2.4728074073791504,-1.8890471458435059,-0.315021812915802,-0.9060519933700562,2.4728074073791504,-1.0034831762313843
-1.2206209897994995,0.8186386227607727,2.06587553024292,-1.7467292547225952,-0.26586297154426575,-0.9784516096115112,2.06587553024292,-0.9451338052749634
-1.2422901391983032,0.5779048800468445,2.413740634918213,-1.573520302772522,-0.17806124687194824,-1.088674783706665,2.413740634918213,-0.8511529564857483
-1.225150465965271,0.35627269744873047,2.2251856327056885,-1.418959379196167,-0.12004075944423676,-1.1511958837509155,2.2251856327056885,-0.7942818403244019
-1.1820462942123413,0.15826305747032166,2.0118656158447266,-1.2686225175857544,-0.07795479893684387,-1.1923868656158447,2.0118656158447266,-0.7550199627876282
-1.0998269319534302,-0.04392283409833908,2.204129695892334,-1.1170941591262817,-0.027411652728915215,-1.237834095954895,2.204129695892334,-0.7097020149230957
-0.9893819689750671,-0.2351771742105484,2.207869529724121,-0.9705213904380798,0.014917070977389812,-1.272868275642395,2.207869529724121,-0.6730690002441406
-0.8385597467422485,-0.42207884788513184,2.3928966522216797,-0.8288989663124084,0.07200418412685394,-1.3161921501159668,2.3928966522216797,-0.625287652015686
-0.6931917071342468,-0.5658457279205322,2.053849458694458,-0.7299320697784424,0.022583000361919403,-1.2789392471313477,2.053849458694458,-0.6665498614311218
-0.5193033218383789,-0.7111327648162842,2.2655675411224365,-0.6303277015686035,-0.0009764337446540594,-1.2600189447402954,2.2655675411224365,-0.6866944432258606
-0.31467893719673157,-0.8509307503700256,2.459260940551758,-0.5320068597793579,-0.1911865621805191,-1.0734953880310059,2.459260940551758,-0.8645310997962952
-0.11592736840248108,-0.9700645208358765,2.3383564949035645,-0.49524256587028503,-0.05658895894885063,-1.2121055126190186,2.3383564949035645,-0.7356366515159607
0.08854826539754868,-1.0863326787948608,2.3156397342681885,-0.4735718369483948,0.15478259325027466,-1.3718605041503906,2.3156397342681885,-0.5587714910507202
0.27874982357025146,-1.1941391229629517,2.2187347412109375,-0.4695969223976135,0.3483019173145294,-1.4740303754806519,2.2187347412109375,-0.4127523601055145
0.4895694851875305,-1.311883807182312,2.412307024002075,-0.47057026624679565,0.6438595056533813,-1.5684270858764648,2.412307024002075,-0.2055377960205078
0.7032045125961304,-1.4305719137191772,2.445547342300415,-0.4589509963989258,0.9064174890518188,-1.5993666648864746,2.445547342300415,-0.029059115797281265
0.9238349795341492,-1.540218472480774,2.455587387084961,-0.3962964415550232,1.169404149055481,-1.5838671922683716,2.455587387084961,0.1467960774898529
1.1543759107589722,-1.6307263374328613,2.4593944549560547,-0.2947152256965637,1.7104123830795288,-1.3929705619812012,2.4593944549560547,0.5316329598426819
1.39253568649292,-1.6956214904785156,2.4901437759399414,-0.1801948994398117,2.1062488555908203,-1.0555567741394043,2.4901437759399414,0.8801469802856445
1.39253568649292,-1.6956214904785156,0.0,-0.1801948994398117,1.9340885877609253,-1.2320643663406372,0.0,0.7155849933624268
1.39253568649292,-1.6956214904785156,0.0,-0.1801948994398117,1.9340885877609253,-1.2320643663406372,0.0,0.7155849933624268
2.1523449420928955,-1.6772102117538452,7.7963972091674805,0.2564169466495514,2.38421893119812,0.33933597803115845,7.7963972091674805,1.8680449724197388
2.3734335899353027,-1.6260746717453003,2.2703418731689453,0.289984792470932,2.442666530609131,0.04814346134662628,2.2703418731689453,1.669719934463501
2.619744062423706,-1.5686051845550537,2.4330835342407227,0.2826196253299713,2.394313097000122,0.3049192428588867,2.4330835342407227,1.8441334962844849
2.8582966327667236,-1.4917176961898804,2.609036684036255,0.3908233940601349,2.3248202800750732,0.4998910129070282,2.609036684036255,1.9822338819503784
2.8582966327667236,-1.4917176961898804,0.0,0.3908233940601349,2.4054436683654785,0.2628828287124634,0.0,1.8151423931121826
3.289818286895752,-1.2353839874267578,5.000690937042236,0.7275291085243225,1.9503506422042847,1.0177202224731445,5.000690937042236,2.4115512371063232
3.452556848526001,-1.0592702627182007,2.4225494861602783,1.0278915166854858,2.0261075496673584,0.944984495639801,2.4225494861602783,2.341522455215454
3.6044881343841553,-0.8833835124969482,2.320422649383545,0.981576144695282,1.9166297912597656,1.0470077991485596,2.320422649383545,2.441328287124634
3.7249772548675537,-0.6869593858718872,2.307136297225952,1.1066128015518188,1.814606785774231,1.125746726989746,2.307136297225952,2.527270793914795
3.791705369949341,-0.5322304368019104,1.6792670488357544,0.9670286774635315,1.7792936563491821,1.1499087810516357,1.6792670488357544,2.5557971000671387
3.7320079803466797,-0.4683798551559448,0.873333752155304,0.6505598425865173,1.845621943473816,1.1032711267471313,0.873333752155304,2.501734972000122
3.658734083175659,-0.4362328052520752,0.8067135214805603,0.489184707403183,1.8515434265136719,1.0988408327102661,0.8067135214805603,2.496804714202881
3.620156764984131,-0.44177475571632385,0.38550418615341187,0.42132237553596497,1.9043461084365845,1.0572482347488403,0.38550418615341187,2.4519898891448975
3.592958927154541,-0.4593873918056488,0.3268038332462311,0.4188939332962036,1.9293837547302246,1.0361369848251343,0.3268038332462311,2.4301559925079346
3.569213390350342,-0.4705909490585327,0.25995638966560364,0.4172947108745575,1.9536395072937012,1.0147680044174194,0.25995638966560364,2.4086050987243652
3.5503990650177,-0.4788742661476135,0.20784419775009155,0.4147621989250183,1.9578675031661987,1.0109469890594482,0.20784419775009155,2.4048056602478027
3.538391351699829,-0.4849615693092346,0.13277071714401245,0.4123679995536804,1.9631105661392212,1.0061676502227783,0.13277071714401245,2.400076150894165
3.533160924911499,-0.48693111538887024,0.056034207344055176,0.4120997190475464,1.9879599809646606,0.9828846454620361,0.056034207344055176,2.377373695373535
3.534057855606079,-0.48686274886131287,0.009089779108762741,0.41234689950942993,1.9913402795791626,0.9796343445777893,0.009089779108762741,2.3742475509643555
3.5345237255096436,-0.4868897795677185,0.0046880547888576984,0.4121509790420532,1.9916517734527588,0.9793338179588318,0.0046880547888576984,2.3739588260650635
3.5341038703918457,-0.48703235387802124,0.004421295132488012,0.4122573733329773,1.9916685819625854,0.9793176651000977,0.004421295132488012,2.373943328857422
3.53444242477417,-0.4869547188282013,0.0034261327236890793,0.4122883379459381,1.991737723350525,0.979250967502594,0.0034261327236890793,2.3738794326782227
3.534341812133789,-0.4869883358478546,0.0010689713526517153,0.41234856843948364,1.9919112920761108,0.9790833592414856,0.0010689713526517153,2.373718500137329
3.5343430042266846,-0.4870641529560089,0.0007652128697372973,0.4125261902809143,1.991932988166809,0.9790623784065247,0.0007652128697372973,2.3736982345581055
3.534416437149048,-0.4870002865791321,0.000974257302004844,0.41217684745788574,1.9919174909591675,0.9790772795677185,0.000974257302004844,2.3737127780914307
3.53436541557312,-0.48703813552856445,0.0006333744968287647,0.412194162607193,1.9919418096542358,0.9790538549423218,0.0006333744968287647,2.373690128326416
3.534417152404785,-0.4870273470878601,0.000529555487446487,0.4122476875782013,1.9919495582580566,0.9790464043617249,0.000529555487446487,2.373682975769043
3.534372568130493,-0.4870530366897583,0.0005102074355818331,0.4122222065925598,1.991950511932373,0.9790454506874084,0.0005102074355818331,2.3736820220947266
3.534406900405884,-0.48705095052719116,0.0003458404098637402,0.41210421919822693,1.9919627904891968,0.9790335893630981,0.0003458404098637402,2.373670816421509
