2.8765604496002197,1.611836314201355,0.0,3.0978472232818604,0.7932072877883911,1.3917828798294067,0.0,3.246312379837036
2.8765745162963867,1.6118098497390747,0.0002992458757944405,3.097731113433838,0.7931774854660034,1.3917796611785889,0.0002992458757944405,3.2463324069976807
2.8765578269958496,1.6118919849395752,0.0008363961824215949,3.0974435806274414,0.7931239604949951,1.39177405834198,0.0008363961824215949,3.246368169784546
2.876526355743408,1.6118807792663574,0.000336736673489213,3.097388744354248,0.7931740880012512,1.3917793035507202,0.000336736673489213,3.2463347911834717
2.8765523433685303,1.611873745918274,0.0002681187470443547,3.097557306289673,0.793180525302887,1.3917800188064575,0.0002681187470443547,3.2463302612304688
2.8765509128570557,1.6118664741516113,7.426441879943013e-05,3.097466468811035,0.7931999564170837,1.3917820453643799,7.426441879943013e-05,3.2463173866271973
2.8765406608581543,1.6119024753570557,0.00037352184881456196,3.097170352935791,0.7931700944900513,1.3917789459228516,0.00037352184881456196,3.246337413787842
2.8765251636505127,1.611919641494751,0.00023230694932863116,3.0971133708953857,0.7931842803955078,1.3917803764343262,0.00023230694932863116,3.2463278770446777
2.876540184020996,1.6118656396865845,0.0005600087461061776,3.097334146499634,0.7931515574455261,1.3917770385742188,0.0005600087461061776,3.246349811553955
2.8765180110931396,1.6119294166564941,0.0006732484325766563,3.097074508666992,0.793140172958374,1.3917757272720337,0.0006732484325766563,3.2463574409484863
2.8765387535095215,1.611903190612793,0.0003354803193360567,3.0973687171936035,0.7931740283966064,1.3917793035507202,0.0003354803193360567,3.2463347911834717
2.8765792846679688,1.6118050813674927,0.0010611140169203281,3.097806215286255,0.7931017279624939,1.3917717933654785,0.0010611140169203281,3.2463831901550293
2.8765621185302734,1.6118738651275635,0.0006925361230969429,3.0976765155792236,0.7931367754936218,1.3917754888534546,0.0006925361230969429,3.2463595867156982
2.876539945602417,1.611867070198059,0.00023771969426888973,3.0975708961486816,0.793184220790863,1.3917803764343262,0.00023771969426888973,3.2463278770446777
2.8765344619750977,1.6119236946105957,0.0005673219566233456,3.097158670425415,0.7931507229804993,1.3917769193649292,0.0005673219566233456,3.2463502883911133
2.8765671253204346,1.611863613128662,0.0006788457976654172,3.0977120399475098,0.7931392788887024,1.3917757272720337,0.0006788457976654172,3.2463579177856445
2.8765785694122314,1.611818552017212,0.0004720875294879079,3.0978782176971436,0.7931610941886902,1.3917779922485352,0.0004720875294879079,3.2463433742523193
2.8765451908111572,1.6118907928466797,0.0007946401601657271,3.097226142883301,0.7931281328201294,1.3917745351791382,0.0007946401601657271,3.246365547180176
2.8765804767608643,1.61179780960083,0.0009949217783287168,3.0979371070861816,0.7931084036827087,1.3917723894119263,0.0009949217783287168,3.2463786602020264
2.8765616416931152,1.6118640899658203,0.0006791310152038932,3.0976638793945312,0.7931388020515442,1.3917756080627441,0.0006791310152038932,3.2463583946228027
2.876539707183838,1.61184561252594,0.0002905619330704212,3.097541093826294,0.7931787967681885,1.391779899597168,0.0002905619330704212,3.2463314533233643
2.876539945602417,1.611892580986023,0.0004712224181275815,3.0976343154907227,0.793160617351532,1.3917779922485352,0.0004712224181275815,3.2463436126708984
2.8765196800231934,1.6119296550750732,0.00042296628816984594,3.097165584564209,0.7931652665138245,1.3917784690856934,0.00042296628816984594,3.24634051322937
2.876577854156494,1.611935019493103,0.00058525096392259,3.0970804691314697,0.7931492328643799,1.39177668094635,0.00058525096392259,3.2463512420654297
2.8765506744384766,1.611935019493103,0.0002689167740754783,3.0971386432647705,0.7931802868843079,1.3917800188064575,0.0002689167740754783,3.246330499649048
2.876540184020996,1.6118477582931519,0.0008864387637004256,3.097675085067749,0.7931199073791504,1.3917737007141113,0.0008864387637004256,3.246371030807495
2.876530170440674,1.611867904663086,0.00022523208463098854,3.097400665283203,0.7931849360466003,1.3917804956436157,0.00022523208463098854,3.2463274002075195
2.8765358924865723,1.6118559837341309,0.00013237535313237458,3.09755277633667,0.7931941747665405,1.3917814493179321,0.00013237535313237458,3.246321201324463
2.8765289783477783,1.6119076013565063,0.0005194097757339478,3.0973613262176514,0.7931554913520813,1.3917773962020874,0.0005194097757339478,3.246347188949585
2.876526355743408,1.6118754148483276,0.0003229413414373994,3.097412109375,0.7931751608848572,1.3917794227600098,0.0003229413414373994,3.2463338375091553
2.876527786254883,1.611909031867981,0.0003373143554199487,3.097332000732422,0.7931738495826721,1.3917793035507202,0.0003373143554199487,3.2463347911834717
2.876523971557617,1.6118704080581665,0.0003877183480653912,3.0974619388580322,0.7931687235832214,1.391778826713562,0.0003877183480653912,3.246338367462158
2.8765666484832764,1.611900806427002,0.0005247449735179543,3.097348928451538,0.7931551933288574,1.3917773962020874,0.0005247449735179543,3.246347427368164
2.8765475749969482,1.611820936203003,0.0008213495602831244,3.097705602645874,0.7931256294250488,1.391774296760559,0.0008213495602831244,3.2463672161102295
2.8765766620635986,1.611822247505188,0.00029069784795865417,3.097940444946289,0.7931783199310303,1.3917797803878784,0.00029069784795865417,3.2463319301605225
2.876547336578369,1.6118649244308472,0.0005169754731468856,3.097339630126953,0.7931557893753052,1.3917773962020874,0.0005169754731468856,3.246346950531006
2.876596450805664,1.6118217706680298,0.0006558797904290259,3.097705125808716,0.7931422591209412,1.3917759656906128,0.0006558797904290259,3.2463560104370117
2.8765485286712646,1.6119177341461182,0.001070421189069748,3.0972607135772705,0.7931006550788879,1.391771674156189,0.001070421189069748,3.2463839054107666
2.876547336578369,1.611904263496399,0.0001346232311334461,3.0972516536712646,0.7931938767433167,1.3917814493179321,0.0001346232311334461,3.246321439743042
2.8765463829040527,1.6118927001953125,0.00011522709974087775,3.097398281097412,0.7931957840919495,1.3917816877365112,0.00011522709974087775,3.2463202476501465
2.8765416145324707,1.6118104457855225,0.0008262721239589155,3.0978171825408936,0.7931253910064697,1.3917741775512695,0.0008262721239589155,3.2463674545288086
2.8765249252319336,1.611936092376709,0.0012825997546315193,3.097195863723755,0.7930812239646912,1.3917696475982666,0.0012825997546315193,3.246397018432617
2.876549482345581,1.6118097305297852,0.001285639125853777,3.097832202911377,0.7930792570114136,1.3917694091796875,0.001285639125853777,3.2463982105255127
2.8765501976013184,1.6118290424346924,0.00019385432824492455,3.0976247787475586,0.7931880950927734,1.3917808532714844,0.00019385432824492455,3.2463252544403076
2.8765294551849365,1.611856460571289,0.0003436996485106647,3.0974924564361572,0.7931731343269348,1.3917793035507202,0.0003436996485106647,3.24633526802063
2.8765203952789307,1.611876368522644,0.0002156485425075516,3.097590923309326,0.7931855320930481,1.3917806148529053,0.0002156485425075516,3.2463269233703613
2.87656831741333,1.6119316816329956,0.0007425221847370267,3.0972070693969727,0.7931345105171204,1.3917752504348755,0.0007425221847370267,3.246361255645752
2.8765547275543213,1.611855149269104,0.0007769927033223212,3.097625494003296,0.7931299805641174,1.3917747735977173,0.0007769927033223212,3.246364116668701
2.8765759468078613,1.6118515729904175,0.00021558781736530364,3.097554922103882,0.7931858897209167,1.3917806148529053,0.00021558781736530364,3.2463266849517822
2.8765664100646973,1.6118381023406982,0.00016493434668518603,3.0975351333618164,0.7931908965110779,1.3917810916900635,0.00016493434668518603,3.246323347091675
2.8765413761138916,1.6118437051773071,0.0002537464606575668,3.0978260040283203,0.7931817770004272,1.391780138015747,0.0002537464606575668,3.2463295459747314
2.8765242099761963,1.611862301826477,0.0002556213003117591,3.0974085330963135,0.7931821346282959,1.391780138015747,0.0002556213003117591,3.2463293075561523
2.8765549659729004,1.6118857860565186,0.0003863877500407398,3.0976152420043945,0.793168842792511,1.391778826713562,0.0003863877500407398,3.246338129043579
2.8765671253204346,1.6118377447128296,0.0004962170496582985,3.0977396965026855,0.7931579947471619,1.3917776346206665,0.0004962170496582985,3.2463455200195312
2.876523494720459,1.6117995977401733,0.0005814308533445001,3.0978240966796875,0.7931496500968933,1.3917768001556396,0.0005814308533445001,3.2463510036468506
2.876523971557617,1.6118606328964233,0.0006109023815952241,3.0975375175476074,0.7931466102600098,1.391776442527771,0.0006109023815952241,3.2463531494140625
2.876523733139038,1.611844778060913,0.00015798973618075252,3.0975921154022217,0.7931915521621704,1.391781210899353,0.00015798973618075252,3.2463228702545166
2.8765435218811035,1.611810564994812,0.0003936509892810136,3.0980212688446045,0.7931680083274841,1.3917787075042725,0.0003936509892810136,3.2463388442993164
2.8765690326690674,1.6118254661560059,0.00029682612512260675,3.0977132320404053,0.7931779026985168,1.3917797803878784,0.00029682612512260675,3.2463321685791016
2.8765430450439453,1.6118173599243164,0.00027319308719597757,3.0978736877441406,0.7931802272796631,1.3917800188064575,0.00027319308719597757,3.246330499649048
2.876535654067993,1.611832857131958,0.00017095568182412535,3.0977883338928223,0.7931902408599854,1.3917810916900635,0.00017095568182412535,3.246323823928833
2.8765225410461426,1.6118431091308594,0.00016461615450680256,3.0976758003234863,0.7931907773017883,1.3917810916900635,0.00016461615450680256,3.246323585510254
2.8765242099761963,1.6118919849395752,0.0004960867809131742,3.097538948059082,0.7931586503982544,1.391777753829956,0.0004960867809131742,3.246345043182373
2.8765413761138916,1.6118054389953613,0.0008779038907960057,3.0979456901550293,0.7931195497512817,1.3917735815048218,0.0008779038907960057,3.246371269226074
2.876514196395874,1.6118717193603516,0.0007218826212920249,3.0973894596099854,0.7931360602378845,1.391775369644165,0.0007218826212920249,3.2463600635528564
2.876512289047241,1.6118578910827637,0.00013949999993201345,3.097538471221924,0.7931933999061584,1.3917813301086426,0.00013949999993201345,3.246321678161621
2.8765196800231934,1.6118720769882202,0.00016019023314584047,3.0973193645477295,0.7931913733482361,1.391781210899353,0.00016019023314584047,3.2463231086730957
2.8764984607696533,1.6118515729904175,0.00029365031514316797,3.097691059112549,0.7931779623031616,1.3917797803878784,0.00029365031514316797,3.2463321685791016
2.8765270709991455,1.6119462251663208,0.000990837230347097,3.09729266166687,0.7931089401245117,1.3917725086212158,0.000990837230347097,3.2463784217834473
2.8765134811401367,1.6118090152740479,0.0013828922528773546,3.0976014137268066,0.7930701971054077,1.391768455505371,0.0013828922528773546,3.2464044094085693
2.8764889240264893,1.6119039058685303,0.000980373821221292,3.097289562225342,0.7931098341941833,1.3917726278305054,0.000980373821221292,3.24637770652771
2.876546621322632,1.6118907928466797,0.000589905132073909,3.097642660140991,0.7931484580039978,1.39177668094635,0.000589905132073909,3.246351957321167
2.8765218257904053,1.6118369102478027,0.0005936743691563606,3.0978684425354004,0.7931483387947083,1.39177668094635,0.0005936743691563606,3.246351957321167
2.876533269882202,1.6118648052215576,0.0003014615795109421,3.0976152420043945,0.7931773066520691,1.3917796611785889,0.0003014615795109421,3.2463324069976807
2.8765506744384766,1.6119019985198975,0.0004112541791982949,3.0973429679870605,0.79316645860672,1.391778588294983,0.0004112541791982949,3.246339797973633
2.876553535461426,1.6118067502975464,0.0009423574665561318,3.097750186920166,0.7931125164031982,1.3917728662490845,0.0009423574665561318,3.2463760375976562
2.8765690326690674,1.61190664768219,0.0010081907967105508,3.0973758697509766,0.7931067943572998,1.3917722702026367,0.0010081907967105508,3.246379852294922
2.876499652862549,1.6118556261062622,0.0008739568875171244,3.097755193710327,0.7931216359138489,1.3917738199234009,0.0008739568875171244,3.2463698387145996
2.8765482902526855,1.6118100881576538,0.0006667280686087906,3.0977256298065186,0.7931410670280457,1.3917758464813232,0.0006667280686087906,3.246356725692749
2.8765575885772705,1.6118595600128174,0.0004961910308338702,3.0976967811584473,0.7931572198867798,1.3917776346206665,0.0004961910308338702,3.2463459968566895
2.876537561416626,1.611831784248352,0.0003471753152552992,3.0977113246917725,0.7931732535362244,1.3917793035507202,0.0003471753152552992,3.24633526802063
2.8765385150909424,1.6118195056915283,0.00012339466775301844,3.0977470874786377,0.7931950688362122,1.3917815685272217,0.00012339466775301844,3.2463207244873047
2.8765079975128174,1.6118814945220947,0.0006901362212374806,3.097311496734619,0.7931385636329651,1.3917756080627441,0.0006901362212374806,3.2463583946228027
2.8765475749969482,1.6119039058685303,0.0004537077620625496,3.0971601009368896,0.7931620478630066,1.3917781114578247,0.0004537077620625496,3.246342658996582
2.8765392303466797,1.6118758916854858,0.0002923815045505762,3.097700834274292,0.7931782603263855,1.3917797803878784,0.0002923815045505762,3.2463319301605225
2.8765156269073486,1.6118383407592773,0.00044416647870093584,3.097738265991211,0.7931631803512573,1.3917782306671143,0.00044416647870093584,3.2463419437408447
2.8765194416046143,1.6118603944778442,0.0002244828938273713,3.0975520610809326,0.7931850552558899,1.3917804956436157,0.0002244828938273713,3.2463274002075195
2.876523017883301,1.611857533454895,4.5834927732357755e-05,3.097534418106079,0.7932027578353882,1.3917824029922485,4.5834927732357755e-05,3.2463154792785645
2.87652587890625,1.6118417978286743,0.00016027246601879597,3.097867488861084,0.7931913733482361,1.391781210899353,0.00016027246601879597,3.2463231086730957
2.876544713973999,1.6118413209915161,0.00018782680854201317,3.097705841064453,0.7931885719299316,1.3917808532714844,0.00018782680854201317,3.2463250160217285
2.876495599746704,1.6118645668029785,0.0005438706139102578,3.0976438522338867,0.7931532859802246,1.3917771577835083,0.0005438706139102578,3.2463486194610596
2.87650465965271,1.6118499040603638,0.00017086943262256682,3.097477912902832,0.7931901812553406,1.3917810916900635,0.00017086943262256682,3.246323823928833
2.87650465965271,1.6119214296340942,0.0007219781982712448,3.097233533859253,0.7931361794471741,1.391775369644165,0.0007219781982712448,3.2463600635528564
2.8764960765838623,1.6119030714035034,0.00020266226783860475,3.0972537994384766,0.793187141418457,1.3917807340621948,0.00020266226783860475,3.246325969696045
2.8765692710876465,1.6118805408477783,0.0007673946092836559,3.0976758003234863,0.7931311130523682,1.3917748928070068,0.0007673946092836559,3.246363401412964
2.876521348953247,1.611869215965271,0.0004866881063207984,3.097724437713623,0.7931583523750305,1.391777753829956,0.0004866881063207984,3.246345281600952
2.876551628112793,1.611854076385498,0.0003385251620784402,3.097623825073242,0.793173611164093,1.3917793035507202,0.0003385251620784402,3.246335029602051
2.8765320777893066,1.6118712425231934,0.00026240761508233845,3.0975546836853027,0.7931814193725586,1.391780138015747,0.00026240761508233845,3.2463297843933105
2.8765439987182617,1.6118495464324951,0.00024669533013366163,3.0976076126098633,0.7931826710700989,1.3917802572250366,0.00024669533013366163,3.246328830718994
2.876542806625366,1.6118515729904175,2.3655587938264944e-05,3.097757577896118,0.7932049632072449,1.3917826414108276,2.3655587938264944e-05,3.24631404876709
2.876532793045044,1.6119047403335571,0.0005385600961744785,3.0974514484405518,0.7931535243988037,1.3917771577835083,0.0005385600961744785,3.2463483810424805
2.876540184020996,1.6118745803833008,0.00030839821556583047,3.0974555015563965,0.7931764125823975,1.3917795419692993,0.00030839821556583047,3.246333122253418
2.8765313625335693,1.6118183135986328,0.0005752816214226186,3.0977749824523926,0.7931506633758545,1.3917769193649292,0.0005752816214226186,3.2463502883911133
2.8765430450439453,1.6118083000183105,0.00015417630493175238,3.097726583480835,0.7931920289993286,1.391781210899353,0.00015417630493175238,3.2463226318359375
2.8765249252319336,1.6118505001068115,0.0004590139433275908,3.0975303649902344,0.7931616306304932,1.3917779922485352,0.0004590139433275908,3.2463431358337402
2.8765194416046143,1.6118502616882324,5.508420872502029e-05,3.0972819328308105,0.7932018637657166,1.391782283782959,5.508420872502029e-05,3.2463159561157227
2.8765299320220947,1.611893892288208,0.00044878560584038496,3.097254514694214,0.7931627035140991,1.3917781114578247,0.00044878560584038496,3.246342420578003
2.876533269882202,1.611854076385498,0.0003946658980567008,3.097677707672119,0.7931675910949707,1.3917787075042725,0.0003946658980567008,3.2463390827178955
2.876542568206787,1.6119029521942139,0.0004971856833435595,3.0973567962646484,0.7931578159332275,1.3917776346206665,0.0004971856833435595,3.2463455200195312
2.8765416145324707,1.611878752708435,0.00024416804080829024,3.097534418106079,0.7931832075119019,1.3917802572250366,0.00024416804080829024,3.246328592300415
2.876488447189331,1.6119459867477417,0.0008594179525971413,3.0970752239227295,0.7931220531463623,1.3917739391326904,0.0008594179525971413,3.2463696002960205
2.8765194416046143,1.6118664741516113,0.0008559143752790987,3.0974111557006836,0.793122410774231,1.3917739391326904,0.0008559143752790987,3.2463693618774414
2.8765172958374023,1.6118583679199219,8.35451646707952e-05,3.0975887775421143,0.7931989431381226,1.3917819261550903,8.35451646707952e-05,3.2463181018829346
2.8765292167663574,1.6118429899215698,0.00019518312183208764,3.0979056358337402,0.7931879758834839,1.3917808532714844,0.00019518312183208764,3.2463254928588867
2.8765358924865723,1.6118683815002441,0.000262285495409742,3.0976195335388184,0.7931811809539795,1.391780138015747,0.000262285495409742,3.2463300228118896
2.8765265941619873,1.6118577718734741,0.00014163384912535548,3.097520351409912,0.7931932806968689,1.3917813301086426,0.00014163384912535548,3.2463219165802
2.876528263092041,1.6119427680969238,0.0008497358649037778,3.0972537994384766,0.7931227684020996,1.3917739391326904,0.0008497358649037778,3.2463691234588623
2.8765294551849365,1.611939549446106,3.4071381378453225e-05,3.097468137741089,0.7932038903236389,1.391782522201538,3.4071381378453225e-05,3.246314764022827
2.876528263092041,1.6119636297225952,0.0002394741022726521,3.0971453189849854,0.7931833267211914,1.3917803764343262,0.0002394741022726521,3.246328592300415
2.876556634902954,1.6118860244750977,0.0008362325024791062,3.0973684787750244,0.7931251525878906,1.3917741775512695,0.0008362325024791062,3.2463674545288086
2.8765318393707275,1.6119191646575928,0.0004150362510699779,3.0971970558166504,0.7931661605834961,1.3917784690856934,0.0004150362510699779,3.246340036392212
2.876540184020996,1.6118354797363281,0.000838015170302242,3.0976243019104004,0.7931236624717712,1.39177405834198,0.000838015170302242,3.246368408203125
2.8765201568603516,1.6118254661560059,0.00022307831386569887,3.097757339477539,0.7931850552558899,1.3917804956436157,0.00022307831386569887,3.2463274002075195
2.8765082359313965,1.611915946006775,0.0009181833593174815,3.097368001937866,0.793116569519043,1.3917733430862427,0.0009181833593174815,3.246373176574707
2.876514434814453,1.6119506359100342,0.00035123873385600746,3.097203016281128,0.7931722402572632,1.3917791843414307,0.00035123873385600746,3.246335983276367
2.8765017986297607,1.6118706464767456,0.000800274487119168,3.0974159240722656,0.7931267619132996,1.3917744159698486,0.000800274487119168,3.246366500854492
2.876577854156494,1.6118115186691284,0.0009737057844176888,3.0977985858917236,0.7931115031242371,1.391772747039795,0.0009737057844176888,3.2463765144348145
2.8765361309051514,1.6117658615112305,0.0006211069994606078,3.097977876663208,0.7931457757949829,1.3917763233184814,0.0006211069994606078,3.2463536262512207
2.876512289047241,1.6118525266647339,0.0008930005715228617,3.0976295471191406,0.7931179404258728,1.3917734622955322,0.0008930005715228617,3.2463722229003906
2.876509428024292,1.6118841171264648,0.0003207809349987656,3.0974605083465576,0.7931757569313049,1.3917795419692993,0.0003207809349987656,3.246333599090576
2.876507043838501,1.6118589639663696,0.00025274240761063993,3.0974957942962646,0.7931821942329407,1.3917802572250366,0.00025274240761063993,3.2463293075561523
2.87650728225708,1.6118890047073364,0.0003004737664014101,3.0973570346832275,0.7931774258613586,1.3917796611785889,0.0003004737664014101,3.2463324069976807
2.876558542251587,1.6118685007095337,0.0005369294085539877,3.0975162982940674,0.793152391910553,1.3917770385742188,0.0005369294085539877,3.2463490962982178
2.8765389919281006,1.6118903160095215,0.0002984036400448531,3.097202777862549,0.7931782007217407,1.3917797803878784,0.0002984036400448531,3.2463319301605225
2.876542329788208,1.6118656396865845,0.0002507907629478723,3.097507953643799,0.7931825518608093,1.3917802572250366,0.0002507907629478723,3.2463290691375732
2.87650203704834,1.6118130683898926,0.0006568650132976472,3.097773551940918,0.7931414246559143,1.3917759656906128,0.0006568650132976472,3.24635648727417
2.8765270709991455,1.6118191480636597,0.00026021531084552407,3.0977866649627686,0.7931816577911377,1.391780138015747,0.00026021531084552407,3.2463295459747314
2.8765368461608887,1.6118918657302856,0.0007328078499995172,3.097566843032837,0.793134331703186,1.391775131225586,0.0007328078499995172,3.246361255645752
2.876544237136841,1.61184561252594,0.00046512571861967444,3.0977389812469482,0.7931607365608215,1.3917779922485352,0.00046512571861967444,3.2463436126708984
2.8765413761138916,1.6118346452713013,0.00011461753456387669,3.0977916717529297,0.7931960225105286,1.3917816877365112,0.00011461753456387669,3.2463200092315674
2.8765361309051514,1.6119464635849,0.0011194137623533607,3.0972819328308105,0.7930960059165955,1.3917711973190308,0.0011194137623533607,3.246387004852295
2.8765182495117188,1.611915111541748,0.0003611201245803386,3.0972540378570557,0.7931714057922363,1.3917790651321411,0.0003611201245803386,3.2463364601135254
2.8765387535095215,1.6118342876434326,0.0008279048488475382,3.0978002548217773,0.7931243777275085,1.3917741775512695,0.0008279048488475382,3.246367931365967
2.8765461444854736,1.6118472814559937,0.00015060526493471116,3.097507953643799,0.793192446231842,1.3917813301086426,0.00015060526493471116,3.2463223934173584
2.8764991760253906,1.6118903160095215,0.0006308603915385902,3.097224712371826,0.7931439280509949,1.391776204109192,0.0006308603915385902,3.246354818344116
2.876538038253784,1.6119039058685303,0.0004162983677815646,3.0974481105804443,0.7931663393974304,1.391778588294983,0.0004162983677815646,3.246339797973633
2.876537322998047,1.6118614673614502,0.000422842800617218,3.097604990005493,0.7931650876998901,1.3917783498764038,0.000422842800617218,3.246340751647949
2.876499891281128,1.6118751764297485,0.000393698486732319,3.097461700439453,0.7931676506996155,1.3917787075042725,0.000393698486732319,3.2463390827178955
2.87650465965271,1.6119004487991333,0.00026010075816884637,3.097273588180542,0.7931817173957825,1.391780138015747,0.00026010075816884637,3.2463295459747314
2.876495122909546,1.6118826866149902,0.00020228639186825603,3.097595453262329,0.7931872606277466,1.3917807340621948,0.00020228639186825603,3.246325731277466
2.876518964767456,1.6118959188461304,0.00027288717683404684,3.0976674556732178,0.7931801676750183,1.3917800188064575,0.00027288717683404684,3.246330499649048
2.876516103744507,1.6118212938308716,0.0007454554433934391,3.0978691577911377,0.793133020401001,1.3917750120162964,0.0007454554433934391,3.2463622093200684
2.876502752304077,1.6118581295013428,0.00039081042632460594,3.09749436378479,0.7931683659553528,1.3917787075042725,0.00039081042632460594,3.2463386058807373
2.8765110969543457,1.6118693351745605,0.00014067919983062893,3.097580909729004,0.7931933999061584,1.3917813301086426,0.00014067919983062893,3.246321678161621
2.8765342235565186,1.6118061542510986,0.0006630785646848381,3.09782075881958,0.7931404113769531,1.3917758464813232,0.0006630785646848381,3.2463572025299072
2.876516580581665,1.6118959188461304,0.0009293450275436044,3.0973753929138184,0.7931163311004639,1.3917732238769531,0.0009293450275436044,3.246373414993286
2.876540184020996,1.611830234527588,0.0006987337255850434,3.0978877544403076,0.7931379079818726,1.3917754888534546,0.0006987337255850434,3.246358871459961
2.8765220642089844,1.6118535995483398,0.0002930777263827622,3.0977697372436523,0.7931779026985168,1.3917797803878784,0.0002930777263827622,3.2463321685791016
2.8765289783477783,1.6118453741073608,0.00010723275772761554,3.0976176261901855,0.7931966185569763,1.3917816877365112,0.00010723275772761554,3.246319532394409
2.8765335083007812,1.611865758895874,0.0002111133944708854,3.0977683067321777,0.7931865453720093,1.3917806148529053,0.0002111133944708854,3.246326446533203
2.876573085784912,1.6118695735931396,0.00039666082011535764,3.0974979400634766,0.793167769908905,1.3917787075042725,0.00039666082011535764,3.2463388442993164
2.8765361309051514,1.6118521690368652,0.00040398704004473984,3.0975942611694336,0.7931666970252991,1.391778588294983,0.00040398704004473984,3.2463395595550537
2.8765549659729004,1.6118292808532715,0.00029961366089992225,3.0977368354797363,0.7931778430938721,1.3917797803878784,0.00029961366089992225,3.2463321685791016
2.8765432834625244,1.611853837966919,0.00027251295978203416,3.097473382949829,0.7931802868843079,1.3917800188064575,0.00027251295978203416,3.246330499649048
2.876516819000244,1.611853003501892,0.000264508998952806,3.0975708961486816,0.7931810021400452,1.3917800188064575,0.000264508998952806,3.2463300228118896
2.8765430450439453,1.6119505167007446,0.0010118471691384912,3.096986770629883,0.7931068539619446,1.3917722702026367,0.0010118471691384912,3.2463796138763428
2.876535177230835,1.6118794679641724,0.0007087562698870897,3.097752809524536,0.7931362390518188,1.391775369644165,0.0007087562698870897,3.2463600635528564
2.876525640487671,1.611947774887085,0.0006948490045033395,3.0970489978790283,0.7931387424468994,1.3917756080627441,0.0006948490045033395,3.2463583946228027
2.8764963150024414,1.6118751764297485,0.0007829696405678988,3.097707509994507,0.7931294441223145,1.3917746543884277,0.0007829696405678988,3.2463645935058594
2.876502513885498,1.6118415594100952,0.00034261896507814527,3.0978047847747803,0.7931733131408691,1.3917793035507202,0.00034261896507814527,3.24633526802063
2.876528024673462,1.6118791103363037,0.00045081734424456954,3.0973541736602783,0.7931621670722961,1.3917781114578247,0.00045081734424456954,3.246342658996582
2.876491069793701,1.6118885278701782,0.0003791113558690995,3.0972843170166016,0.793169379234314,1.391778826713562,0.0003791113558690995,3.246337890625
2.876528739929199,1.6118499040603638,0.0005462292465381324,3.097717523574829,0.7931536436080933,1.3917771577835083,0.0005462292465381324,3.2463483810424805
2.87654972076416,1.6118336915969849,0.0002654858981259167,3.0976624488830566,0.7931809425354004,1.3917800188064575,0.0002654858981259167,3.2463300228118896
2.8765370845794678,1.6118720769882202,0.0004013716825284064,3.097623348236084,0.7931671142578125,1.391778588294983,0.0004013716825284064,3.2463393211364746
2.8765275478363037,1.6118439435958862,0.0002990257053170353,3.097569465637207,0.7931777834892273,1.3917797803878784,0.0002990257053170353,3.2463321685791016
2.8765296936035156,1.6118624210357666,0.0001862583594629541,3.097476005554199,0.7931888103485107,1.3917808532714844,0.0001862583594629541,3.2463247776031494
2.87656307220459,1.6118119955062866,0.0005985967582091689,3.0977721214294434,0.7931471467018127,1.3917765617370605,0.0005985967582091689,3.2463526725769043
2.876555919647217,1.611844778060913,0.00033851037733256817,3.0976667404174805,0.7931739091873169,1.3917793035507202,0.00033851037733256817,3.2463347911834717
2.876530647277832,1.6118781566619873,0.0004196623049210757,3.0976216793060303,0.7931656837463379,1.3917784690856934,0.0004196623049210757,3.246340274810791
2.876553535461426,1.6118556261062622,0.00031948889954946935,3.0975992679595947,0.7931753396987915,1.3917795419692993,0.00031948889954946935,3.2463338375091553
2.876579761505127,1.6119192838668823,0.000692858244292438,3.0972952842712402,0.793138861656189,1.3917756080627441,0.000692858244292438,3.2463583946228027
2.876542806625366,1.6119545698165894,0.0005094892112538218,3.096980094909668,0.7931565046310425,1.391777515411377,0.0005094892112538218,3.2463464736938477
2.876525640487671,1.6118452548980713,0.0011105312732979655,3.0977673530578613,0.7930972576141357,1.3917713165283203,0.0011105312732979655,3.2463862895965576
2.876535654067993,1.6118402481079102,0.0001116571802413091,3.0976648330688477,0.7931961417198181,1.3917816877365112,0.0001116571802413091,3.2463197708129883
2.8764960765838623,1.6118651628494263,0.0004680231213569641,3.0973527431488037,0.7931607961654663,1.3917779922485352,0.0004680231213569641,3.2463436126708984
2.8765132427215576,1.6118643283843994,0.0001719359861453995,3.0974435806274414,0.7931902408599854,1.3917810916900635,0.0001719359861453995,3.246323823928833
2.8765182495117188,1.6119240522384644,0.0006008784403093159,3.097297191619873,0.7931476831436157,1.3917765617370605,0.0006008784403093159,3.246352434158325
2.8764991760253906,1.6118909120559692,0.0003825192106887698,3.097395896911621,0.7931692600250244,1.391778826713562,0.0003825192106887698,3.246337890625
2.876523017883301,1.6118472814559937,0.0004904634552076459,3.097853183746338,0.7931578755378723,1.3917776346206665,0.0004904634552076459,3.2463455200195312
2.876556634902954,1.6118805408477783,0.00047891915892250836,3.097489356994629,0.7931602597236633,1.3917778730392456,0.00047891915892250836,3.2463438510894775
2.876598596572876,1.6118855476379395,0.0004240301495883614,3.097386598587036,0.7931652665138245,1.3917784690856934,0.0004240301495883614,3.24634051322937
2.876511812210083,1.6118793487548828,0.0008683619671501219,3.0974438190460205,0.793120801448822,1.3917737007141113,0.0008683619671501219,3.246370315551758
2.8765602111816406,1.6118525266647339,0.0005547137116082013,3.0974695682525635,0.7931522727012634,1.3917770385742188,0.0005547137116082013,3.246349334716797
2.876544237136841,1.6118806600570679,0.0003197318292222917,3.0975210666656494,0.7931751012802124,1.3917794227600098,0.0003197318292222917,3.2463340759277344
2.876553773880005,1.6118160486221313,0.0006603591609746218,3.097743272781372,0.7931423783302307,1.3917759656906128,0.0006603591609746218,3.2463560104370117
2.869642734527588,1.612672209739685,0.06896836310625076,3.094655990600586,0.7862833142280579,1.3910388946533203,0.06896836310625076,3.250955104827881
2.851498603820801,1.6139943599700928,0.18384549021720886,3.0947506427764893,0.7751266956329346,1.389771580696106,0.18384549021720886,3.2584404945373535
2.802731513977051,1.618499755859375,0.48913586139678955,3.0906894207000732,0.7445930242538452,1.3858693838119507,0.48913586139678955,3.2789621353149414
2.7406930923461914,1.6232272386550903,0.6230925917625427,3.0885462760925293,0.7056164145469666,1.3799582719802856,0.6230925917625427,3.3052444458007812
2.6677935123443604,1.6290770769119263,0.7245714068412781,3.0907256603240967,0.6948531866073608,1.3781408071517944,0.7245714068412781,3.3125216960906982
2.5831193923950195,1.63351571559906,0.8544828295707703,3.098738431930542,0.657653272151947,1.3712353706359863,0.8544828295707703,3.3377459049224854
2.490403175354004,1.6367828845977783,0.9290853142738342,3.117614507675171,0.6498271822929382,1.3696585893630981,0.9290853142738342,3.3430681228637695
2.3872156143188477,1.6382097005844116,1.0334733724594116,3.1379973888397217,0.6140568852424622,1.3618967533111572,1.0334733724594116,3.3674705028533936
2.274493932723999,1.6370954513549805,1.127270221710205,-3.1197574138641357,0.6047760844230652,1.359732985496521,1.127270221710205,3.373823642730713
2.1549365520477295,1.6327314376831055,1.1834344863891602,-3.1000473499298096,0.5726612210273743,1.3517628908157349,1.1834344863891602,-2.8873016834259033
2.028271198272705,1.6224942207336426,1.283478021621704,-3.0468976497650146,0.5654637813568115,1.3498730659484863,1.283478021621704,-2.882340908050537
1.8989657163619995,1.59083890914917,1.3324631452560425,-2.9203648567199707,0.5596234798431396,1.3483115434646606,1.3324631452560425,-2.878310441970825
1.7630572319030762,1.5510826110839844,1.4156999588012695,-2.8529324531555176,0.5767402052879333,1.3528169393539429,1.4156999588012695,3.3930749893188477
1.6227765083312988,1.5024609565734863,1.4716849327087402,-2.7887721061706543,0.5954789519309998,1.3575029373168945,1.4716849327087402,3.380197763442993
1.4793509244918823,1.445105791091919,1.5613747835159302,-2.7305734157562256,0.6920996308326721,1.3776627779006958,1.5613747835159302,-2.9688005447387695
1.3441537618637085,1.3648242950439453,1.5721327066421509,-2.585170269012451,0.9498428702354431,1.399999976158142,1.5721327066421509,3.141697406768799
1.2252665758132935,1.257713794708252,1.597959280014038,-2.411863327026367,1.0778028964996338,1.394545555114746,1.597959280014038,3.0562872886657715
1.104952096939087,1.1408746242523193,1.681159496307373,-2.3538477420806885,0.9655483365058899,1.3999193906784058,1.681159496307373,3.1312270164489746
0.9879397749900818,1.0179632902145386,1.6926119327545166,-2.287477731704712,0.8327766060829163,1.395412564277649,1.6926119327545166,3.2198214530944824
0.8929832577705383,0.8773309588432312,1.699926495552063,-2.133057117462158,0.7029030919075012,1.3795077800750732,1.699926495552063,-2.976107120513916
0.8281510472297668,0.7213460803031921,1.6914958953857422,-1.951035976409912,0.5756384134292603,1.3525334596633911,1.6914958953857422,3.3938333988189697
0.7935815453529358,0.5553978681564331,1.6928236484527588,-1.7695471048355103,0.4499109089374542,1.3141820430755615,1.6928236484527588,-2.8016927242279053
0.7666555643081665,0.38380497694015503,1.740983247756958,-1.7149239778518677,0.2542540431022644,1.2288858890533447,1.740983247756958,-2.659278392791748
0.7457599639892578,0.20655804872512817,1.766583800315857,-1.6649128198623657,-0.030472101643681526,1.0351979732513428,1.766583800315857,-2.4291977882385254
0.7124779224395752,0.028281493112444878,1.8247313499450684,-1.7382469177246094,-0.44968757033348083,0.43932804465293884,1.8247313499450684,-1.9385840892791748
0.6528067588806152,-0.14440786838531494,1.8336056470870972,-1.8736851215362549,-0.4990313649177551,-0.4876959025859833,1.8336056470870972,-1.3093645572662354
0.5704445242881775,-0.3099522888660431,1.844660758972168,-1.9851876497268677,-0.26255977153778076,-0.9830055236816406,1.844660758972168,-0.9413833022117615
0.4829728901386261,-0.47765299677848816,1.8940168619155884,-1.9991453886032104,-0.08774786442518234,-1.183087944984436,1.8940168619155884,-0.7640230655670166
0.41342803835868835,-0.6547291874885559,1.9020888805389404,-1.8915982246398926,0.05286457762122154,-1.3021430969238281,1.9020888805389404,-0.6411160826683044
0.3766733407974243,-0.8392130136489868,1.8714770078659058,-1.7141773700714111,0.18160413205623627,-1.3882421255111694,1.8714770078659058,-0.5378187894821167
0.37700536847114563,-1.0269492864608765,1.891187310218811,-1.5272479057312012,0.3201329708099365,-1.4613476991653442,1.891187310218811,-0.4333476424217224
0.41459351778030396,-1.2103793621063232,1.8735401630401611,-1.3307287693023682,0.4654146730899811,-1.5195692777633667,1.8735401630401611,-0.32895779609680176
0.487143874168396,-1.3823723793029785,1.8427084684371948,-1.1360973119735718,0.6158959269523621,-1.562318205833435,1.8427084684371948,-0.22462014853954315
0.5933728218078613,-1.5360143184661865,1.893075942993164,-0.9368340373039246,0.7707003951072693,-1.589245319366455,1.893075942993164,-0.11981955170631409
0.7264400124549866,-1.665541410446167,1.8179572820663452,-0.7351861000061035,1.3908898830413818,-1.5337419509887695,1.8179572820663452,0.2983323037624359
0.8822811841964722,-1.7693769931793213,1.9167357683181763,-0.5457887649536133,1.7259879112243652,-1.383683204650879,1.9167357683181763,0.5437225699424744
1.070224642753601,-1.8476066589355469,2.0344626903533936,-0.34954535961151123,1.9687004089355469,-1.2010220289230347,2.0344626903533936,0.7465816736221313
1.2388445138931274,-1.8806021213531494,1.7024633884429932,-0.1758297085762024,2.0916786193847656,-1.072918176651001,1.7024633884429932,0.8650367856025696
1.4234038591384888,-1.8873201608657837,1.8531533479690552,0.083466537296772,2.222825050354004,-0.8936725854873657,1.8531533479690552,1.0132390260696411
1.6179970502853394,-1.8919819593429565,1.9620649814605713,0.03696766123175621,2.324911117553711,-0.6996827125549316,1.9620649814605713,1.1595102548599243
1.7909542322158813,-1.808966040611267,1.9197908639907837,0.2791270315647125,2.3710508346557617,-0.5802233219146729,1.9197908639907837,1.244909644126892
1.7909542322158813,-1.808966040611267,0.0,0.2791270315647125,2.2981910705566406,-0.7575567364692688,0.0,1.1170107126235962
2.085244655609131,-1.5556206703186035,3.899517059326172,0.7935985922813416,2.449688673019409,-0.13055908679962158,3.899517059326172,1.550422191619873
2.1841421127319336,-1.4084068536758423,1.7746028900146484,1.0756478309631348,2.4411535263061523,-0.26266980171203613,1.7746028900146484,1.462136149406433
2.3023533821105957,-1.2633006572723389,1.8710801601409912,0.9839768409729004,2.4498345851898193,-0.1222764253616333,1.8710801601409912,1.555944800376892
2.3948612213134766,-1.0965288877487183,1.9079855680465698,1.0957536697387695,2.445807933807373,0.012066242285072803,1.9079855680465698,1.64557683467865
2.4716031551361084,-0.918272852897644,1.9359737634658813,1.208145022392273,2.4338583946228027,0.11946286261081696,1.9359737634658813,1.7176319360733032
2.5217607021331787,-0.7281752228736877,1.9595509767532349,1.3546876907348633,2.4084956645965576,0.2504148781299591,1.9595509767532349,1.8065849542617798
2.5429463386535645,-0.5156938433647156,2.1415140628814697,1.5146512985229492,2.3753139972686768,0.36741873621940613,2.1415140628814697,1.8876858949661255
2.535410165786743,-0.31468021869659424,2.0185914039611816,1.6477115154266357,2.353318214416504,0.4298093616962433,2.0185914039611816,1.9317923784255981
2.508500576019287,-0.13186590373516083,1.847861409187317,1.7567769289016724,2.3402040004730225,0.4633232057094574,1.847861409187317,1.9557851552963257
2.4607057571411133,0.06754201650619507,2.0392796993255615,1.8476412296295166,2.3220953941345215,0.5060976147651672,2.0392796993255615,1.9867528676986694
2.3985602855682373,0.2639487385749817,2.073603391647339,1.918466329574585,2.3420591354370117,0.4587230980396271,2.073603391647339,1.9524784088134766
2.318894386291504,0.47576868534088135,2.2339060306549072,1.9760017395019531,2.226983070373535,0.68696528673172,2.2339060306549072,2.1230926513671875
2.2452938556671143,0.6564871072769165,1.9772940874099731,2.0001206398010254,2.1246702671051025,0.8328181505203247,1.9772940874099731,2.241935968399048
2.16213059425354,0.853707492351532,2.132566452026367,2.0095162391662598,1.696014642715454,1.2013309001922607,2.132566452026367,2.6210591793060303
2.071441173553467,1.0494502782821655,2.1590144634246826,2.045661449432373,1.3321481943130493,1.3505042791366577,2.1590144634246826,2.8839874267578125
1.957537055015564,1.2555935382843018,2.3575923442840576,2.1449477672576904,0.9501004815101624,1.399999976158142,2.3575923442840576,3.1415257453918457
1.8366106748580933,1.4123860597610474,1.9794427156448364,2.2796831130981445,0.7266460061073303,1.3832777738571167,1.9794427156448364,3.291051149368286
1.6799947023391724,1.5628752708435059,2.1759073734283447,2.4374773502349854,0.45431724190711975,1.315732479095459,2.1759073734283447,3.4783785343170166
1.502471685409546,1.6847997903823853,2.132660150527954,2.6098320484161377,0.26374420523643494,1.2338114976882935,2.132660150527954,3.616778612136841
1.2901813983917236,1.7783664464950562,2.3269357681274414,2.8032443523406982,0.05017435923218727,1.1001307964324951,2.3269357681274414,3.7849485874176025
1.0811643600463867,1.8271677494049072,2.1593401432037354,2.973559856414795,-0.07679369300603867,0.9934782385826111,2.1593401432037354,3.89555025100708
0.8681581020355225,1.8397618532180786,2.137739658355713,-3.134813070297241,-0.20159447193145752,0.8611608743667603,2.137739658355713,-2.2663021087646484
0.6551679372787476,1.8158466815948486,2.144658327102661,-2.9655473232269287,-0.29628369212150574,0.7347316741943359,2.144658327102661,-2.1609489917755127
0.4679901599884033,1.7626482248306274,1.9470382928848267,-2.8084983825683594,-0.3546666204929352,0.6401655077934265,1.9470382928848267,-2.086840867996216
0.26300153136253357,1.6640095710754395,2.234570264816284,-2.624544620513916,-0.4377085566520691,0.4694427251815796,2.234570264816284,-1.960191011428833
0.09612948447465897,1.5408692359924316,2.087259531021118,-2.448350667953491,-0.46760866045951843,0.3902914226055145,2.087259531021118,-1.9037765264511108
-0.045050255954265594,1.3923686742782593,2.052945137023926,-2.2699568271636963,-0.4977072775363922,0.29261133074760437,2.052945137023926,-1.8356218338012695
-0.1567152887582779,1.2215694189071655,2.044511079788208,-2.0988857746124268,-0.5103361010551453,0.2426636964082718,2.044511079788208,-1.8012738227844238
-0.2346837967634201,1.050134301185608,1.9010429382324219,-1.948585867881775,-0.5182676911354065,0.20690380036830902,1.9010429382324219,-1.7768539190292358
-0.2889157831668854,0.8522661328315735,2.0479471683502197,-1.7863107919692993,-0.510587751865387,0.24158959090709686,2.0479471683502197,-1.800538420677185
-0.31584587693214417,0.6311178207397461,2.2078399658203125,-1.6393505334854126,-0.4457188844680786,0.4495169222354889,2.2078399658203125,-1.945873737335205
-0.318393349647522,0.42234042286872864,2.1059820652008057,-1.5420899391174316,-0.5052870512008667,0.26351016759872437,2.1059820652008057,-1.8155734539031982
-0.3097255229949951,0.2117125242948532,2.0939056873321533,-1.4881601333618164,-0.5419250726699829,0.055433452129364014,2.0939056873321533,-1.6746050119400024
-0.29868605732917786,-0.002082699676975608,2.1621179580688477,-1.4762572050094604,-0.546015202999115,-0.20926344394683838,2.1621179580688477,-1.497889518737793
-0.2846740186214447,-0.2177257388830185,2.1619749069213867,-1.4646987915039062,-0.5100429058074951,-0.4439108669757843,2.1619749069213867,-1.3394646644592285
-0.2626561224460602,-0.4347764849662781,2.1806399822235107,-1.4251179695129395,-0.4273247718811035,-0.6941182613372803,2.1806399822235107,-1.1635538339614868
-0.2265894114971161,-0.6525292992591858,2.209562301635742,-1.357412576675415,-0.3018268048763275,-0.9263955354690552,2.209562301635742,-0.987317681312561
-0.17597313225269318,-0.8490369319915771,2.021595001220703,-1.2602874040603638,-0.16906790435314178,-1.0988428592681885,2.021595001220703,-0.8421031832695007
-0.08493995666503906,-1.0713692903518677,2.412846326828003,-1.1099696159362793,0.030158892273902893,-1.2848596572875977,2.412846326828003,-0.6601399779319763
0.019427243620157242,-1.2455750703811646,2.029714584350586,-0.9726327061653137,0.17199590802192688,-1.3824623823165894,2.029714584350586,-0.545293927192688
0.17358380556106567,-1.430862545967102,2.4083032608032227,-0.8075176477432251,0.7466000914573669,-1.5861455202102661,2.4083032608032227,-0.13601897656917572
0.3417923152446747,-1.579845666885376,2.2499735355377197,-0.6597011685371399,1.1219611167907715,-1.5901105403900146,2.2499735355377197,0.11489339172840118
0.5293047428131104,-1.6989022493362427,2.220735549926758,-0.5028121471405029,1.4255645275115967,-1.5226167440414429,2.220735549926758,0.3226100504398346
0.732392430305481,-1.7828350067138672,2.1729698181152344,-0.32336345314979553,1.686213493347168,-1.4069007635116577,2.1729698181152344,0.513018012046814
0.9450510144233704,-1.8298325538635254,2.204709053039551,-0.14296044409275055,1.8800580501556396,-1.276856780052185,2.204709053039551,0.6687920689582825
1.161815881729126,-1.8373634815216064,2.169175863265991,0.0363171324133873,2.0341758728027344,-1.1366112232208252,2.169175863265991,0.8078222274780273
1.3563140630722046,-1.8119663000106812,1.9614530801773071,0.19058863818645477,2.1399080753326416,-1.0133010149002075,1.9614530801773071,0.9161643981933594
1.3563140630722046,-1.8119663000106812,0.0,0.19058863818645477,2.010660171508789,-1.1606601476669312,0.0,0.7853981852531433
1.3563140630722046,-1.8119663000106812,0.0,0.19058863818645477,2.010660171508789,-1.1606601476669312,0.0,0.7853981852531433
1.9454691410064697,-1.5603585243225098,6.396480560302734,0.4899689555168152,2.4499495029449463,-0.08768603205680847,6.396480560302734,1.5790057182312012
2.100698471069336,-1.3805482387542725,2.389890670776367,0.7113874554634094,2.4275448322296143,-0.3585752248764038,2.389890670776367,1.3975474834442139
2.2699384689331055,-1.243543267250061,2.1835978031158447,0.7267318964004517,2.449352979660034,-0.14404885470867157,2.1835978031158447,1.541426181793213
2.421757221221924,-1.0905035734176636,2.153578758239746,0.8461099863052368,2.441129684448242,0.06288748234510422,2.153578758239746,1.6796025037765503
2.5503342151641846,-0.916506826877594,2.1577513217926025,0.9991046786308289,2.403756618499756,0.26958325505256653,2.1577513217926025,1.8197487592697144
2.6470091342926025,-0.7242100238800049,2.153445243835449,1.1649012565612793,2.3385961055755615,0.46727484464645386,2.153445243835449,1.9586293697357178
2.709346055984497,-0.5198110342025757,2.141796588897705,1.33744478225708,2.259861946105957,0.6309319734573364,2.141796588897705,2.079777717590332
2.7349307537078857,-0.3077792823314667,2.123276710510254,1.5070314407348633,2.17635440826416,0.7637447118759155,2.123276710510254,2.184415102005005
2.7241315841674805,-0.09554669260978699,2.1367347240448,1.671972632408142,2.097092390060425,0.8665293455123901,2.1367347240448,2.2709732055664062
2.685948371887207,0.0953994169831276,1.9526337385177612,1.8234169483184814,2.021012783050537,0.9502055644989014,1.9526337385177612,2.3463857173919678
2.6060397624969482,0.31113356351852417,2.2783420085906982,1.9931902885437012,1.8982962369918823,1.0622109174728394,2.2783420085906982,2.4572064876556396
2.511573553085327,0.4816470444202423,1.9499274492263794,2.1254165172576904,1.8433728218078613,1.104941964149475,1.9499274492263794,2.5036027431488037
2.373687744140625,0.6697878837585449,2.3585028648376465,2.2598628997802734,1.724579930305481,1.1845333576202393,2.3585028648376465,2.598966598510742
2.2280869483947754,0.8289142847061157,2.1381614208221436,2.369572877883911,1.6486852169036865,1.2273428440093994,2.1381614208221436,2.6570653915405273
2.0675599575042725,0.974566638469696,2.1782426834106445,2.454522132873535,1.5293540954589844,1.2835999727249146,2.1782426834106445,2.7450451850891113
1.910361409187317,1.0996817350387573,2.0176827907562256,2.5252578258514404,1.4216291904449463,1.3239262104034424,2.0176827907562256,2.8217475414276123
1.711427927017212,1.2356066703796387,2.3830723762512207,2.599658727645874,1.1534936428070068,1.3861327171325684,2.3830723762512207,3.0055105686187744
1.5179814100265503,1.3484290838241577,2.2554891109466553,2.662919759750366,0.883158802986145,1.3985099792480469,2.2554891109466553,3.1861681938171387
1.315712332725525,1.4497735500335693,2.2642087936401367,2.7287356853485107,0.5708410739898682,1.3512885570526123,2.2642087936401367,3.397137403488159
1.1222124099731445,1.5281473398208618,2.0920655727386475,2.8183298110961914,0.29304561018943787,1.24848473072052,2.0920655727386475,3.5949316024780273
0.8826940059661865,1.590847134590149,2.4848384857177734,2.9502131938934326,-0.0032525488641113043,1.0581492185592651,2.4848384857177734,3.8302507400512695
0.6548411250114441,1.6183507442474365,2.2945616245269775,3.0938777923583984,-0.17804473638534546,0.888693630695343,2.2945616245269775,3.9927289485931396
0.4265078604221344,1.609493374824524,2.2856242656707764,-3.0291948318481445,-0.33207228779792786,0.6786466836929321,2.2856242656707764,-2.116591453552246
0.2037103921175003,1.5648324489593506,2.2710423469543457,-2.8726396560668945,-0.4376111626625061,0.46967995166778564,2.2710423469543457,-1.9603619575500488
-0.007005773019045591,1.486548900604248,2.245386838912964,-2.7084879875183105,-0.5027852654457092,0.2733830511569977,2.245386838912964,-1.8223633766174316
-0.19741065800189972,1.3763604164123535,2.1973280906677246,-2.5407025814056396,-0.5400681495666504,0.07232790440320969,2.1973280906677246,-1.6859358549118042
-0.3635497987270355,1.2371379137039185,2.150441884994507,-2.3712849617004395,-0.5498814582824707,-0.08114156126976013,2.150441884994507,-1.5833688974380493
-0.4914246201515198,1.0883029699325562,1.9813774824142456,-2.219265937805176,-0.5453858375549316,-0.21756336092948914,1.9813774824142456,-1.492340326309204
-0.6099975109100342,0.8919914364814758,2.275804042816162,-2.0380141735076904,-0.5185136795043945,-0.40572455525398254,2.275804042816162,-1.3655418157577515
-0.6827134490013123,0.6990795135498047,2.0732293128967285,-1.8646100759506226,-0.49279260635375977,-0.5103041529655457,2.0732293128967285,-1.2937289476394653
-0.7216603755950928,0.49631115794181824,2.0635108947753906,-1.6956617832183838,-0.4514303505420685,-0.634783148765564,2.0635108947753906,-1.2062536478042603
-0.727108359336853,0.30616942048072815,1.906217098236084,-1.5511424541473389,-0.4280228614807129,-0.6924972534179688,1.906217098236084,-1.164730429649353
-0.6955488324165344,0.08522067964076996,2.2225780487060547,-1.3736876249313354,-0.3802105188369751,-0.7932099103927612,2.2225780487060547,-1.090389609336853
-0.6344017386436462,-0.1115461066365242,2.071092128753662,-1.21381413936615,-0.38804569840431213,-0.7779629230499268,2.071092128753662,-1.1018178462982178
-0.5440639853477478,-0.2987099587917328,2.0788960456848145,-1.068676233291626,-0.45094841718673706,-0.6360443234443665,2.0788960456848145,-1.2053534984588623
-0.429617702960968,-0.4740942418575287,2.0931146144866943,-0.9455248117446899,-0.4307641088962555,-0.6860806345939636,2.0931146144866943,-1.1693822145462036
-0.29971927404403687,-0.6437355875968933,2.144601345062256,-0.8753981590270996,-0.3198291063308716,-0.8984572887420654,2.144601345062256,-1.0094754695892334
-0.16572386026382446,-0.811034083366394,2.116689920425415,-0.8524957895278931,-0.17884036898612976,-1.0877851247787476,2.116689920425415,-0.8519413471221924
-0.03915544971823692,-0.9651950001716614,1.9962987899780273,-0.8380084037780762,-0.04159672558307648,-1.2254936695098877,1.9962987899780273,-0.7222365736961365
0.1184801533818245,-1.144896388053894,2.418729782104492,-0.7987932562828064,0.2029668688774109,-1.400746464729309,2.418729782104492,-0.521316409111023
0.27716511487960815,-1.3028064966201782,2.241313934326172,-0.7348353862762451,0.4259421229362488,-1.5054762363433838,2.241313934326172,-0.356900691986084
0.44999799132347107,-1.4467766284942627,2.2208492755889893,-0.6442636251449585,0.6533119082450867,-1.5703660249710083,2.2208492755889893,-0.19910496473312378
0.6218146681785583,-1.5599758625030518,2.080937623977661,-0.5189516544342041,0.8155961036682129,-1.5939663648605347,2.080937623977661,-0.08972293883562088
0.8419097661972046,-1.6615487337112427,2.4265482425689697,-0.35784637928009033,1.5181931257247925,-1.4882206916809082,2.4265482425689697,0.3884943723678589
1.0581121444702148,-1.722709059715271,2.243433952331543,-0.20680080354213715,1.8228096961975098,-1.3199193477630615,2.243433952331543,0.6210299730300903
1.2805278301239014,-1.750157117843628,2.24360990524292,-0.04915275797247887,2.0391440391540527,-1.1313899755477905,2.24360990524292,0.8126270771026611
1.4829928874969482,-1.7427221536636353,2.0244967937469482,0.10524217039346695,2.1897196769714355,-0.9444495439529419,2.0244967937469482,0.9728257060050964
1.7176527976989746,-1.6984312534332275,2.398056745529175,0.3164050877094269,2.331998109817505,-0.6831647157669067,2.398056745529175,1.1714930534362793
1.7176527976989746,-1.6984312534332275,0.0,0.3164050877094269,2.222072124481201,-0.8948789238929749,0.0,1.0122909545898438
2.0999386310577393,-1.4915868043899536,4.365646839141846,0.7663378715515137,2.4499640464782715,-0.1104014441370964,4.365646839141846,1.5638619661331177
2.265754461288452,-1.3626784086227417,2.0688247680664062,0.7664922475814819,2.449781656265259,-0.1255890130996704,2.0688247680664062,1.5537362098693848
2.4272279739379883,-1.2154474258422852,2.202237844467163,0.7899803519248962,2.437685489654541,0.09181266278028488,2.202237844467163,1.6990225315093994
2.5663769245147705,-1.050308108329773,2.17413330078125,0.9326052665710449,2.403855323791504,0.2691943049430847,2.17413330078125,1.8194812536239624
2.6763699054718018,-0.8644471168518066,2.163698673248291,1.0974528789520264,2.3383164405822754,0.467958927154541,2.163698673248291,1.9591219425201416
2.753455638885498,-0.6656413078308105,2.131296157836914,1.2617454528808594,2.2726387977600098,0.6075496673583984,2.131296157836914,2.062013864517212
2.792027235031128,-0.4753682613372803,1.9397231340408325,1.4244338274002075,2.202045202255249,0.7260648012161255,1.9397231340408325,2.154010772705078
2.797935962677002,-0.24696247279644012,2.2852110862731934,1.617049217224121,2.1036412715911865,0.858703076839447,2.2852110862731934,2.264169931411743
2.7660059928894043,-0.036956775933504105,2.1265974044799805,1.7717934846878052,2.02693772315979,0.9441289305686951,2.1265974044799805,2.3407275676727295
2.701343059539795,0.16467717289924622,2.117257595062256,1.9328904151916504,1.9323445558547974,1.0335780382156372,2.117257595062256,2.4275472164154053
2.6088449954986572,0.3542913496494293,2.1070501804351807,2.0834779739379883,1.8514976501464844,1.0988752841949463,2.1070501804351807,2.496842861175537
2.4896600246429443,0.5314729809761047,2.138418674468994,2.2176411151885986,1.7853885889053345,1.1458433866500854,2.138418674468994,2.550912857055664
2.3503899574279785,0.6944241523742676,2.143277883529663,2.3297998905181885,1.7183371782302856,1.1882771253585815,2.143277883529663,2.6038193702697754
2.2086358070373535,0.8339388370513916,1.9692401885986328,2.4174060821533203,1.686420202255249,1.2067843675613403,1.9692401885986328,2.6284165382385254
2.029466390609741,0.9857268929481506,2.353534460067749,2.4898736476898193,1.5608335733413696,1.269993543624878,2.353534460067749,2.722181797027588
1.8531864881515503,1.1181963682174683,2.226365804672241,2.5462820529937744,1.4526175260543823,1.3132853507995605,2.226365804672241,2.7999043464660645
1.6685549020767212,1.242868185043335,2.2259926795959473,2.5908865928649902,1.1973222494125366,1.3794701099395752,2.2259926795959473,2.97595477104187
1.4775177240371704,1.3622649908065796,2.2310192584991455,2.6229443550109863,0.8556825518608093,1.3970317840576172,2.2310192584991455,3.204512357711792
1.2787284851074219,1.4732422828674316,2.302847385406494,2.6785826683044434,0.49404242634773254,1.3290215730667114,2.302847385406494,3.450451612472534
1.0719548463821411,1.5701310634613037,2.261744499206543,2.764094591140747,0.18368485569953918,1.1894809007644653,2.261744499206543,3.6777970790863037
0.8534459471702576,1.6413298845291138,2.3242180347442627,2.8904659748077393,-0.06874554604291916,1.000980257987976,2.3242180347442627,3.8882153034210205
0.6268839240074158,1.6809512376785278,2.2955024242401123,3.0398011207580566,-0.2445632666349411,0.8072037100791931,2.2955024242401123,4.062870979309082
0.398654580116272,1.6843701601028442,2.2801108360290527,-3.080714464187622,-0.38315027952194214,0.5875393152236938,2.2801108360290527,-2.0469448566436768
0.19417400658130646,1.6546274423599243,2.073622703552246,-2.936455011367798,-0.45857635140419006,0.41566717624664307,2.073622703552246,-1.9217336177825928
-0.03715532645583153,1.5815263986587524,2.427304744720459,-2.7561025619506836,-0.5237576365470886,0.1793535351753235,2.427304744720459,-1.7581257820129395
-0.23111003637313843,1.481489896774292,2.1824381351470947,-2.5825698375701904,-0.545032799243927,0.021971186622977257,2.1824381351470947,-1.6522003412246704
-0.4017660617828369,1.3520400524139404,2.142430543899536,-2.410731554031372,-0.5489126443862915,-0.1571044623851776,2.142430543899536,-1.5327174663543701
-0.5442659854888916,1.1973460912704468,2.105562448501587,-2.24552059173584,-0.5352786779403687,-0.30963611602783203,2.105562448501587,-1.4305799007415771
-0.6505290865898132,1.0358668565750122,1.9312293529510498,-2.0889272689819336,-0.5150996446609497,-0.4216878116130829,1.9312293529510498,-1.354658842086792
-0.7369847893714905,0.8321115374565125,2.216978073120117,-1.9006192684173584,-0.4728628695011139,-0.5748276114463806,2.216978073120117,-1.2487043142318726
-0.7819886207580566,0.6341013312339783,2.0098156929016113,-1.7364788055419922,-0.4431529939174652,-0.6559898853302002,2.0098156929016113,-1.1910768747329712
-0.7925094366073608,0.43145430088043213,2.0498006343841553,-1.5744714736938477,-0.4010363221168518,-0.7516908049583435,2.0498006343841553,-1.1213570833206177
-0.7704147696495056,0.22978802025318146,2.02964186668396,-1.4125407934188843,-0.37749147415161133,-0.798402726650238,2.02964186668396,-1.0864818096160889
-0.7229875922203064,0.05254131555557251,1.8123891353607178,-1.2772715091705322,-0.36182159185409546,-0.8274091482162476,1.8123891353607178,-1.0645023584365845
-0.6600359678268433,-0.14475929737091064,2.0964086055755615,-1.230742335319519,-0.3369542956352234,-0.8705508708953857,2.0964086055755615,-1.031303882598877
-0.6009653806686401,-0.31813785433769226,1.8272658586502075,-1.214249849319458,-0.322122186422348,-0.8947988152503967,1.8272658586502075,-1.0123538970947266
-0.5418393015861511,-0.4835287034511566,1.7585113048553467,-1.1936862468719482,-0.283081591129303,-0.9541134238243103,1.7585113048553467,-0.9650096297264099
-0.4822552502155304,-0.6413715481758118,1.6868581771850586,-1.1709880828857422,-0.2248174250125885,-1.032632827758789,1.6868581771850586,-0.8998145461082458
-0.4263627231121063,-0.7783346772193909,1.482741355895996,-1.1527806520462036,-0.1353464126586914,-1.135385513305664,1.482741355895996,-0.8089521527290344
-0.36149150133132935,-0.9309455156326294,1.6616512537002563,-1.13695228099823,0.05427812784910202,-1.303196668624878,1.6616512537002563,-0.6399407386779785
-0.30171695351600647,-1.0644326210021973,1.4611632823944092,-1.1200909614562988,0.23625732958316803,-1.4193071126937866,1.4611632823944092,-0.49590569734573364
-0.2437894642353058,-1.1897212266921997,1.3777720928192139,-1.105539083480835,0.4191126823425293,-1.5029107332229614,1.3777720928192139,-0.3617642819881439
-0.18593554198741913,-1.3077099323272705,1.3156189918518066,-1.0937198400497437,0.613070011138916,-1.5616697072982788,1.3156189918518066,-0.2265530526638031
-0.13436083495616913,-1.4085862636566162,1.1339912414550781,-1.0794471502304077,0.749736487865448,-1.586571455001831,1.1339912414550781,-0.13390883803367615
-0.07659003138542175,-1.5214829444885254,1.2544183731079102,-1.0695439577102661,0.9459195733070374,-1.599994421005249,1.2544183731079102,-0.0027202852070331573
-0.024974888190627098,-1.6192700862884521,1.1182565689086914,-1.0580438375473022,1.0865638256072998,-1.5937705039978027,1.1182565689086914,0.09116880595684052
0.02537502720952034,-1.7107353210449219,1.031738519668579,-1.0487852096557617,1.2101651430130005,-1.577265739440918,1.031738519668579,0.17432500422000885
0.06859874725341797,-1.7897310256958008,0.9098765850067139,-1.0349106788635254,1.3240382671356201,-1.5526167154312134,0.9098765850067139,0.2520180940628052
0.11869968473911285,-1.8762242794036865,0.987589418888092,-1.0195879936218262,1.4338455200195312,-1.5198216438293457,0.987589418888092,0.3284366726875305
0.1634155660867691,-1.9508962631225586,0.8831738829612732,-1.0130219459533691,1.5197792053222656,-1.4875704050064087,0.8831738829612732,0.38963714241981506
0.20465563237667084,-2.019202470779419,0.798981249332428,-1.0051268339157104,1.585060477256775,-1.4589327573776245,0.798981249332428,0.43716591596603394
0.24019755423069,-2.078141689300537,0.5712388753890991,-0.9995614290237427,1.645616054534912,-1.428953766822815,0.5712388753890991,0.4822165071964264
0.28094482421875,-2.141489028930664,0.9383789300918579,-0.9973286390304565,1.719796061515808,-1.3874058723449707,0.9383789300918579,0.5389060974121094
0.31017401814460754,-2.1924734115600586,0.5869942307472229,-0.9945748448371887,1.7503066062927246,-1.3686643838882446,0.5869942307472229,0.5627778768539429
0.34358033537864685,-2.2462732791900635,0.6349087357521057,-0.9866182804107666,1.7978596687316895,-1.3373899459838867,0.6349087357521057,0.6007238626480103
0.3714172840118408,-2.291585922241211,0.5295926332473755,-0.9803581833839417,1.8323414325714111,-1.3130431175231934,0.5295926332473755,0.6288654208183289
