-1.1368197202682495,-2.0281481742858887,0.0,0.16546419262886047,1.2362134456634521,-1.57244074344635,0.0,0.19198621809482574
-1.1367948055267334,-2.0281615257263184,0.00028417049907147884,0.16542595624923706,1.2362412214279175,-1.5724353790283203,0.00028417049907147884,0.19200506806373596
-1.1368112564086914,-2.028136968612671,0.00029421658837236464,0.16552671790122986,1.2362425327301025,-1.5724351406097412,0.00029421658837236464,0.192005917429924
-1.1368168592453003,-2.027944803237915,0.0019335498800501227,0.16539345681667328,1.236402153968811,-1.5724040269851685,0.0019335498800501227,0.19211438298225403
-1.136775255203247,-2.0281689167022705,0.002271065954118967,0.16514812409877777,1.236437201499939,-1.572397232055664,0.002271065954118967,0.1921381801366806
-1.1367974281311035,-2.0279202461242676,0.002493607345968485,0.16510209441184998,1.2364585399627686,-1.5723930597305298,0.002493607345968485,0.19215264916419983
-1.1367806196212769,-2.0278244018554688,0.0009780281689018011,0.16508768498897552,1.2363090515136719,-1.5724221467971802,0.0009780281689018011,0.19205108284950256
-1.1367820501327515,-2.027909517288208,0.0008422370883636177,0.16510553658008575,1.2362970113754272,-1.5724245309829712,0.0008422370883636177,0.1920429766178131
-1.1367617845535278,-2.027827739715576,0.0008518738322891295,0.16512705385684967,1.2362961769104004,-1.5724246501922607,0.0008518738322891295,0.19204238057136536
-1.136746883392334,-2.0278494358062744,0.0002628410584293306,0.1649160385131836,1.2362393140792847,-1.572435736656189,0.0002628410584293306,0.1920037716627121
-1.136771559715271,-2.027794361114502,0.0006044995971024036,0.1649482101202011,1.2362726926803589,-1.5724292993545532,0.0006044995971024036,0.19202645123004913
-1.1367418766021729,-2.027992010116577,0.001974232494831085,0.16467984020709991,1.2364096641540527,-1.5724025964736938,0.001974232494831085,0.19211946427822113
-1.136756420135498,-2.0278913974761963,0.0010284199379384518,0.1649169623851776,1.2363132238388062,-1.5724214315414429,0.0010284199379384518,0.19205398857593536
-1.1367628574371338,-2.027914524078369,0.0002393495087744668,0.16473574936389923,1.2362370491027832,-1.5724362134933472,0.0002393495087744668,0.19200222194194794
-1.1367474794387817,-2.028154134750366,0.002389615634456277,0.16443969309329987,1.236449122428894,-1.5723949670791626,0.002389615634456277,0.19214628636837006
-1.1367555856704712,-2.028085947036743,0.0006824553129263222,0.16469193994998932,1.236280918121338,-1.5724276304244995,0.0006824553129263222,0.19203199446201324
-1.1367489099502563,-2.0282251834869385,0.0014032560866326094,0.16479691863059998,1.2363502979278564,-1.5724141597747803,0.0014032560866326094,0.19207914173603058
-1.1367506980895996,-2.028107166290283,0.0011759432964026928,0.16493751108646393,1.2363293170928955,-1.572418212890625,0.0011759432964026928,0.19206491112709045
-1.1367952823638916,-2.0281028747558594,0.00045297216274775565,0.16520752012729645,1.2362574338912964,-1.572432279586792,0.00045297216274775565,0.19201608002185822
-1.1367812156677246,-2.0281097888946533,0.0001567971776239574,0.16515110433101654,1.2362288236618042,-1.5724377632141113,0.0001567971776239574,0.19199666380882263
-1.1368235349655151,-2.028059244155884,0.0006613148143514991,0.1656009703874588,1.2362781763076782,-1.5724282264709473,0.0006613148143514991,0.1920301616191864
-1.1368123292922974,-2.0281331539154053,0.0007481207721866667,0.16555055975914001,1.2362868785858154,-1.5724265575408936,0.0007481207721866667,0.19203604757785797
-1.1368142366409302,-2.028153657913208,0.00020460730593185872,0.1655418425798416,1.2362337112426758,-1.572436809539795,0.00020460730593185872,0.19199994206428528
-1.1368440389633179,-2.0280544757843018,0.0010350081138312817,0.1656659096479416,1.236315131187439,-1.5724209547042847,0.0010350081138312817,0.19205525517463684
-1.1368255615234375,-2.0281436443328857,0.0009049100917764008,0.16553248465061188,1.2363028526306152,-1.5724233388900757,0.0009049100917764008,0.19204692542552948
-1.1368087530136108,-2.02789044380188,0.0025324365124106407,0.16540376842021942,1.2364625930786133,-1.5723923444747925,0.0025324365124106407,0.1921553909778595
-1.1367837190628052,-2.027968168258667,0.0008151299552991986,0.1650265008211136,1.2362936735153198,-1.5724252462387085,0.0008151299552991986,0.19204065203666687
-1.1368058919906616,-2.028153657913208,0.001901396200992167,0.1651756912469864,1.2363969087600708,-1.5724050998687744,0.001901396200992167,0.19211076200008392
-1.1367418766021729,-2.027909278869629,0.0025283140130341053,0.16502933204174042,1.2364615201950073,-1.5723925828933716,0.0025283140130341053,0.1921546310186386
-1.1367688179016113,-2.02791690826416,0.0002794399915728718,0.16481266915798187,1.2362409830093384,-1.5724353790283203,0.0002794399915728718,0.19200488924980164
-1.1368027925491333,-2.0277762413024902,0.0014326763339340687,0.16495195031166077,1.2363555431365967,-1.5724132061004639,0.0014326763339340687,0.19208268821239471
-1.136724829673767,-2.0279171466827393,0.0016322933370247483,0.164688378572464,1.2363715171813965,-1.572409987449646,0.0016322933370247483,0.19209358096122742
-1.1367369890213013,-2.0278587341308594,0.000592911324929446,0.16473303735256195,1.2362720966339111,-1.5724294185638428,0.000592911324929446,0.19202598929405212
-1.136724829673767,-2.027848243713379,0.00016070615674834698,0.164805069565773,1.2362293004989624,-1.5724377632141113,0.00016070615674834698,0.19199691712856293
-1.1367188692092896,-2.027986764907837,0.001393879298120737,0.1646687239408493,1.2363495826721191,-1.5724142789840698,0.001393879298120737,0.19207864999771118
-1.1367748975753784,-2.0280847549438477,0.0011086277663707733,0.16478636860847473,1.2363243103027344,-1.572419285774231,0.0011086277663707733,0.19206146895885468
-1.1368247270584106,-2.0280344486236572,0.0007202630513347685,0.16510453820228577,1.2362829446792603,-1.5724272727966309,0.0007202630513347685,0.19203342497348785
-1.1368299722671509,-2.0281665325164795,0.0013247680617496371,0.1649227738380432,1.236343264579773,-1.5724155902862549,0.0013247680617496371,0.19207434356212616
-1.1368341445922852,-2.0280685424804688,0.0009651916334405541,0.16521215438842773,1.2363097667694092,-1.5724220275878906,0.0009651916334405541,0.19205160439014435
-1.1368699073791504,-2.028078079223633,0.0003746696456801146,0.1652924120426178,1.2362498044967651,-1.5724337100982666,0.0003746696456801146,0.19201089441776276
-1.1368237733840942,-2.0280604362487793,0.0004936584155075252,0.16538681089878082,1.2362619638442993,-1.5724313259124756,0.0004936584155075252,0.19201914966106415
-1.1367746591567993,-2.0281665325164795,0.0011712271953001618,0.16521282494068146,1.2363282442092896,-1.572418451309204,0.0011712271953001618,0.19206416606903076
-1.136820673942566,-2.0280826091766357,0.0009589755209162831,0.16548646986484528,1.2363075017929077,-1.5724225044250488,0.0009589755209162831,0.1920500248670578
-1.1367961168289185,-2.028158187866211,0.0007856168667785823,0.16563355922698975,1.236291527748108,-1.5724256038665771,0.0007856168667785823,0.19203919172286987
-1.136808156967163,-2.028109550476074,0.000506362586747855,0.16540108621120453,1.2362626791000366,-1.572431206703186,0.000506362586747855,0.19201962649822235
-1.136847734451294,-2.0280284881591797,0.0009027390624396503,0.1656053215265274,1.2363020181655884,-1.5724235773086548,0.0009027390624396503,0.1920463591814041
-1.136795997619629,-2.0281291007995605,0.0011239902814850211,0.1655559092760086,1.2363245487213135,-1.5724191665649414,0.0011239902814850211,0.192061647772789
-1.136841893196106,-2.0279648303985596,0.0017133724177256227,0.16550998389720917,1.236380934715271,-1.5724081993103027,0.0017133724177256227,0.192099928855896
-1.1368407011032104,-2.0279159545898438,0.000491335813421756,0.16544902324676514,1.2362614870071411,-1.5724314451217651,0.000491335813421756,0.1920188069343567
-1.1368112564086914,-2.0278818607330322,0.0004453520814422518,0.16553691029548645,1.2362576723098755,-1.5724321603775024,0.0004453520814422518,0.19201624393463135
-1.1367888450622559,-2.0279548168182373,0.0007721498841419816,0.16527661681175232,1.2362884283065796,-1.572426199913025,0.0007721498841419816,0.19203710556030273
-1.136763095855713,-2.027954339981079,0.0002553605008870363,0.1649901270866394,1.236238718032837,-1.5724358558654785,0.0002553605008870363,0.19200338423252106
-1.1367554664611816,-2.0279314517974854,0.00024147301155608147,0.16498126089572906,1.2362371683120728,-1.5724362134933472,0.00024147301155608147,0.1920022964477539
-1.1367771625518799,-2.027848720550537,0.0008549547637812793,0.16521215438842773,1.2362974882125854,-1.5724244117736816,0.0008549547637812793,0.1920432299375534
-1.136741280555725,-2.0281593799591064,0.003150657285004854,0.1648716777563095,1.2365204095840454,-1.5723810195922852,0.003150657285004854,0.19219470024108887
-1.1367415189743042,-2.028050422668457,0.0010790772503241897,0.16487842798233032,1.2363204956054688,-1.5724200010299683,0.0010790772503241897,0.19205886125564575
-1.1367684602737427,-2.0279102325439453,0.0014251869870349765,0.16468338668346405,1.2363536357879639,-1.5724135637283325,0.0014251869870349765,0.19208139181137085
-1.1367523670196533,-2.0281314849853516,0.0022173936013132334,0.16460958123207092,1.2364312410354614,-1.5723984241485596,0.0022173936013132334,0.19213411211967468
-1.136785864830017,-2.028188943862915,0.0006733054760843515,0.16476719081401825,1.236278772354126,-1.5724281072616577,0.0006733054760843515,0.19203056395053864
-1.1367758512496948,-2.028053045272827,0.0013545813271775842,0.1650146245956421,1.2363471984863281,-1.572414755821228,0.0013545813271775842,0.19207705557346344
-1.136763572692871,-2.028154134750366,0.0010237513342872262,0.1647641956806183,1.2363134622573853,-1.5724213123321533,0.0010237513342872262,0.19205410778522491
-1.1368035078048706,-2.028061866760254,0.0010041201021522284,0.16522003710269928,1.2363121509552002,-1.5724215507507324,0.0010041201021522284,0.19205324351787567
-1.136796474456787,-2.0281436443328857,0.0008256339933723211,0.16518619656562805,1.2362940311431885,-1.572425127029419,0.0008256339933723211,0.19204093515872955
-1.1367943286895752,-2.0281527042388916,9.333026537206024e-05,0.16535551846027374,1.2362226247787476,-1.5724389553070068,9.333026537206024e-05,0.19199243187904358
-1.1368017196655273,-2.0281453132629395,0.0001044334057951346,0.1653095930814743,1.2362236976623535,-1.5724388360977173,0.0001044334057951346,0.19199319183826447
-1.1368166208267212,-2.028137683868408,0.00016695971135050058,0.16562090814113617,1.2362298965454102,-1.5724375247955322,0.00016695971135050058,0.19199737906455994
-1.1368272304534912,-2.0281333923339844,0.00011493582860566676,0.16565577685832977,1.2362247705459595,-1.5724385976791382,0.00011493582860566676,0.191993847489357
-1.1368030309677124,-2.0280861854553223,0.0005255574360489845,0.16580256819725037,1.2362655401229858,-1.5724306106567383,0.0005255574360489845,0.19202157855033875
-1.1368533372879028,-2.0280346870422363,0.0007189394673332572,0.16556572914123535,1.2362841367721558,-1.5724270343780518,0.0007189394673332572,0.19203421473503113
-1.1368231773376465,-2.0281295776367188,0.0010044610826298594,0.16557598114013672,1.2363111972808838,-1.5724217891693115,0.0010044610826298594,0.19205260276794434
-1.1367871761322021,-2.0279178619384766,0.0021255509927868843,0.16533887386322021,1.2364243268966675,-1.5723997354507446,0.0021255509927868843,0.19212938845157623
-1.136772632598877,-2.0278537273406982,0.000657327298540622,0.16532520949840546,1.2362780570983887,-1.5724282264709473,0.000657327298540622,0.19203005731105804
-1.1367732286453247,-2.027958869934082,0.001054861699230969,0.16501055657863617,1.2363166809082031,-1.5724207162857056,0.001054861699230969,0.1920563131570816
-1.1367499828338623,-2.0278286933898926,0.0013334640534594655,0.16516157984733582,1.236343264579773,-1.5724155902862549,0.0013334640534594655,0.19207437336444855
-1.1367926597595215,-2.027923822402954,0.0010449516121298075,0.16530422866344452,1.2363158464431763,-1.5724208354949951,0.0010449516121298075,0.19205573201179504
-1.1367470026016235,-2.0281150341033936,0.0019648096058517694,0.16482889652252197,1.2364064455032349,-1.5724031925201416,0.0019648096058517694,0.19211727380752563
-1.1367484331130981,-2.0282058715820312,0.0008977308170869946,0.16494852304458618,1.2363026142120361,-1.5724234580993652,0.0008977308170869946,0.19204677641391754
-1.1367571353912354,-2.0281505584716797,0.0005660775350406766,0.16476334631443024,1.236268401145935,-1.57243013381958,0.0005660775350406766,0.19202354550361633
-1.1367840766906738,-2.028090238571167,0.0006613247096538544,0.16482719779014587,1.2362782955169678,-1.5724282264709473,0.0006613247096538544,0.19203026592731476
-1.1367725133895874,-2.0281920433044434,0.0010273474035784602,0.16465948522090912,1.236314058303833,-1.5724211931228638,0.0010273474035784602,0.19205452501773834
-1.1367932558059692,-2.028080940246582,0.0011291434057056904,0.1651073396205902,1.236324429512024,-1.5724191665649414,0.0011291434057056904,0.19206157326698303
-1.1367453336715698,-2.0281848907470703,0.0011299499310553074,0.16490982472896576,1.2363258600234985,-1.5724189281463623,0.0011299499310553074,0.19206252694129944
-1.1367942094802856,-2.028079032897949,0.0011771126883104444,0.16487909853458405,1.2363280057907104,-1.5724185705184937,0.0011771126883104444,0.19206394255161285
-1.1367688179016113,-2.0281896591186523,0.0011277562007308006,0.16493283212184906,1.2363249063491821,-1.5724191665649414,0.0011277562007308006,0.1920618861913681
-1.1367826461791992,-2.0281920433044434,0.00014033155457582325,0.1651332974433899,1.23622727394104,-1.57243812084198,0.00014033155457582325,0.19199557602405548
-1.1368119716644287,-2.0281200408935547,0.0007843635976314545,0.16511443257331848,1.2362898588180542,-1.5724259614944458,0.0007843635976314545,0.19203804433345795
-1.1368426084518433,-2.0279903411865234,0.0013243334833532572,0.1653611958026886,1.236344337463379,-1.5724153518676758,0.0013243334833532572,0.19207505881786346
-1.136809229850769,-2.0280539989471436,0.0007191026234067976,0.16527239978313446,1.2362840175628662,-1.5724270343780518,0.0007191026234067976,0.19203414022922516
-1.1367827653884888,-2.0280561447143555,0.00026540958788245916,0.16526006162166595,1.2362395524978638,-1.572435736656189,0.00026540958788245916,0.19200392067432404
-1.1367672681808472,-2.0281903743743896,0.0013651775661855936,0.1649419367313385,1.2363461256027222,-1.5724149942398071,0.0013651775661855936,0.19207629561424255
-1.1367963552474976,-2.027815103530884,0.003768190275877714,0.16562092304229736,1.2365829944610596,-1.572368860244751,0.003768190275877714,0.19223715364933014
-1.136788010597229,-2.0278239250183105,0.0001205269800266251,0.1653001457452774,1.2362253665924072,-1.5724384784698486,0.0001205269800266251,0.191994309425354
-1.1367932558059692,-2.027890682220459,0.0006713074399158359,0.165532186627388,1.2362792491912842,-1.5724279880523682,0.0006713074399158359,0.1920308619737625
-1.136836290359497,-2.0277905464172363,0.0010940191568806767,0.16562144458293915,1.2363204956054688,-1.5724200010299683,0.0010940191568806767,0.19205887615680695
-1.1368112564086914,-2.027916669845581,0.001272530178539455,0.16533778607845306,1.2363396883010864,-1.5724161863327026,0.001272530178539455,0.19207194447517395
-1.1368348598480225,-2.0280425548553467,0.0012949940282851458,0.16547244787216187,1.2363392114639282,-1.5724163055419922,0.0012949940282851458,0.1920716017484665
-1.136732578277588,-2.02816104888916,0.001550606801174581,0.1649758517742157,1.236367106437683,-1.5724109411239624,0.001550606801174581,0.19209057092666626
-1.1368122100830078,-2.0280795097351074,0.0011438715737313032,0.1652362197637558,1.2363253831863403,-1.5724190473556519,0.0011438715737313032,0.19206219911575317
-1.1368036270141602,-2.0281240940093994,0.00045158149441704154,0.16515927016735077,1.2362580299377441,-1.5724321603775024,0.00045158149441704154,0.19201648235321045
-1.136756181716919,-2.028202533721924,0.0009141669725067914,0.1646965742111206,1.236303448677063,-1.5724233388900757,0.0009141669725067914,0.1920473277568817
-1.1367862224578857,-2.0280799865722656,0.0012638893676921725,0.16487427055835724,1.2363373041152954,-1.5724166631698608,0.0012638893676921725,0.19207033514976501
-1.1367475986480713,-2.028164863586426,0.0009440273279324174,0.16502875089645386,1.2363049983978271,-1.572422981262207,0.0009440273279324174,0.19204838573932648
-1.136781096458435,-2.0281741619110107,0.0003464448091108352,0.1649893969297409,1.2362476587295532,-1.5724341869354248,0.0003464448091108352,0.19200938940048218
-1.1367799043655396,-2.0280282497406006,0.0014494163915514946,0.16506890952587128,1.2363567352294922,-1.5724129676818848,0.0014494163915514946,0.19208349287509918
-1.136801838874817,-2.0280258655548096,0.0002209306403528899,0.16520929336547852,1.2362351417541504,-1.5724365711212158,0.0002209306403528899,0.19200092554092407
-1.136747121810913,-2.0281944274902344,0.001772062387317419,0.16467495262622833,1.2363874912261963,-1.5724070072174072,0.001772062387317419,0.19210436940193176
-1.1367712020874023,-2.028151273727417,0.0005007314030081034,0.165120929479599,1.2362619638442993,-1.5724313259124756,0.0005007314030081034,0.19201916456222534
-1.1367658376693726,-2.028154134750366,6.0212656535441056e-05,0.16489988565444946,1.2362194061279297,-1.5724396705627441,6.0212656535441056e-05,0.19199027121067047
-1.1367770433425903,-2.0281643867492676,0.00015325610002037138,0.16514092683792114,1.236228346824646,-1.5724378824234009,0.00015325610002037138,0.19199633598327637
-1.1367554664611816,-2.0279617309570312,0.0020365281961858273,0.16486983001232147,1.236413598060608,-1.5724018812179565,0.0020365281961858273,0.19212208688259125
-1.1367532014846802,-2.027911424636841,0.0005051643238402903,0.165084108710289,1.2362629175186157,-1.572431206703186,0.0005051643238402903,0.19201979041099548
-1.1367920637130737,-2.0278942584991455,0.00042500844574533403,0.16544343531131744,1.236255168914795,-1.5724326372146606,0.00042500844574533403,0.19201454520225525
-1.1367771625518799,-2.027921199798584,0.0003040276060346514,0.1655556559562683,1.236243724822998,-1.572434902191162,0.0003040276060346514,0.19200673699378967
-1.1368119716644287,-2.0276882648468018,0.0023709088563919067,0.16594702005386353,1.2364447116851807,-1.5723958015441895,0.0023709088563919067,0.19214323163032532
-1.1367952823638916,-2.0279088020324707,0.0022289082407951355,0.1654990166425705,1.2364306449890137,-1.5723985433578491,0.0022289082407951355,0.19213366508483887
-1.1368134021759033,-2.028160572052002,0.0024892115034163,0.16524001955986023,1.2364612817764282,-1.5723925828933716,0.0024892115034163,0.19215449690818787
-1.1367839574813843,-2.027883291244507,0.002808906836435199,0.1654149740934372,1.2364871501922607,-1.5723875761032104,0.002808906836435199,0.192172110080719
-1.1367839574813843,-2.028136968612671,0.002477391390129924,0.16515225172042847,1.2364624738693237,-1.5723923444747925,0.002477391390129924,0.19215533137321472
-1.1367961168289185,-2.028122663497925,0.00019373006944078952,0.16537770628929138,1.2362319231033325,-1.5724371671676636,0.00019373006944078952,0.19199873507022858
-1.136809229850769,-2.028067111968994,0.0005693534039892256,0.1651589423418045,1.236269474029541,-1.572429895401001,0.0005693534039892256,0.19202427566051483
-1.136806845664978,-2.0280051231384277,0.0006119204335846007,0.165436252951622,1.2362743616104126,-1.5724289417266846,0.0006119204335846007,0.19202756881713867
-1.1367225646972656,-2.0281760692596436,0.0019356097327545285,0.16482986509799957,1.2364006042480469,-1.572404384613037,0.0019356097327545285,0.19211328029632568
-1.1367741823196411,-2.0281882286071777,0.0005224882042966783,0.1649778038263321,1.2362655401229858,-1.5724306106567383,0.0005224882042966783,0.19202157855033875
-1.1368014812469482,-2.0280377864837646,0.001544042956084013,0.16543914377689362,1.2363635301589966,-1.5724115371704102,0.001544042956084013,0.19208815693855286
-1.1367748975753784,-2.0281782150268555,0.0014417844358831644,0.16492712497711182,1.2363537549972534,-1.572413444519043,0.0014417844358831644,0.1920814961194992
-1.136793851852417,-2.028059959411621,0.00119404133874923,0.16506217420101166,1.2363311052322388,-1.572417974472046,0.00119404133874923,0.19206605851650238
-1.1367748975753784,-2.0281825065612793,0.0012451474322006106,0.16488799452781677,1.236335277557373,-1.572417140007019,0.0012451474322006106,0.1920688897371292
-1.1367594003677368,-2.028116464614868,0.0006769436877220869,0.16486281156539917,1.236280083656311,-1.5724278688430786,0.0006769436877220869,0.19203144311904907
-1.1367617845535278,-2.0281550884246826,0.00038220686838030815,0.16481468081474304,1.2362514734268188,-1.572433352470398,0.00038220686838030815,0.1920120120048523
-1.1367853879928589,-2.027928352355957,0.0023098494857549667,0.164698988199234,1.2364373207092285,-1.572397232055664,0.0023098494857549667,0.1921381950378418
-1.1367830038070679,-2.027876615524292,0.0005187787464819849,0.16511668264865875,1.2362643480300903,-1.5724308490753174,0.0005187787464819849,0.1920207440853119
-1.1367806196212769,-2.0278453826904297,0.00031243133707903326,0.16514825820922852,1.2362442016601562,-1.5724347829818726,0.00031243133707903326,0.19200709462165833
-1.1366863250732422,-2.0278992652893066,0.0010816913563758135,0.16483375430107117,1.2363201379776,-1.5724200010299683,0.0010816913563758135,0.19205862283706665
-1.1367335319519043,-2.0278496742248535,0.0006799732218496501,0.1653372347354889,1.2362806797027588,-1.572427749633789,0.0006799732218496501,0.1920318603515625
-1.1332720518112183,-2.0276198387145996,0.035115525126457214,0.16440358757972717,1.2396180629730225,-1.571774959564209,0.035115525126457214,0.19429895281791687
-1.1145271062850952,-2.0251662731170654,0.18921098113059998,0.16500207781791687,1.254747748374939,-1.5687167644500732,0.18921098113059998,0.20458944141864777
-1.065276026725769,-2.0194432735443115,0.49575546383857727,0.1618240773677826,1.2847198247909546,-1.5621774196624756,0.49575546383857727,0.2250411957502365
-1.0004069805145264,-2.0146493911743164,0.6475144624710083,0.15294867753982544,1.299775242805481,-1.5586490631103516,0.6475144624710083,0.23535017669200897
-0.9249294996261597,-2.0076706409454346,0.7601989507675171,0.1453058272600174,1.3102232217788696,-1.556104063987732,0.7601989507675171,0.24251917004585266
-0.8460841178894043,-1.9877277612686157,0.8118720054626465,0.26162153482437134,1.3155879974365234,-1.5547664165496826,0.8118720054626465,0.2462051659822464
-0.7446646690368652,-1.9930239915847778,1.0183573961257935,0.14312349259853363,1.3604154586791992,-1.542760968208313,1.0183573961257935,0.2771446108818054
-0.6380688548088074,-1.9815473556518555,1.0554311275482178,0.14423517882823944,1.3658510446548462,-1.5412036180496216,1.0554311275482178,0.2809140682220459
-0.5239008069038391,-1.9714807271957397,1.1491082906723022,0.1442595273256302,1.3980070352554321,-1.5315340757369995,1.1491082906723022,0.303300142288208
-0.40210670232772827,-1.9604361057281494,1.2319066524505615,0.15084366500377655,1.4053332805633545,-1.5292205810546875,1.2319066524505615,0.3084220290184021
-0.2692262828350067,-1.934230089187622,1.3639181852340698,0.2785842716693878,1.4178413152694702,-1.5251752138137817,1.3639181852340698,0.31718605756759644
-0.13588795065879822,-1.9319978952407837,1.3335555791854858,0.14132177829742432,1.4653387069702148,-1.5086965560913086,1.3335555791854858,0.3507040739059448
0.006953582167625427,-1.9135079383850098,1.4360406398773193,0.14338229596614838,1.4753519296646118,-1.504992961883545,1.4360406398773193,0.3578215539455414
0.15675030648708344,-1.893675684928894,1.5166665315628052,0.1592688113451004,1.5063648223876953,-1.493003249168396,1.5166665315628052,0.37998858094215393
0.3131473660469055,-1.8718180656433105,1.5796315670013428,0.16351549327373505,1.5368674993515015,-1.4804298877716064,1.5796315670013428,0.40198400616645813
0.47363346815109253,-1.8459488153457642,1.626878023147583,0.18170295655727386,1.5888879299163818,-1.4571374654769897,1.626878023147583,0.43998435139656067
0.639748215675354,-1.8178997039794922,1.6855195760726929,0.19782203435897827,1.6411114931106567,-1.4313019514083862,1.6855195760726929,0.478829950094223
0.8100937604904175,-1.7850619554519653,1.715485692024231,0.21737441420555115,1.6915162801742554,-1.4038994312286377,1.715485692024231,0.5170802474021912
0.9843448400497437,-1.7471272945404053,1.8069217205047607,0.24438393115997314,1.762821912765503,-1.360682487487793,1.8069217205047607,0.5726739168167114
1.1618679761886597,-1.70502769947052,1.819645643234253,0.27135926485061646,1.852073311805725,-1.2984422445297241,1.819645643234253,0.6452299952507019
1.3411357402801514,-1.656377911567688,1.8354902267456055,0.3120454251766205,1.9555466175079346,-1.2130481004714966,1.8354902267456055,0.7346997857093811
1.5250333547592163,-1.603847861289978,1.9280143976211548,0.3767416775226593,2.087292432785034,-1.0780417919158936,1.9280143976211548,0.8605403304100037
1.708475112915039,-1.5358608961105347,1.966697096824646,0.42323586344718933,2.21470308303833,-0.9065518379211426,1.966697096824646,1.0030879974365234
1.708475112915039,-1.5358608961105347,0.0,0.42323586344718933,2.099066734313965,-1.0641814470291138,0.0,0.8726646304130554
2.0669546127319336,-1.3643794059753418,4.076649188995361,0.521565854549408,2.442265272140503,-0.25213342905044556,4.076649188995361,1.469199299812317
2.2398147583007812,-1.2580039501190186,2.0016062259674072,0.5934987664222717,2.445880889892578,-0.21108858287334442,2.0016062259674072,1.4966694116592407
2.411065101623535,-1.1454521417617798,2.065476417541504,0.6308088302612305,2.4422478675842285,0.052303023636341095,2.065476417541504,1.6725069284439087
2.566540241241455,-1.0110629796981812,2.050370216369629,0.7587934732437134,2.3999016284942627,0.28442835807800293,2.050370216369629,1.829973816871643
2.702192783355713,-0.8542718291282654,2.080418825149536,0.9079645872116089,2.331580877304077,0.4841528534889221,2.080418825149536,1.9708147048950195
2.8129143714904785,-0.6791855096817017,2.065138101577759,1.06106436252594,2.2501773834228516,0.6480234265327454,2.065138101577759,2.09287428855896
2.8948380947113037,-0.48839718103408813,2.0688841342926025,1.223749041557312,2.133127212524414,0.8220683932304382,2.0688841342926025,2.2328174114227295
2.941801071166992,-0.2837914824485779,2.1012580394744873,1.3768619298934937,2.0286715030670166,0.9423375725746155,2.1012580394744873,2.3390655517578125
2.963860511779785,-0.07645820826292038,2.107862949371338,1.5398839712142944,1.8947077989578247,1.0651296377182007,2.107862949371338,2.4602901935577393
2.963860511779785,-0.07645820826292038,0.0,1.5398839712142944,2.047030448913574,0.9229975342750549,0.0,2.3212878704071045
2.9019031524658203,0.3396308124065399,4.214476585388184,1.8387606143951416,1.4613406658172607,1.3101527690887451,4.214476585388184,2.7937252521514893
2.8312184810638428,0.5391414761543274,2.0929698944091797,1.946370244026184,1.5098485946655273,1.2916067838668823,2.0929698944091797,2.7591018676757812
2.7567358016967773,0.7408400177955627,2.1839206218719482,1.9729321002960205,1.358096957206726,1.3434184789657593,2.1839206218719482,2.8660547733306885
2.6642777919769287,0.9358049035072327,2.1612932682037354,2.082458257675171,1.1783900260925293,1.3825106620788574,2.1612932682037354,2.9887380599975586
2.5445055961608887,1.1137280464172363,2.1398868560791016,2.221465826034546,1.023469090461731,1.3981996774673462,2.1398868560791016,3.0925936698913574
2.400642156600952,1.2742877006530762,2.1489322185516357,2.3662593364715576,0.8653615117073059,1.3976101875305176,2.1489322185516357,3.1980483531951904
2.2334346771240234,1.4113937616348267,2.162562370300293,2.5073182582855225,0.7086415886878967,1.380454659461975,2.162562370300293,3.3032007217407227
2.049271583557129,1.5231112241744995,2.163926124572754,2.653416872024536,0.5813373327255249,1.3539903163909912,2.163926124572754,3.3899118900299072
1.8485360145568848,1.6116993427276611,2.163398265838623,2.780552864074707,0.45222732424736023,1.3149991035461426,2.163398265838623,3.4798550605773926
1.6375622749328613,1.6734216213226318,2.227962017059326,2.9077954292297363,0.3066825568675995,1.255043387413025,2.227962017059326,3.584843397140503
1.419508934020996,1.710745930671692,2.1926400661468506,3.0337302684783936,0.18981698155403137,1.1931054592132568,2.1926400661468506,3.673048257827759
1.197007179260254,1.7218108177185059,2.220083713531494,-3.1313083171844482,0.05756709352135658,1.1056382656097412,2.220083713531494,-2.504382610321045
0.9719954133033752,1.7073190212249756,2.284245014190674,-3.0209720134735107,-0.04613642767071724,1.0214776992797852,2.284245014190674,-2.4153153896331787
0.7486568093299866,1.6683681011199951,2.2692041397094727,-2.9007112979888916,-0.15873585641384125,0.9102993607521057,2.2692041397094727,-2.309774398803711
0.5303919315338135,1.601504921913147,2.2881698608398438,-2.7756521701812744,-0.2591949999332428,0.787607729434967,2.2881698608398438,-2.204010009765625
0.3216877281665802,1.5088591575622559,2.2624151706695557,-2.661186695098877,-0.34538477659225464,0.6562924385070801,2.2624151706695557,-2.09924578666687
0.12463286519050598,1.3921881914138794,2.287841796875,-2.539327383041382,-0.41761404275894165,0.516142725944519,2.287841796875,-1.9940857887268066
-0.05776176229119301,1.2535467147827148,2.312558650970459,-2.4236679077148438,-0.4825390875339508,0.34478285908699036,2.312558650970459,-1.871845006942749
-0.22354251146316528,1.093261957168579,2.3150129318237305,-2.3078675270080566,-0.5263310074806213,0.16541804373264313,2.3150129318237305,-1.7486783266067505
-0.37059545516967773,0.9143931865692139,2.3091959953308105,-2.1973206996917725,-0.5477262139320374,-0.01743939332664013,2.3091959953308105,-1.6258645057678223
-0.4959826171398163,0.7223041653633118,2.2704761028289795,-2.0874075889587402,-0.5448220372200012,-0.2245275378227234,2.2704761028289795,-1.4876823425292969
-0.6019570827484131,0.5168394446372986,2.312284231185913,-1.974108099937439,-0.5125463008880615,-0.4331039786338806,2.312284231185913,-1.3468600511550903
-0.6834139227867126,0.29938673973083496,2.3527960777282715,-1.8558536767959595,-0.44204986095428467,-0.658746063709259,2.3527960777282715,-1.1890976428985596
-0.7370564341545105,0.07271672040224075,2.299211263656616,-1.7409905195236206,-0.33713358640670776,-0.8702513575553894,2.299211263656616,-1.03153657913208
-0.7635964155197144,-0.15879054367542267,2.349592447280884,-1.6178686618804932,-0.20073354244232178,-1.062191367149353,2.349592447280884,-0.8743951916694641
-0.7607161402702332,-0.3914240002632141,2.318119764328003,-1.4889036417007446,-0.03632671758532524,-1.2301148176193237,2.318119764328003,-0.7175637483596802
-0.7270554304122925,-0.6227983236312866,2.3535163402557373,-1.35863196849823,0.1535871922969818,-1.37111234664917,2.3535163402557373,-0.5597116351127625
-0.6636404395103455,-0.8477680683135986,2.3359158039093018,-1.219239354133606,0.33817553520202637,-1.4695513248443604,2.3359158039093018,-0.42013418674468994
-0.5690491795539856,-1.0614075660705566,2.3386800289154053,-1.0777671337127686,0.559863269329071,-1.5483760833740234,2.3386800289154053,-0.26311659812927246
-0.4445582628250122,-1.2572247982025146,2.295940637588501,-0.9375943541526794,0.7636433243751526,-1.588378667831421,2.295940637588501,-0.12455961108207703
-0.2936851382255554,-1.4347611665725708,2.343156099319458,-0.8009999394416809,0.973544180393219,-1.5998152494430542,2.343156099319458,0.015696780756115913
-0.12287203967571259,-1.592275857925415,2.324204444885254,-0.6632857322692871,1.1814250946044922,-1.5820399522781372,2.324204444885254,0.1549021154642105
0.07061079144477844,-1.7219815254211426,2.324960708618164,-0.5250939130783081,1.3608758449554443,-1.5426299571990967,2.324960708618164,0.2774637043476105
0.2801225483417511,-1.8263821601867676,2.32621431350708,-0.3859464228153229,1.558700680732727,-1.470942497253418,2.32621431350708,0.4178544580936432
0.49996471405029297,-1.897261619567871,2.33337664604187,-0.2448624223470688,1.7185816764831543,-1.3881312608718872,2.33337664604187,0.5379630327224731
0.7281512022018433,-1.9374223947525024,2.3211615085601807,-0.10341839492321014,1.870395541191101,-1.2844290733337402,2.3211615085601807,0.6606079339981079
0.959782600402832,-1.942566990852356,2.3120310306549072,0.043772708624601364,2.0078768730163574,-1.1634360551834106,2.3120310306549072,0.7827775478363037
1.189078688621521,-1.9175634384155273,2.3006861209869385,0.18018300831317902,2.128953456878662,-1.027398943901062,2.3006861209869385,0.9042617678642273
1.4112660884857178,-1.8558146953582764,2.3002161979675293,0.330257773399353,2.219409465789795,-0.8991242051124573,2.3002161979675293,1.008950114250183
1.4112660884857178,-1.8558146953582764,0.0,0.330257773399353,2.082064390182495,-1.0840885639190674,0.0,0.8552113175392151
1.4112660884857178,-1.8558146953582764,0.0,0.330257773399353,2.082064390182495,-1.0840885639190674,0.0,0.8552113175392151
2.020099639892578,-1.5225865840911865,7.066373348236084,0.6720775961875916,2.4403247833251953,0.07009455561637878,7.066373348236084,1.6844371557235718
2.214890718460083,-1.383582592010498,2.376178503036499,0.6492727398872375,2.4481325149536133,-0.1748257279396057,2.376178503036499,1.520891785621643
2.4043304920196533,-1.2442988157272339,2.372490406036377,0.6861979365348816,2.4388785362243652,0.08232090622186661,2.372490406036377,1.6926448345184326
2.5762858390808105,-1.0849121809005737,2.330338954925537,0.8117799758911133,2.3922109603881836,0.31234392523765564,2.330338954925537,1.8492778539657593
2.7236738204956055,-0.9028028249740601,2.3690707683563232,0.9634925127029419,2.3208625316619873,0.5088809132575989,2.3690707683563232,1.988782286643982
2.8423707485198975,-0.702238142490387,2.329746961593628,1.1146869659423828,2.223428726196289,0.692703902721405,2.329746961593628,2.1275928020477295
2.9262261390686035,-0.48824453353881836,2.2753424644470215,1.2691950798034668,2.1027750968933105,0.8597445487976074,2.2753424644470215,2.26507306098938
2.9586665630340576,-0.2671741247177124,2.261791706085205,1.540099024772644,2.000715732574463,0.9705122113227844,2.261791706085205,2.3655266761779785
2.991079807281494,-0.034416187554597855,2.3533806800842285,1.57720947265625,1.8321757316589355,1.1131635904312134,2.3533806800842285,2.512863874435425
2.9710748195648193,0.19155609607696533,2.2501986026763916,1.7219300270080566,1.7075765132904053,1.1946343183517456,2.2501986026763916,2.612151622772217
2.9169232845306396,0.4140353798866272,2.2904374599456787,1.8616359233856201,1.566169261932373,1.2676020860671997,2.2904374599456787,2.7182838916778564
2.8311145305633545,0.623374342918396,2.2776272296905518,2.0213513374328613,1.422433853149414,1.3236594200134277,2.2776272296905518,2.8211824893951416
2.7195305824279785,0.8216974139213562,2.2606873512268066,2.1616175174713135,1.2697474956512451,1.3655242919921875,2.2606873512268066,2.9267795085906982
2.580399990081787,0.9999712705612183,2.272641658782959,2.3062632083892822,1.1422100067138672,1.3876341581344604,2.272641658782959,3.013099431991577
2.417262077331543,1.1566157341003418,2.2419207096099854,2.443662405014038,0.985629141330719,1.3995767831802368,2.2419207096099854,3.11783766746521
2.2358205318450928,1.2923502922058105,2.2934365272521973,2.633800745010376,0.8543704748153687,1.3969485759735107,2.2934365272521973,3.2053890228271484
2.03662371635437,1.399541974067688,2.2598483562469482,2.6955320835113525,0.7246498465538025,1.3829758167266846,2.2598483562469482,3.2923970222473145
1.8246941566467285,1.488551378250122,2.2802202701568604,2.7994401454925537,0.5927056670188904,1.356825590133667,2.2802202701568604,3.382100820541382
1.60418701171875,1.5558335781097412,2.327192544937134,2.8998844623565674,0.44174256920814514,1.3112668991088867,2.327192544937134,3.487274408340454
1.377894639968872,1.6013237237930298,2.309512138366699,3.001418352127075,0.2967609167098999,1.2502883672714233,2.309512138366699,3.5921781063079834
1.1463775634765625,1.6245638132095337,2.3255717754364014,3.106998920440674,0.1355077475309372,1.1596040725708008,2.3255717754364014,3.7155921459198
0.9113211035728455,1.6238676309585571,2.338578462600708,-3.0744528770446777,-0.013750862330198288,1.0494277477264404,2.338578462600708,-2.443835496902466
0.6762117743492126,1.599015474319458,2.368265151977539,-2.9704701900482178,-0.1652521938085556,0.9031014442443848,2.368265151977539,-2.3033015727996826
0.4441278874874115,1.5493102073669434,2.3526053428649902,-2.8577396869659424,-0.2945215106010437,0.7373566627502441,2.3526053428649902,-2.1630566120147705
0.2215603142976761,1.4699527025222778,2.384187936782837,-2.731778860092163,-0.39848577976226807,0.5569521188735962,2.384187936782837,-2.0241334438323975
0.010478471405804157,1.3635917901992798,2.371711015701294,-2.5962576866149902,-0.4768148362636566,0.36281684041023254,2.371711015701294,-1.8844588994979858
-0.18276552855968475,1.2305777072906494,2.3350489139556885,-2.463716745376587,-0.527033805847168,0.16147862374782562,2.3350489139556885,-1.7460105419158936
-0.35682380199432373,1.0708147287368774,2.354090452194214,-2.327968120574951,-0.5491085648536682,-0.04829452559351921,2.354090452194214,-1.6052734851837158
-0.5078981518745422,0.8892468810081482,2.386075496673584,-2.1952686309814453,-0.5417220592498779,-0.25736984610557556,2.386075496673584,-1.4656896591186523
-0.632266640663147,0.6927722096443176,2.3054184913635254,-2.0576696395874023,-0.5061880946159363,-0.45988360047340393,2.3054184913635254,-1.3285104036331177
-0.7293211221694946,0.479035347700119,2.346158027648926,-1.9207106828689575,-0.44110485911369324,-0.6610946655273438,2.346158027648926,-1.1874099969863892
-0.7973774671554565,0.2548975646495819,2.3736119270324707,-1.7847108840942383,-0.3497261703014374,-0.8488069772720337,2.3736119270324707,-1.0481157302856445
-0.8321667909622192,0.024002498015761375,2.3079638481140137,-1.6566184759140015,-0.23331904411315918,-1.0218220949172974,2.3079638481140137,-0.9089833498001099
-0.8360579609870911,-0.20935122668743134,2.330014228820801,-1.5209605693817139,-0.09359288960695267,-1.1774570941925049,2.330014228820801,-0.7694337368011475
-0.8088496923446655,-0.441340833902359,2.3631131649017334,-1.3874493837356567,0.045649271458387375,-1.296724557876587,2.3631131649017334,-0.6471316814422607
-0.7500176429748535,-0.6680818200111389,2.328150987625122,-1.2495267391204834,0.2215874195098877,-1.4112646579742432,2.328150987625122,-0.5070589780807495
-0.6610928177833557,-0.8849884271621704,2.365968942642212,-1.1067266464233398,0.38698482513427734,-1.4903286695480347,2.365968942642212,-0.3847672939300537
-0.5432817935943604,-1.085557222366333,2.3262157440185547,-0.9664705395698547,0.5588650107383728,-1.5481067895889282,2.3262157440185547,-0.2638058662414551
-0.3991217315196991,-1.2700512409210205,2.311002492904663,-0.8369432091712952,0.7657247185707092,-1.5886378288269043,2.311002492904663,-0.12316130101680756
-0.23186567425727844,-1.4331750869750977,2.3340587615966797,-0.70340895652771,0.9480127096176147,-1.5999987125396729,2.3340587615966797,-0.0013248712057247758
-0.04460250213742256,-1.5738701820373535,2.3450913429260254,-0.5721579194068909,1.131422519683838,-1.588988184928894,2.3450913429260254,0.12124519795179367
0.16112396121025085,-1.6887718439102173,2.3909897804260254,-0.441432923078537,1.338247537612915,-1.5488836765289307,2.3909897804260254,0.2618124783039093
0.3791336715221405,-1.7765902280807495,2.3233513832092285,-0.30843111872673035,1.5113656520843506,-1.4909955263137817,2.3233513832092285,0.38358116149902344
0.6063821911811829,-1.8338558673858643,2.345733880996704,-0.17627575993537903,1.6989028453826904,-1.399670958518982,2.345733880996704,0.5227543711662292
0.8391499519348145,-1.8598133325576782,2.343628406524658,-0.04040205106139183,1.8515969514846802,-1.2988005876541138,2.343628406524658,0.6448326110839844
1.0747723579406738,-1.854943871498108,2.3833742141723633,0.09333480149507523,2.010697841644287,-1.160622477531433,2.3833742141723633,0.7854336500167847
1.307463526725769,-1.8192253112792969,2.354567289352417,0.23232688009738922,2.1318912506103516,-1.0236520767211914,2.354567289352417,0.9074360132217407
1.5320210456848145,-1.7527879476547241,2.312084436416626,0.3639218211174011,2.2483174800872803,-0.8512467741966248,2.312084436416626,1.046237587928772
1.5320210456848145,-1.7527879476547241,0.0,0.3639218211174011,2.1157188415527344,-1.043980598449707,0.0,0.8901179432868958
1.5320210456848145,-1.7527879476547241,0.0,0.3639218211174011,2.1157188415527344,-1.043980598449707,0.0,0.8901179432868958
2.1498863697052,-1.4051260948181152,7.214428424835205,0.6872608661651611,2.4167826175689697,0.2139243632555008,7.214428424835205,1.7816379070281982
2.3388888835906982,-1.260619044303894,2.3844823837280273,0.7008304595947266,2.447822332382202,-0.019202303141355515,2.3844823837280273,1.6246875524520874
2.527758836746216,-1.113055944442749,2.387539863586426,0.7017253637313843,2.4106361865997314,0.24138227105140686,2.387539863586426,1.80039644241333
2.703906297683716,-0.9502704739570618,2.3934316635131836,0.8038352727890015,2.329099655151367,0.48998671770095825,2.3934316635131836,1.9750410318374634
2.8568718433380127,-0.7681452631950378,2.372805595397949,0.9536561965942383,2.2208938598632812,0.6967614889144897,2.372805595397949,2.13078236579895
2.8568718433380127,-0.7681452631950378,0.0,0.9536561965942383,2.3307573795318604,0.48609668016433716,0.0,1.972222089767456
3.044032335281372,-0.3497878313064575,4.538704872131348,1.354684591293335,1.7994730472564697,1.1362829208374023,4.538704872131348,2.539564371109009
3.1210432052612305,-0.12472248077392578,2.4085328578948975,1.3746622800827026,1.8085150718688965,1.130021095275879,2.4085328578948975,2.5322318077087402
3.1714296340942383,0.10270903259515762,2.3049371242523193,1.4174028635025024,1.6565666198730469,1.2231642007827759,2.3049371242523193,2.651118278503418
3.197502851486206,0.3372564911842346,2.360701084136963,1.5259389877319336,1.4872039556503296,1.300504207611084,2.360701084136963,2.7753219604492188
3.1842434406280518,0.5652624368667603,2.282150983810425,1.6867514848709106,1.319892168045044,1.3536779880523682,2.282150983810425,2.892427682876587
3.135111093521118,0.7832121253013611,2.2628836631774902,1.863002061843872,1.196694016456604,1.3795750141143799,2.2628836631774902,2.97637939453125
3.0530288219451904,0.9922369122505188,2.2244832515716553,2.028574228286743,1.039542317390442,1.397325038909912,2.2244832515716553,3.081862211227417
2.93891978263855,1.1825839281082153,2.2142274379730225,2.190229892730713,0.9113339781761169,1.3995015621185303,2.2142274379730225,3.167372941970825
2.7964749336242676,1.3519729375839233,2.2257931232452393,2.3787829875946045,0.7813955545425415,1.3904941082000732,2.2257931232452393,3.2542335987091064
2.630488634109497,1.4973214864730835,2.2212963104248047,2.4926838874816895,0.6528095602989197,1.3702645301818848,2.2212963104248047,3.3410391807556152
2.4453039169311523,1.6143916845321655,2.1684839725494385,2.640930652618408,0.5272794961929321,1.3392037153244019,2.1684839725494385,3.427276611328125
2.2441887855529785,1.7036689519882202,2.2146880626678467,2.7861926555633545,0.42702120542526245,1.3058780431747437,2.2146880626678467,3.49772572517395
2.0321357250213623,1.7623282670974731,2.2138519287109375,2.9217207431793213,0.3302474021911621,1.265981912612915,2.2138519287109375,3.567523241043091
1.8125916719436646,1.797150731086731,2.2057018280029297,3.0524563789367676,0.23447361588478088,1.2183406352996826,2.2057018280029297,3.6388509273529053
1.5892270803451538,1.8037117719650269,2.2457966804504395,-3.1114871501922607,0.16545811295509338,1.1784733533859253,2.2457966804504395,-2.5911929607391357
1.3646117448806763,1.785684585571289,2.243706226348877,-3.0034139156341553,0.07666096836328506,1.1195404529571533,2.243706226348877,-2.5201287269592285
1.1393940448760986,1.7425085306167603,2.308863878250122,-2.8866424560546875,0.010924127884209156,1.0696736574172974,2.308863878250122,-2.4651145935058594
0.9210079312324524,1.6824239492416382,2.241121292114258,-2.7994937896728516,-0.06630978733301163,1.0032291412353516,2.241121292114258,-2.3971800804138184
0.7067024111747742,1.5979975461959839,2.2972006797790527,-2.6996383666992188,-0.1253328174352646,0.9457817077636719,2.2972006797790527,-2.3422634601593018
0.4993630349636078,1.4915482997894287,2.364978075027466,-2.609950065612793,-0.1974254697561264,0.8661339282989502,2.364978075027466,-2.2706284523010254
0.30193400382995605,1.3683903217315674,2.2759485244750977,-2.5176522731781006,-0.26180315017700195,0.7840436100959778,2.2759485244750977,-2.2010657787323
0.11443197727203369,1.2283928394317627,2.3668012619018555,-2.4375510215759277,-0.32121357321739197,0.6962512731552124,2.3668012619018555,-2.130380868911743
-0.06182693690061569,1.0730414390563965,2.3774302005767822,-2.356158494949341,-0.39789724349975586,0.558158814907074,2.3774302005767822,-2.0250284671783447
-0.2252959907054901,0.9021406173706055,2.3509981632232666,-2.28387451171875,-0.4768546521663666,0.36269405484199524,2.3509981632232666,-1.8843728303909302
-0.37804722785949707,0.7216421365737915,2.37776255607605,-2.2118759155273438,-0.5389212369918823,0.08197114616632462,2.37776255607605,-1.6924099922180176
-0.5168190598487854,0.5289140343666077,2.381596326828003,-2.133211374282837,-0.5415861010551453,-0.2586533725261688,2.381596326828003,-1.4648292064666748
-0.6372570395469666,0.3233358561992645,2.3634297847747803,-2.034588575363159,-0.47576668858528137,-0.566035807132721,2.3634297847747803,-1.2548768520355225
-0.7332861423492432,0.10477402061223984,2.408884286880493,-1.9151127338409424,-0.34748125076293945,-0.8526901006698608,2.408884286880493,-1.0451254844665527
-0.8010445833206177,-0.12300081551074982,2.354121685028076,-1.784821629524231,-0.18073800206184387,-1.0856122970581055,2.354121685028076,-0.8538645505905151
-0.8376074433326721,-0.35748422145843506,2.364938974380493,-1.6527485847473145,0.007339183706790209,-1.2667864561080933,2.364938974380493,-0.6795467734336853
-0.8388786911964417,-0.5942888855934143,2.375229835510254,-1.5042928457260132,0.2238253951072693,-1.4125053882598877,2.375229835510254,-0.5053530931472778
-0.8061312437057495,-0.829291582107544,2.396118640899658,-1.352044701576233,0.4139924943447113,-1.500962495803833,2.396118640899658,-0.3654165267944336
-0.7405366897583008,-1.0540424585342407,2.3425376415252686,-1.1997747421264648,0.636673092842102,-1.5669103860855103,2.3425376415252686,-0.21043425798416138
-0.6396687626838684,-1.2635939121246338,2.3038713932037354,-1.049487590789795,0.8423178195953369,-1.5961298942565918,2.3038713932037354,-0.07184994220733643
-0.5104671120643616,-1.4554693698883057,2.3171701431274414,-0.9057758450508118,1.0242106914520264,-1.59816312789917,2.3171701431274414,0.04949403181672096
-0.35663050413131714,-1.6270418167114258,2.32387638092041,-0.7588068842887878,1.2053704261779785,-1.5781021118164062,2.32387638092041,0.17108026146888733
-0.1785130649805069,-1.7732806205749512,2.285715103149414,-0.6172590255737305,1.3836205005645752,-1.5359572172164917,2.285715103149414,0.29326605796813965
0.01706847921013832,-1.8928037881851196,2.2924399375915527,-0.47040367126464844,1.5542454719543457,-1.4729119539260864,2.2924399375915527,0.41460707783699036
0.2272237241268158,-1.9817911386489868,2.301962375640869,-0.32767704129219055,1.6935820579528809,-1.4027224779129028,2.301962375640869,0.5186652541160583
0.44819191098213196,-2.0399062633514404,2.269327163696289,-0.18447087705135345,1.8258941173553467,-1.3177067041397095,2.269327163696289,0.6235606670379639
0.6717992424964905,-2.061937093734741,2.2348759174346924,-0.04115438088774681,1.9455472230911255,-1.2220008373260498,2.2348759174346924,0.7257519960403442
0.8992499709129333,-2.053696632385254,2.3099546432495117,0.10220739245414734,2.0415456295013428,-1.1288479566574097,2.3099546432495117,0.814958393573761
1.121331810951233,-2.0126562118530273,2.2543437480926514,0.2542322874069214,2.1420438289642334,-1.010511875152588,2.2543437480926514,0.9185062646865845
1.3364629745483398,-1.9434062242507935,2.2578814029693604,0.44432583451271057,2.216949701309204,-0.9030184149742126,2.2578814029693604,1.0058794021606445
1.3364629745483398,-1.9434062242507935,0.0,0.44432583451271057,2.082064390182495,-1.0840885639190674,0.0,0.8552113175392151
1.3364629745483398,-1.9434062242507935,0.0,0.44432583451271057,2.082064390182495,-1.0840885639190674,0.0,0.8552113175392151
1.3364629745483398,-1.9434062242507935,0.0,0.44432583451271057,2.082064390182495,-1.0840885639190674,0.0,0.8552113175392151
2.1059117317199707,-1.4396326541900635,9.465978622436523,0.6870776414871216,2.3755311965942383,0.36675533652305603,9.465978622436523,1.8872205018997192
2.2908709049224854,-1.2982676029205322,2.3060741424560547,0.7000917196273804,2.4498181343078613,-0.07664446532726288,2.3060741424560547,1.5863673686981201
2.473992347717285,-1.1520435810089111,2.339346408843994,0.7280644774436951,2.427433490753174,0.15921151638031006,2.339346408843994,1.7444758415222168
2.638101100921631,-0.9855566024780273,2.3303823471069336,0.853459358215332,2.368878126144409,0.38660556077957153,2.3303823471069336,1.9011776447296143
2.779452323913574,-0.798430323600769,2.3777761459350586,1.000713586807251,2.2749404907226562,0.603230357170105,2.3777761459350586,2.058750867843628
2.8857433795928955,-0.5931797027587891,2.312392473220825,1.1596753597259521,2.1661531925201416,0.7780498266220093,2.312392473220825,2.1961283683776855
2.955918788909912,-0.3744124472141266,2.2831778526306152,1.3146127462387085,2.0510270595550537,0.9186949133872986,2.2831778526306152,2.317373037338257
2.994760751724243,-0.1484152227640152,2.27211332321167,1.4674304723739624,1.9190056324005127,1.0450013875961304,2.27211332321167,2.4392552375793457
3.0024988651275635,0.07748613506555557,2.2885830402374268,1.627905249595642,1.7749810218811035,1.1527595520019531,2.2885830402374268,2.559243679046631
2.970918893814087,0.3013065755367279,2.237548351287842,1.7778801918029785,1.6161556243896484,1.2439631223678589,2.237548351287842,2.6814188957214355
2.9053990840911865,0.5182710289955139,2.304348945617676,1.9221819639205933,1.4714573621749878,1.3064430952072144,2.304348945617676,2.78654146194458
2.807920455932617,0.7210060358047485,2.222276449203491,2.0804007053375244,1.3485223054885864,1.3460912704467773,2.222276449203491,2.8726818561553955
2.684720754623413,0.9102965593338013,2.262885570526123,2.2261435985565186,1.1942939758300781,1.3799731731414795,2.262885570526123,2.978001356124878
2.5352749824523926,1.0774654150009155,2.2449331283569336,2.3651340007781982,1.0659924745559692,1.3955085277557373,2.2449331283569336,3.0641870498657227
2.36453914642334,1.2245285511016846,2.251312732696533,2.498533010482788,0.9340994358062744,1.3999156951904297,2.251312732696533,3.152193307876587
2.17628812789917,1.3463376760482788,2.2639622688293457,2.6297175884246826,0.8045458197593689,1.3929309844970703,2.2639622688293457,3.2387146949768066
1.9737451076507568,1.4469667673110962,2.2608654499053955,2.7406487464904785,0.6473879814147949,1.3691582679748535,2.2608654499053955,3.3447282314300537
1.7586158514022827,1.524256944656372,2.2880020141601562,2.849778413772583,0.5181674957275391,1.3364959955215454,2.2880020141601562,3.4336137771606445
1.5364845991134644,1.5813205242156982,2.3004543781280518,2.9519832134246826,0.39391374588012695,1.2931145429611206,2.3004543781280518,3.521381378173828
1.3080570697784424,1.6149249076843262,2.305016279220581,3.057849884033203,0.24997545778751373,1.2266370058059692,2.305016279220581,3.627129316329956
1.0769610404968262,1.6245946884155273,2.2913079261779785,-3.1212451457977295,0.0931786298751831,1.1312015056610107,2.2913079261779785,-2.5336081981658936
0.8428072929382324,1.610188364982605,2.368584156036377,-3.0195722579956055,-0.03331628814339638,1.0327352285385132,2.368584156036377,-2.426689624786377
0.6100167632102966,1.5725196599960327,2.3320658206939697,-2.9151594638824463,-0.18219494819641113,0.8839383125305176,2.3320658206939697,-2.2862486839294434
0.38310104608535767,1.5091462135314941,2.354881525039673,-2.793365716934204,-0.3079947829246521,0.7169756293296814,2.354881525039673,-2.146768569946289
0.16510289907455444,1.4174814224243164,2.3992409706115723,-2.6745376586914062,-0.40982767939567566,0.5331419110298157,2.3992409706115723,-2.0065510272979736
-0.039170946925878525,1.3010685443878174,2.3169186115264893,-2.547822952270508,-0.48431000113487244,0.33903852105140686,2.3169186115264893,-1.8678375482559204
-0.2262827455997467,1.1585286855697632,2.3670897483825684,-2.4178361892700195,-0.5353464484214783,0.10915523022413254,2.3670897483825684,-1.7106889486312866
-0.3952493667602539,0.9922387599945068,2.3526771068573,-2.2889699935913086,-0.5499992966651917,-0.10145028680562973,2.3526771068573,-1.5698294639587402
-0.5380980372428894,0.8065448999404907,2.3702392578125,-2.1606225967407227,-0.5355876684188843,-0.30743491649627686,2.3702392578125,-1.432061791419983
-0.6563940644264221,0.6047201752662659,2.34470796585083,-2.024411201477051,-0.48494774103164673,-0.5369496941566467,2.34470796585083,-1.2752110958099365
-0.7465189099311829,0.38750168681144714,2.359755516052246,-1.88661527633667,-0.4096502661705017,-0.7335227727890015,2.359755516052246,-1.1347615718841553
-0.8048997521400452,0.16053995490074158,2.307387113571167,-1.7533936500549316,-0.3086967468261719,-0.9158936738967896,2.307387113571167,-0.9956839084625244
-0.8323714137077332,-0.07160153985023499,2.3649966716766357,-1.6214960813522339,-0.1832825243473053,-1.0826854705810547,2.3649966716766357,-0.856450080871582
-0.8267484903335571,-0.3050540089607239,2.332773447036743,-1.4771255254745483,-0.03567191958427429,-1.230686068534851,2.332773447036743,-0.7169845104217529
-0.7896753549575806,-0.5365338921546936,2.3622045516967773,-1.341652512550354,0.11022468656301498,-1.342890739440918,2.3622045516967773,-0.5942050218582153
-0.721768319606781,-0.7613423466682434,2.346860408782959,-1.204480767250061,0.29174354672431946,-1.4478495121002197,2.346860408782959,-0.45430469512939453
-0.6223543882369995,-0.9720519185066223,2.327258825302124,-1.0612859725952148,0.45915687084198,-1.5174177885055542,2.327258825302124,-0.3333693742752075
-0.49601611495018005,-1.1683117151260376,2.337888717651367,-0.923902153968811,0.6616159677505493,-1.5720171928405762,2.337888717651367,-0.19346055388450623
-0.3430439531803131,-1.3456158638000488,2.312554359436035,-0.7936789393424988,0.8439229726791382,-1.5962445735931396,2.312554359436035,-0.07077711075544357
-0.16875706613063812,-1.5007894039154053,2.3343465328216553,-0.6589899063110352,1.0523760318756104,-1.5965023040771484,2.3343465328216553,0.06830380856990814
0.024460630491375923,-1.6334989070892334,2.36038875579834,-0.5285545587539673,1.235019564628601,-1.5726723670959473,2.36038875579834,0.1911754310131073
0.2349482923746109,-1.7403874397277832,2.3704192638397217,-0.3948335647583008,1.4139562845230103,-1.526444673538208,2.3704192638397217,0.31446129083633423
0.4568050503730774,-1.8158602714538574,2.3212382793426514,-0.2566112279891968,1.6064090728759766,-1.4487502574920654,2.3212382793426514,0.45293453335762024
0.6865234375,-1.8602569103240967,2.3615572452545166,-0.12068787962198257,1.7655740976333618,-1.3589038848876953,2.3615572452545166,0.5748584866523743
0.919870138168335,-1.8723139762878418,2.332944393157959,0.018318314105272293,1.9126780033111572,-1.2503265142440796,2.332944393157959,0.6968240737915039
1.155077338218689,-1.8537359237670898,2.3610999584198,0.15378959476947784,2.064931631088257,-1.1034578084945679,2.3610999584198,0.837971568107605
1.38364577293396,-1.804642677307129,2.339521646499634,0.28925254940986633,2.177672863006592,-0.9618697762489319,2.339521646499634,0.9587056040763855
1.6053730249404907,-1.7258752584457397,2.33402943611145,0.4257811903953552,2.2742726802825928,-0.8044871687889099,2.33402943611145,1.0818928480148315
1.6053730249404907,-1.7258752584457397,0.0,0.4257811903953552,2.1479532718658447,-1.0027225017547607,0.0,0.9250245094299316
2.018411874771118,-1.4999772310256958,4.781116485595703,0.6482710242271423,2.447920083999634,-0.17896516621112823,4.781116485595703,1.518128514289856
2.2018444538116455,-1.3473225831985474,2.3604977130889893,0.7617543935775757,2.446553945541382,-0.20161733031272888,2.3604977130889893,1.5029995441436768
2.3675014972686768,-1.1788891553878784,2.3967111110687256,0.8706568479537964,2.4463021755218506,0.005259521771222353,2.3967111110687256,1.6410270929336548
2.5052437782287598,-0.9889095425605774,2.3091461658477783,1.0036970376968384,2.4174206256866455,0.21092872321605682,2.3091461658477783,1.779595971107483
2.6173651218414307,-0.7816788554191589,2.3688766956329346,1.1471437215805054,2.35953950881958,0.41302868723869324,2.3688766956329346,1.919861078262329
2.698169708251953,-0.5611425042152405,2.367058277130127,1.2829809188842773,2.274771213531494,0.6035488247871399,2.367058277130127,2.0589914321899414
2.7493984699249268,-0.33240121603012085,2.3156135082244873,1.4228764772415161,2.1642372608184814,0.780697226524353,2.3156135082244873,2.1983070373535156
2.7689645290374756,-0.09868975728750229,2.385266065597534,1.554930329322815,2.047773838043213,0.9221997857093811,2.385266065597534,2.320560932159424
2.7564501762390137,0.13529343903064728,2.3255302906036377,1.689242959022522,1.8949919939041138,1.064899206161499,2.3255302906036377,2.4600462913513184
2.715317726135254,0.36516764760017395,2.355534076690674,1.8256958723068237,1.724351406097412,1.1846710443496704,2.355534076690674,2.599144458770752
2.6430504322052,0.5881657600402832,2.3436172008514404,1.9548262357711792,1.561204433441162,1.2698280811309814,2.3436172008514404,2.7219111919403076
2.54195499420166,0.7995831966400146,2.3454439640045166,2.0886757373809814,1.3897761106491089,1.3340840339660645,2.3454439640045166,2.8440370559692383
2.4130306243896484,0.9937403202056885,2.324660062789917,2.2245209217071533,1.1871761083602905,1.3811304569244385,2.324660062789917,2.982808828353882
2.2603044509887695,1.1696481704711914,2.3243110179901123,2.362523078918457,1.0050102472305298,1.3989909887313843,2.3243110179901123,3.1049108505249023
2.0855374336242676,1.3231079578399658,2.3324689865112305,2.49120831489563,0.8222945928573608,1.3945538997650146,2.3324689865112305,3.226832866668701
1.8915352821350098,1.4511594772338867,2.2876861095428467,2.622124671936035,0.6412311792373657,1.367876648902893,2.2876861095428467,3.3489205837249756
1.6816492080688477,1.557153344154358,2.3885505199432373,2.7474489212036133,0.4621090888977051,1.318436622619629,2.3885505199432373,3.4728798866271973
1.4597687721252441,1.633575677871704,2.269191026687622,2.870925188064575,0.26985791325569153,1.2369393110275269,2.269191026687622,3.6122004985809326
1.2300997972488403,1.683013916015625,2.430525779724121,3.0017757415771484,0.11178253591060638,1.143941879272461,2.430525779724121,3.7345447540283203
0.9938502311706543,1.7021194696426392,2.361091136932373,3.128267526626587,-0.03514575958251953,1.0311444997787476,2.361091136932373,3.85811185836792
0.7569752335548401,1.6916706562042236,2.358225107192993,-3.024876594543457,-0.1830386519432068,0.8829666376113892,2.358225107192993,-2.285390615463257
0.5220377445220947,1.6512407064437866,2.413959503173828,-2.893103837966919,-0.2951039969921112,0.7364903092384338,2.413959503173828,-2.162360668182373
0.2955799698829651,1.5807132720947266,2.3571057319641113,-2.762864589691162,-0.3988771140575409,0.5561482906341553,2.3571057319641113,-2.0235373973846436
0.08075272291898727,1.479813575744629,2.378685235977173,-2.6274466514587402,-0.47711631655693054,0.3618864119052887,2.378685235977173,-1.883806824684143
-0.11742757260799408,1.3517616987228394,2.356020450592041,-2.4898698329925537,-0.5225039124488831,0.1858883649110794,2.356020450592041,-1.7625617980957031
-0.2949230372905731,1.197546124458313,2.3648998737335205,-2.3551101684570312,-0.5463119745254517,0.005120911635458469,2.3648998737335205,-1.6409344673156738
-0.4523668885231018,1.0206449031829834,2.3765194416046143,-2.221376895904541,-0.5462620258331299,-0.20582997798919678,2.3765194416046143,-1.5001842975616455
-0.5821053385734558,0.8256006240844727,2.3199784755706787,-2.087763547897339,-0.5227009654045105,-0.3848717510700226,2.3199784755706787,-1.3797212839126587
-0.6849019527435303,0.6168999671936035,2.336108684539795,-1.9503389596939087,-0.4775015115737915,-0.5606945157051086,2.336108684539795,-1.2586208581924438
-0.7599396705627441,0.3943067193031311,2.3567593097686768,-1.8137824535369873,-0.40976521372795105,-0.7332760691642761,2.3567593097686768,-1.1349431276321411
-0.8022189140319824,0.1640719622373581,2.33200740814209,-1.6846891641616821,-0.30884116888046265,-0.9156708717346191,2.33200740814209,-0.9958609342575073
-0.8216824531555176,-0.0631527379155159,2.259063482284546,-1.6066384315490723,-0.20391322672367096,-1.0583758354187012,2.259063482284546,-0.8777064085006714
-0.8326163291931152,-0.282540500164032,2.227360725402832,-1.5893747806549072,-0.06549901515245438,-1.2039754390716553,2.227360725402832,-0.7436778545379639
-0.8408218026161194,-0.49478763341903687,2.1328868865966797,-1.5736185312271118,0.11367135494947433,-1.3452125787734985,2.1328868865966797,-0.5914344787597656
-0.8453177809715271,-0.6992601156234741,2.046489715576172,-1.5552483797073364,0.28802689909935,-1.4460281133651733,2.046489715576172,-0.4570640027523041
-0.8475604057312012,-0.8973944187164307,1.9750113487243652,-1.544608235359192,0.4757479131221771,-1.523054838180542,1.9750113487243652,-0.32168760895729065
-0.8465563058853149,-1.0855708122253418,1.8790104389190674,-1.5287081003189087,0.6686171293258667,-1.5733715295791626,1.8790104389190674,-0.18870654702186584
-0.8413940072059631,-1.2665647268295288,1.7977328300476074,-1.5154767036437988,0.8431786894798279,-1.5961915254592896,1.7977328300476074,-0.0712745413184166
-0.8350522518157959,-1.440327763557434,1.754597544670105,-1.5013550519943237,0.9929731488227844,-1.5993843078613281,1.754597544670105,0.02865268662571907
-0.8267588019371033,-1.6065722703933716,1.658755898475647,-1.4859662055969238,1.116109848022461,-1.5907741785049438,1.658755898475647,0.1109674945473671
-0.8169918060302734,-1.7663969993591309,1.5902540683746338,-1.480525255203247,1.239200234413147,-1.5718570947647095,1.5902540683746338,0.19401505589485168
-0.7922269105911255,-1.924986481666565,1.6011762619018555,-1.3436479568481445,1.3667538166046143,-1.5409427881240845,1.6011762619018555,0.28154054284095764
-0.7935828566551208,-2.0658822059631348,1.4280184507369995,-1.4467744827270508,1.4477988481521606,-1.5149898529052734,1.4280184507369995,0.33828091621398926
-0.7790833115577698,-2.2057149410247803,1.3957761526107788,-1.4315601587295532,1.5208758115768433,-1.4871195554733276,1.3957761526107788,0.3904276192188263
-0.7488687038421631,-2.3374783992767334,1.3528214693069458,-1.312329888343811,1.6114041805267334,-1.4463077783584595,1.3528214693069458,0.4566413462162018
-0.7480208277702332,-2.4618189334869385,1.2421176433563232,-1.4258933067321777,1.648411750793457,-1.4274866580963135,1.2421176433563232,0.48432135581970215
-0.7348450422286987,-2.5810964107513428,1.2118102312088013,-1.4234181642532349,1.7131965160369873,-1.3913291692733765,1.2118102312088013,0.5337876081466675
-0.7158157229423523,-2.6890921592712402,1.0940003395080566,-1.4092057943344116,1.7490637302398682,-1.3694475889205933,1.0940003395080566,0.5617985129356384
-0.7043012976646423,-2.7949209213256836,1.0665277242660522,-1.4141011238098145,1.7902259826660156,-1.3425861597061157,1.0665277242660522,0.5945676565170288
-0.6954979300498962,-2.8947484493255615,1.0026524066925049,-1.404011845588684,1.8280293941497803,-1.3161678314208984,1.0026524066925049,0.6253153085708618
-0.6824833154678345,-2.9855082035064697,0.9158929586410522,-1.3962229490280151,1.86318838596344,-1.289994478225708,0.9158929586410522,0.6545373797416687
